frame,left_shoulder_x,left_shoulder_y,right_shoulder_x,right_shoulder_y,left_hip_x,left_hip_y,right_hip_x,right_hip_y,left_knee_x,left_knee_y,right_knee_x,right_knee_y,left_ankle_x,left_ankle_y,right_ankle_x,right_ankle_y,left_foot_x,left_foot_y,right_foot_x,right_foot_y,source_video,hip_center_x,hip_center_y,stance_width,footwork_label
frame_0_trim_3.jpg,0.6709452271461487,0.28081214427948,0.660708487033844,0.2891062498092651,0.6722841858863831,0.4754696190357208,0.6711087822914124,0.4735416173934936,0.65924471616745,0.6011185646057129,0.667946457862854,0.5973533391952515,0.66879802942276,0.7347949147224426,0.6795461177825928,0.7194559574127197,0.6351728439331055,0.7643930912017822,0.6518523693084717,0.7441427111625671,open_video_trim_3,0.6716964840888977,0.47450561821460724,0.010748088359832764,Forehand_Backcourt
frame_1_trim_3.jpg,0.6710377335548401,0.2813044786453247,0.6602522134780884,0.2916732430458069,0.6717199087142944,0.4733862280845642,0.6708424687385559,0.4727945029735565,0.6507027745246887,0.5893242955207825,0.6718688607215881,0.5873872637748718,0.6654996275901794,0.7316320538520813,0.6827794313430786,0.7145752906799316,0.6334362626075745,0.7632670998573303,0.6545770764350891,0.7385926246643066,open_video_trim_3,0.6712811887264252,0.47309036552906036,0.01727980375289917,Forehand_Backcourt
frame_10_trim_3.jpg,0.700652003288269,0.2163186371326446,0.6683793663978577,0.2125009596347808,0.6846354007720947,0.3862966299057007,0.6671024560928345,0.386379987001419,0.689078688621521,0.4384703338146209,0.6621534824371338,0.4308226704597473,0.6855601668357849,0.4487600028514862,0.6687303185462952,0.507588803768158,0.6913698315620422,0.4506109952926636,0.6731999516487122,0.5261883735656738,open_video_trim_3,0.6758689284324646,0.3863383084535599,0.016829848289489746,Forehand_Backcourt
frame_100_trim_3.jpg,0.700652003288269,0.2163186371326446,0.6683793663978577,0.2125009596347808,0.6846354007720947,0.3862966299057007,0.6671024560928345,0.386379987001419,0.689078688621521,0.4384703338146209,0.6621534824371338,0.4308226704597473,0.6855601668357849,0.4487600028514862,0.6687303185462952,0.507588803768158,0.6913698315620422,0.4506109952926636,0.6731999516487122,0.5261883735656738,open_video_trim_3,0.6758689284324646,0.3863383084535599,0.016829848289489746,Forehand_Backcourt
frame_101_trim_3.jpg,0.4217926859855652,0.4146328866481781,0.42252317070961,0.4226477146148681,0.4005901217460632,0.5586615800857544,0.4110084474086761,0.5613129138946533,0.3938328623771667,0.6504857540130615,0.4436394870281219,0.6359044313430786,0.3673282265663147,0.7554555535316467,0.4484235942363739,0.7545815110206604,0.3888106048107147,0.7913953065872192,0.4776918590068817,0.7718054056167603,open_video_trim_3,0.40579928457736963,0.5599872469902039,0.0810953676700592,Backhand_Mid
frame_102_trim_3.jpg,0.4289223253726959,0.4376386702060699,0.4281114339828491,0.439560055732727,0.4082032740116119,0.5762396454811096,0.4184635579586029,0.5795274376869202,0.3906334340572357,0.6648154258728027,0.4571633338928222,0.6489282846450806,0.3579169511795044,0.7562196850776672,0.4705400168895721,0.7607535719871521,0.3793980777263641,0.7882334589958191,0.4994440674781799,0.7715644836425781,open_video_trim_3,0.4133334159851074,0.5778835415840149,0.1126230657100677,Backhand_Mid
frame_103_trim_3.jpg,0.4412164986133575,0.4372484385967254,0.4424388706684112,0.4454496800899505,0.4207023382186889,0.5759639143943787,0.4292832612991333,0.5795829892158508,0.4032041430473327,0.6714133620262146,0.4648084640502929,0.6572287082672119,0.3561986684799194,0.746294379234314,0.4669254124164581,0.7757648825645447,0.3646253049373626,0.7883822917938232,0.4961926341056824,0.7874930500984192,open_video_trim_3,0.42499279975891113,0.5777734518051147,0.1107267439365387,Backhand_Mid
frame_104_trim_3.jpg,0.4492376446723938,0.4383042156696319,0.4526784718036651,0.4495280981063843,0.4277212917804718,0.5757767558097839,0.4369913637638092,0.580349862575531,0.4332596659660339,0.6795976161956787,0.4659725129604339,0.6706080436706543,0.3732964098453522,0.7260850071907043,0.4506526887416839,0.7812148332595825,0.3696547448635101,0.7777695059776306,0.4785827994346618,0.8009873628616333,open_video_trim_3,0.4323563277721405,0.5780633091926575,0.07735627889633173,Backhand_Mid
frame_105_trim_3.jpg,0.444711685180664,0.4351020455360412,0.4593295156955719,0.4447792470455169,0.4320999085903168,0.5740786790847778,0.4397129416465759,0.5782650709152222,0.4482432603836059,0.6736548542976379,0.4611265957355499,0.6732457280158997,0.413178414106369,0.7339618802070618,0.4265132844448089,0.7770904302597046,0.4218813776969909,0.765802264213562,0.4506415128707886,0.8041090965270996,open_video_trim_3,0.43590642511844635,0.576171875,0.013334870338439886,Backhand_Mid
frame_106_trim_3.jpg,0.4423555135726928,0.4332962334156036,0.4641059935092926,0.4281504452228546,0.4405632317066192,0.5641975402832031,0.4441628456115722,0.5674753189086914,0.4697499871253967,0.6472466588020325,0.4540286958217621,0.6676750183105469,0.464802473783493,0.7369370460510254,0.4101119339466095,0.7643742561340332,0.48844975233078,0.7686619162559509,0.4259698688983917,0.8036050200462341,open_video_trim_3,0.4423630386590957,0.5658364295959473,0.05469053983688349,Backhand_Mid
frame_107_trim_3.jpg,0.4380521774291992,0.4316115081310272,0.4656354486942291,0.4181528389453888,0.4456733465194702,0.5626750588417053,0.451701670885086,0.5622938275337219,0.4768700003623962,0.6489459276199341,0.4613743126392364,0.6641866564750671,0.4979346096515655,0.7468209862709045,0.4086809158325195,0.7388385534286499,0.5218028426170349,0.7506008744239807,0.4132071733474731,0.8011519908905029,open_video_trim_3,0.44868750870227814,0.5624844431877136,0.08925369381904602,Backhand_Mid
frame_108_trim_3.jpg,0.4370699226856231,0.4401352107524872,0.4685554504394531,0.4204144775867462,0.4486770033836365,0.5745888948440552,0.4608781635761261,0.5691377520561218,0.4808801710605621,0.6551836729049683,0.4827246963977813,0.6669880747795105,0.4919995665550232,0.7577247619628906,0.4222661256790161,0.722637414932251,0.5186241269111633,0.7673592567443848,0.4296712279319763,0.7826511263847351,open_video_trim_3,0.4547775834798813,0.5718633234500885,0.06973344087600708,Backhand_Mid
frame_109_trim_3.jpg,0.4361846148967743,0.4439107477664947,0.471093475818634,0.4213200211524963,0.4523549973964691,0.5786475539207458,0.4648587107658386,0.5722838044166565,0.4830513894557953,0.6554329991340637,0.5027740001678467,0.6592365503311157,0.4767155647277832,0.7589988708496094,0.4651447236537933,0.7299163937568665,0.4991671144962311,0.7771517038345337,0.4701667129993438,0.7740756869316101,open_video_trim_3,0.45860685408115387,0.5754656791687012,0.011570841073989924,Backhand_Mid
frame_11_trim_3.jpg,0.4891532063484192,0.4412648379802704,0.4696583449840545,0.4279043078422546,0.4798688292503357,0.5574104189872742,0.4576342701911926,0.5504655838012695,0.4932661354541778,0.6514610052108765,0.4573267698287964,0.6219279170036316,0.502368152141571,0.7113598585128784,0.4587909877300262,0.6881811022758484,0.5060440301895142,0.7341030240058899,0.4465666711330414,0.7163137793540955,open_video_trim_3,0.46875154972076416,0.5539380013942719,0.043577164411544855,Recovery_Ready
frame_110_trim_3.jpg,0.4519092142581939,0.4396857619285583,0.4720540940761566,0.420757919549942,0.4568382501602173,0.5619800686836243,0.4687987864017486,0.5533124208450317,0.4758430123329162,0.6520227193832397,0.5033473372459412,0.6344064474105835,0.4654189944267273,0.7306451201438904,0.496874988079071,0.729852557182312,0.4819194674491882,0.7556989192962646,0.5209811329841614,0.7244684100151062,open_video_trim_3,0.46281851828098297,0.557646244764328,0.031455993652343694,Recovery_Ready
frame_111_trim_3.jpg,0.4375901520252228,0.4364558458328247,0.4762424230575561,0.4098422825336456,0.4541631937026977,0.5629872679710388,0.4733260571956634,0.5565758347511292,0.4694338142871856,0.6524648070335388,0.5045188665390015,0.6381171941757202,0.4614470601081848,0.7354094386100769,0.5229575634002686,0.7466903924942017,0.4759668409824371,0.7668352127075195,0.5492319464683533,0.7412499189376831,open_video_trim_3,0.46374462544918055,0.559781551361084,0.06151050329208374,Recovery_Ready
frame_112_trim_3.jpg,0.4362823665142059,0.4371290802955627,0.4825886785984039,0.4122521579265594,0.4569666683673858,0.5653536319732666,0.478981077671051,0.557475209236145,0.466490626335144,0.654008686542511,0.50977623462677,0.6468726992607117,0.4436801671981811,0.739234209060669,0.5266731977462769,0.7521309852600098,0.4533339440822601,0.7736919522285461,0.5515973567962646,0.7517750859260559,open_video_trim_3,0.46797387301921844,0.5614144206047058,0.08299303054809576,Backhand_Mid
frame_113_trim_3.jpg,0.4383803606033325,0.4419132769107818,0.489506721496582,0.4148405194282532,0.4623872637748718,0.5709686279296875,0.4850654900074005,0.5626302361488342,0.4646085500717163,0.6573971509933472,0.5182379484176636,0.6487715840339661,0.4349330067634582,0.7391906976699829,0.5205193758010864,0.7570294737815857,0.4381694197654724,0.7793439626693726,0.5443806052207947,0.7606369853019714,open_video_trim_3,0.47372637689113617,0.5667994320392609,0.08558636903762823,Backhand_Mid
frame_114_trim_3.jpg,0.4396623969078064,0.4409465491771698,0.4917439520359039,0.414554625749588,0.4627756476402282,0.5712514519691467,0.4873908460140228,0.5629324913024902,0.4636403620243072,0.6572558283805847,0.5158255100250244,0.6498188376426697,0.4328803420066833,0.7378730177879333,0.5125612616539001,0.7576656937599182,0.4335992634296417,0.7804896235466003,0.536003053188324,0.7669805884361267,open_video_trim_3,0.47508324682712555,0.5670919716358185,0.07968091964721685,Backhand_Mid
frame_115_trim_3.jpg,0.4394676983356476,0.4321808815002441,0.4912929534912109,0.4100915789604187,0.4611011147499084,0.5645365118980408,0.486909955739975,0.5593984127044678,0.4629870355129242,0.6502805352210999,0.5096951723098755,0.6481962203979492,0.4329933226108551,0.7331110239028931,0.5060781240463257,0.7563066482543945,0.4323470890522003,0.7807983756065369,0.5286723971366882,0.7698194980621338,open_video_trim_3,0.4740055352449417,0.5619674623012543,0.07308480143547058,Backhand_Mid
frame_116_trim_3.jpg,0.4387849569320678,0.421981006860733,0.4887926280498504,0.406123548746109,0.4586927592754364,0.5557819604873657,0.4853290319442749,0.5530840158462524,0.4594565331935882,0.6417533159255981,0.5063324570655823,0.64845210313797,0.4328586757183075,0.7288375496864319,0.5019146203994751,0.7559131979942322,0.4331866502761841,0.7806873321533203,0.5230323076248169,0.7732080817222595,open_video_trim_3,0.47201089560985565,0.5544329881668091,0.0690559446811676,Recovery_Ready
frame_117_trim_3.jpg,0.4365375936031341,0.4170505404472351,0.4862630665302276,0.4054433107376098,0.4575752019882202,0.5530257821083069,0.4829559922218323,0.551094114780426,0.4563016593456268,0.6374804973602295,0.5004560947418213,0.6480860710144043,0.4316368699073791,0.7265560030937195,0.4988717138767242,0.7552264928817749,0.4325526654720306,0.7806145548820496,0.519698977470398,0.773940920829773,open_video_trim_3,0.47026559710502625,0.5520599484443665,0.06723484396934509,Recovery_Ready
frame_118_trim_3.jpg,0.4317927360534668,0.4150360524654388,0.485561728477478,0.4073717892169952,0.4527211487293243,0.5547382831573486,0.4803561866283417,0.5524961948394775,0.4516777098178863,0.6402249932289124,0.4957859814167022,0.6488713026046753,0.4279104173183441,0.7269498705863953,0.4984829127788543,0.7541488409042358,0.4299305379390716,0.7811128497123718,0.5181378722190857,0.7752004265785217,open_video_trim_3,0.466538667678833,0.5536172389984131,0.0705724954605102,Recovery_Ready
frame_119_trim_3.jpg,0.4239816963672638,0.4180701076984405,0.4728723466396332,0.4123684465885162,0.4446222186088562,0.5550596714019775,0.4702782034873962,0.5542023181915283,0.4466933310031891,0.6446175575256348,0.4922256767749786,0.6514827013015747,0.4212528169155121,0.7270957231521606,0.491936594247818,0.755358874797821,0.4269673228263855,0.7846706509590149,0.5163094997406006,0.7765647768974304,open_video_trim_3,0.4574502110481262,0.5546309947967529,0.07068377733230591,Backhand_Mid
frame_12_trim_3.jpg,0.4239816963672638,0.4180701076984405,0.4728723466396332,0.4123684465885162,0.4446222186088562,0.5550596714019775,0.4702782034873962,0.5542023181915283,0.4466933310031891,0.6446175575256348,0.4922256767749786,0.6514827013015747,0.4212528169155121,0.7270957231521606,0.491936594247818,0.755358874797821,0.4269673228263855,0.7846706509590149,0.5163094997406006,0.7765647768974304,open_video_trim_3,0.4574502110481262,0.5546309947967529,0.07068377733230591,Backhand_Mid
frame_120_trim_3.jpg,0.413306325674057,0.4290514290332794,0.4551286399364471,0.4274765253067016,0.4330009222030639,0.5770162343978882,0.4557068943977356,0.5736751556396484,0.4390369057655334,0.6652021408081055,0.4821423292160034,0.6582757234573364,0.4104231894016266,0.7470311522483826,0.4847326576709747,0.7593154311180115,0.4184908270835876,0.7930816411972046,0.5067379474639893,0.7737065553665161,open_video_trim_3,0.4443539083003998,0.5753456950187683,0.07430946826934809,Backhand_Mid
frame_121_trim_3.jpg,0.4054594337940216,0.4324169158935547,0.4407278001308441,0.4294186234474182,0.4219626784324646,0.5777840614318848,0.4437059164047241,0.5743740797042847,0.4327848553657532,0.6664802432060242,0.4676262140274048,0.6584871411323547,0.4050846695899963,0.7567721605300903,0.4839214086532593,0.7581771016120911,0.4193883538246155,0.7937318682670593,0.5076161623001099,0.7733997702598572,open_video_trim_3,0.43283429741859436,0.5760790705680847,0.078836739063263,Backhand_Mid
frame_122_trim_3.jpg,0.4012550413608551,0.4351987838745117,0.4238618612289428,0.4318694472312927,0.410205066204071,0.5863156318664551,0.4289895296096802,0.5814354419708252,0.4216130375862121,0.6718326210975647,0.4593539237976074,0.6625017523765564,0.4012827575206756,0.767216682434082,0.4783473610877991,0.7595037221908569,0.4195576012134552,0.7936885356903076,0.5051626563072205,0.7738916873931885,open_video_trim_3,0.4195972979068756,0.5838755369186401,0.07706460356712347,Backhand_Mid
frame_123_trim_3.jpg,0.3960784375667572,0.4268471300601959,0.410182923078537,0.4271280467510223,0.397497147321701,0.5776881575584412,0.4141505658626556,0.5736326575279236,0.4140928983688354,0.6694991588592529,0.4436134696006775,0.6579007506370544,0.4005647599697113,0.7742696404457092,0.456734150648117,0.7629112005233765,0.421569287776947,0.7947044372558594,0.4855023324489593,0.7853094339370728,open_video_trim_3,0.4058238565921783,0.5756604075431824,0.056169390678405706,Backhand_Mid
frame_124_trim_3.jpg,0.3919814229011535,0.404865562915802,0.3970390260219574,0.4046703577041626,0.3863753080368042,0.5560443997383118,0.3992234170436859,0.5565268397331238,0.4013502299785614,0.6569145321846008,0.4217033088207245,0.6501055955886841,0.4009353220462799,0.7681247591972351,0.4174683690071106,0.7626805901527405,0.4216138422489166,0.7877513766288757,0.4415578842163086,0.7928547859191895,open_video_trim_3,0.39279936254024506,0.5562856197357178,0.01653304696083069,Backhand_Mid
frame_125_trim_3.jpg,0.3871200680732727,0.3969170451164245,0.3810952603816986,0.4004707932472229,0.3843964636325836,0.5468438267707825,0.3813971579074859,0.5488671064376831,0.3954710662364959,0.6523469686508179,0.3974839448928833,0.6512535214424133,0.3930382132530212,0.7664241790771484,0.3794802725315094,0.763577938079834,0.4183605313301086,0.787847638130188,0.4003533124923706,0.8046826720237732,open_video_trim_3,0.3828968107700348,0.5478554666042328,0.013557940721511785,Backhand_Mid
frame_126_trim_3.jpg,0.3794191479682922,0.4036311209201813,0.3661356568336487,0.406335711479187,0.3774644136428833,0.5553497672080994,0.3677223324775696,0.5536754131317139,0.3933677673339844,0.6545916795730591,0.3757504224777221,0.664229691028595,0.3746132254600525,0.7645004391670227,0.3373957574367523,0.7721374034881592,0.4012624323368072,0.7927427291870117,0.3523436188697815,0.8220193982124329,open_video_trim_3,0.37259337306022644,0.5545125901699066,0.03721746802330017,Backhand_Mid
frame_127_trim_3.jpg,0.3706493079662323,0.4267189800739288,0.3511070013046264,0.4374477565288543,0.3701352179050445,0.581672728061676,0.3525005578994751,0.5870735049247742,0.3946682512760162,0.6612809300422668,0.3539887964725494,0.6913230419158936,0.3730036616325378,0.7670649290084839,0.3051215410232544,0.7801018953323364,0.400926798582077,0.794706404209137,0.3074303567409515,0.8307128548622131,open_video_trim_3,0.3613178879022598,0.5843731164932251,0.06788212060928339,Backhand_Mid
frame_128_trim_3.jpg,0.3533819615840912,0.4334686696529388,0.3324892818927765,0.4467813968658447,0.3539171814918518,0.5906825661659241,0.335332989692688,0.5991865396499634,0.381853699684143,0.6658115386962891,0.3296817541122436,0.7044022679328918,0.3737950921058655,0.7695552110671997,0.2850587069988251,0.7929293513298035,0.4018053114414215,0.7963730096817017,0.2894715368747711,0.845340371131897,open_video_trim_3,0.3446250855922699,0.5949345529079437,0.0887363851070404,Backhand_Front
frame_129_trim_3.jpg,0.3362244069576263,0.4361145794391632,0.3083761036396026,0.4423502683639526,0.3324910700321197,0.5929883122444153,0.3099116086959839,0.5988596677780151,0.3550918400287628,0.6742663383483887,0.3124161064624786,0.7055014371871948,0.3719753623008728,0.7684271931648254,0.2764625549316406,0.8038373589515686,0.4012263119220733,0.7963204383850098,0.2885567247867584,0.8487139344215393,open_video_trim_3,0.3212013393640518,0.5959239900112152,0.09551280736923218,Backhand_Front
frame_13_trim_3.jpg,0.3077467083930969,0.3154207468032837,0.3337098062038421,0.2968707978725433,0.305844247341156,0.4880519211292267,0.3307707607746124,0.4690451025962829,0.3257873356342315,0.5194816589355469,0.3438854515552521,0.541656494140625,0.3086730241775512,0.6141870617866516,0.3301613926887512,0.6616150736808777,0.3281453549861908,0.6327090263366699,0.3525140583515167,0.6917566657066345,open_video_trim_3,0.3183075040578842,0.4785485118627548,0.021488368511200007,Backhand_Backcourt
frame_130_trim_3.jpg,0.3110426664352417,0.3983031213283539,0.2866710126399994,0.3971099257469177,0.3109944462776184,0.5703495740890503,0.2917206585407257,0.5799589157104492,0.3324472308158874,0.653472900390625,0.2965370416641235,0.6945006251335144,0.339939147233963,0.7503283619880676,0.2777149379253387,0.792374312877655,0.3664095997810364,0.7728361487388611,0.290754497051239,0.8374892473220825,open_video_trim_3,0.30135755240917206,0.5751542448997498,0.06222420930862432,Backhand_Mid
frame_131_trim_3.jpg,0.2943487465381622,0.4006287753582001,0.2619548738002777,0.3987727761268616,0.2901407480239868,0.5701186656951904,0.2663644254207611,0.5768242478370667,0.3051602244377136,0.671848475933075,0.2752268016338348,0.6897357702255249,0.3020810186862945,0.7759729027748108,0.2721563875675201,0.7974267601966858,0.3281414210796356,0.8149009943008423,0.2919674813747406,0.843682587146759,open_video_trim_3,0.27825258672237396,0.5734714567661285,0.029924631118774414,Backhand_Mid
frame_132_trim_3.jpg,0.27893728017807,0.395099401473999,0.2320259362459182,0.3909306526184082,0.2680020928382873,0.5603875517845154,0.2398750633001327,0.5630397200584412,0.2782824635505676,0.6722481846809387,0.2492714971303939,0.6819924116134644,0.2688410878181457,0.7868616580963135,0.2468737214803695,0.79023277759552,0.289919763803482,0.8331987857818604,0.2655957043170929,0.83986896276474,open_video_trim_3,0.25393857806921,0.5617136359214783,0.021967366337776184,Backhand_Mid
frame_133_trim_3.jpg,0.2591480314731598,0.4015364050865173,0.2077348828315735,0.395720899105072,0.2513949573040008,0.5707893371582031,0.2186954021453857,0.5693809390068054,0.2617696225643158,0.6864022016525269,0.2146125882863998,0.6935521960258484,0.2481911480426788,0.8098753690719604,0.1986074298620224,0.8053401708602905,0.258405327796936,0.8606709837913513,0.2036215662956237,0.8610867261886597,open_video_trim_3,0.23504517972469324,0.5700851380825043,0.049583718180656405,Backhand_Mid
frame_134_trim_3.jpg,0.2480123192071914,0.4266278445720672,0.1899466514587402,0.4290861487388611,0.2388195097446441,0.5959612727165222,0.1998760402202606,0.5937435030937195,0.258208155632019,0.7145279049873352,0.1787677109241485,0.7146601676940918,0.2464116215705871,0.8275314569473267,0.1511783748865127,0.8383941650390625,0.2617309689521789,0.8697595596313477,0.1404994279146194,0.8754010796546936,open_video_trim_3,0.21934777498245234,0.5948523879051208,0.0952332466840744,Backhand_Front
frame_135_trim_3.jpg,0.226202517747879,0.4455378353595733,0.1639454960823059,0.4489010274410248,0.2175896316766739,0.6236079335212708,0.1762601435184478,0.622536838054657,0.2495936006307602,0.7238225340843201,0.1439727395772934,0.7349145412445068,0.2494732439517974,0.8281894326210022,0.1114180162549018,0.8608304858207703,0.2652394473552704,0.8683226704597473,0.1000961437821388,0.9042955040931702,open_video_trim_3,0.19692488759756083,0.6230723857879639,0.1380552276968956,Backhand_Front
frame_136_trim_3.jpg,0.198785126209259,0.4478365480899811,0.1325760632753372,0.4457842111587524,0.1871459186077118,0.6223854422569275,0.147913709282875,0.6256129145622253,0.2231872081756591,0.7248715758323669,0.1212357804179191,0.7511395215988159,0.2487331181764602,0.8253558278083801,0.1005104407668113,0.8788237571716309,0.2700864672660827,0.8675008416175842,0.0924526751041412,0.9307413101196288,open_video_trim_3,0.1675298139452934,0.6239991784095764,0.1482226774096489,Backhand_Front
frame_137_trim_3.jpg,0.1834001839160919,0.4515698850154876,0.1186603680253028,0.4404009878635406,0.1753474175930023,0.6271283030509949,0.1376828402280807,0.6321253180503845,0.2085012048482895,0.7282291650772095,0.1269014626741409,0.7659102082252502,0.2282715290784835,0.8361408114433289,0.1243767663836479,0.885759711265564,0.2550066411495209,0.8755627870559692,0.1195034310221672,0.93274986743927,open_video_trim_3,0.15651512891054148,0.6296268105506897,0.1038947626948356,Backhand_Front
frame_138_trim_3.jpg,0.1912030130624771,0.4377415478229522,0.1292215287685394,0.4194093346595764,0.1788305193185806,0.6139290928840637,0.1406427025794983,0.6217166781425476,0.1954686939716339,0.7298078536987305,0.1444195061922073,0.7436241507530212,0.2016778141260147,0.8523352742195129,0.1512936204671859,0.8705261945724487,0.2148661315441131,0.9001141786575317,0.1580168604850769,0.9261545538902284,open_video_trim_3,0.15973661094903946,0.6178228855133057,0.05038419365882882,Backhand_Front
frame_139_trim_3.jpg,0.2065527290105819,0.4143320620059967,0.1420116126537323,0.4014753699302673,0.1908597648143768,0.6066197156906128,0.1536933332681656,0.6054115891456604,0.1939924657344818,0.7248497605323792,0.1517687439918518,0.7327781915664673,0.19291652739048,0.8609204888343811,0.1567959636449813,0.8596621751785278,0.1883189380168914,0.9160415530204772,0.1577584892511367,0.920803427696228,open_video_trim_3,0.1722765490412712,0.6060156524181366,0.03612056374549871,Backhand_Front
frame_14_trim_3.jpg,0.2065527290105819,0.4143320620059967,0.1420116126537323,0.4014753699302673,0.1908597648143768,0.6066197156906128,0.1536933332681656,0.6054115891456604,0.1939924657344818,0.7248497605323792,0.1517687439918518,0.7327781915664673,0.19291652739048,0.8609204888343811,0.1567959636449813,0.8596621751785278,0.1883189380168914,0.9160415530204772,0.1577584892511367,0.920803427696228,open_video_trim_3,0.1722765490412712,0.6060156524181366,0.03612056374549871,Backhand_Front
frame_140_trim_3.jpg,0.2270211577415466,0.4159657955169678,0.1639442294836044,0.4201543927192688,0.2107587307691574,0.6066383719444275,0.1711904853582382,0.6007078886032104,0.2139185070991516,0.7453495264053345,0.150571122765541,0.7359492778778076,0.2095688879489898,0.8806554079055786,0.1421987116336822,0.8668128252029419,0.2006888538599014,0.9310048818588256,0.1235294342041015,0.9241057634353638,open_video_trim_3,0.19097460806369781,0.603673130273819,0.06737017631530762,Backhand_Front
frame_141_trim_3.jpg,0.23932446539402,0.4370530843734741,0.1796581447124481,0.4412453770637512,0.2228938192129135,0.6369644403457642,0.1842478662729263,0.6312287449836731,0.2401805371046066,0.7622443437576294,0.1482158303260803,0.7441409826278687,0.2484891414642334,0.8823297619819641,0.1238207668066024,0.8677036762237549,0.2438521087169647,0.9309827089309692,0.0927458778023719,0.9201403856277466,open_video_trim_3,0.20357084274291992,0.6340965926647186,0.124668374657631,Backhand_Front
frame_142_trim_3.jpg,0.2452565133571624,0.4471237659454345,0.1833588182926178,0.4554918110370636,0.2324328869581222,0.6503510475158691,0.1925702840089798,0.6465765237808228,0.2682696878910064,0.767176628112793,0.1479360908269882,0.7510416507720947,0.291301816701889,0.8774259090423584,0.1150721386075019,0.8677639961242676,0.2882855534553528,0.9301097393035888,0.0837720111012458,0.9179921746253968,open_video_trim_3,0.212501585483551,0.648463785648346,0.17622967809438708,Backhand_Front
frame_143_trim_3.jpg,0.2413367927074432,0.4496203362941742,0.1794751286506652,0.4653001427650451,0.2293077558279037,0.6551545262336731,0.188344344496727,0.6540870666503906,0.2731394171714782,0.7635908722877502,0.1431427747011184,0.7639130353927612,0.3142970204353332,0.871673583984375,0.1224870756268501,0.8778920769691467,0.3222112655639648,0.9231807589530944,0.0957266241312027,0.9275699257850648,open_video_trim_3,0.20882605016231534,0.6546207964420319,0.1918099448084831,Backhand_Front
frame_144_trim_3.jpg,0.2226047366857528,0.4541665315628052,0.1638226360082626,0.4697955846786499,0.2187550216913223,0.659942626953125,0.1791717261075973,0.6611111760139465,0.2622568309307098,0.7657203674316406,0.1383386105298996,0.7810977697372437,0.295170783996582,0.8663759231567383,0.1424359530210495,0.8828615546226501,0.3109804093837738,0.9083729386329652,0.1131344512104988,0.9293743968009948,open_video_trim_3,0.19896337389945978,0.6605269014835358,0.15273483097553248,Backhand_Front
frame_145_trim_3.jpg,0.2100498527288437,0.4277766048908233,0.1495881229639053,0.4534908235073089,0.2053082287311554,0.6288960576057434,0.1679219603538513,0.6413610577583313,0.2300415784120559,0.7492955923080444,0.1467277109622955,0.7699354290962219,0.2393315136432647,0.8507897853851318,0.1550599932670593,0.8779269456863403,0.2582095265388489,0.903563678264618,0.1338371932506561,0.9289790987968444,open_video_trim_3,0.18661509454250336,0.6351285576820374,0.08427152037620539,Backhand_Front
frame_146_trim_3.jpg,0.2044561207294464,0.3936832845211029,0.1356709003448486,0.4156408011913299,0.1955592185258865,0.5934875011444092,0.1567931175231933,0.5951255559921265,0.1973671019077301,0.727755606174469,0.1459134519100189,0.7320317029953003,0.1886594891548156,0.8303173780441284,0.1494355648756027,0.8381147980690002,0.1818888485431671,0.8961307406425476,0.1422256082296371,0.9129438996315002,open_video_trim_3,0.1761761680245399,0.5943065285682678,0.039223924279212896,Backhand_Front
frame_147_trim_3.jpg,0.1996745020151138,0.3919055163860321,0.1333665400743484,0.3780546188354492,0.1867095530033111,0.5790963768959045,0.1455957591533661,0.5745916962623596,0.1828602850437164,0.7215527892112732,0.1254960596561432,0.7142143249511719,0.1723778396844864,0.8395280838012695,0.1141340285539627,0.829898476600647,0.166077509522438,0.9020034074783324,0.0995805412530899,0.8960997462272644,open_video_trim_3,0.1661526560783386,0.5768440365791321,0.058243811130523696,Backhand_Mid
frame_148_trim_3.jpg,0.189863309264183,0.3933119773864746,0.1286974549293518,0.3824880719184875,0.1723693311214447,0.5915095806121826,0.1327564418315887,0.5822991728782654,0.1788238734006881,0.7318148612976074,0.0978594943881034,0.7245276570320129,0.1698290556669235,0.8552221655845642,0.0690505281090736,0.8424010872840881,0.1680170446634292,0.9179507493972778,0.0463221110403537,0.897433340549469,open_video_trim_3,0.1525628864765167,0.586904376745224,0.1007785275578499,Backhand_Mid
frame_149_trim_3.jpg,0.1789853721857071,0.455806165933609,0.1222997158765792,0.4131575226783752,0.1590087711811065,0.6409322619438171,0.1172866821289062,0.627844512462616,0.176028698682785,0.7667797207832336,0.0718236789107322,0.7632603049278259,0.170559212565422,0.8633154034614563,0.0389381721615791,0.8812972903251648,0.1765607297420501,0.9263120293617249,0.0169755183160305,0.9404261708259584,open_video_trim_3,0.13814772665500635,0.6343883872032166,0.1316210404038429,Backhand_Front
frame_15_trim_3.jpg,0.2242340743541717,0.4023074209690094,0.2633670270442962,0.4153363704681396,0.1868138611316681,0.5422501564025879,0.2079077810049057,0.5699900984764099,0.2662241160869598,0.5493288040161133,0.2861789762973785,0.5675641298294067,0.2959936857223511,0.6168182492256165,0.323247492313385,0.6713851094245911,0.3135773837566376,0.6408087015151978,0.3516760468482971,0.6996655464172363,open_video_trim_3,0.1973608210682869,0.5561201274394989,0.027253806591033936,Backhand_Mid
frame_150_trim_3.jpg,0.1791179925203323,0.5007101893424988,0.1338973939418792,0.4562138617038727,0.1498264819383621,0.6746253967285156,0.1120592281222343,0.6636114716529846,0.1797940880060196,0.7838178873062134,0.0722461491823196,0.7754428386688232,0.1823938488960266,0.854658842086792,0.0560317635536193,0.8833897113800049,0.1958176642656326,0.8998878598213196,0.0380337201058864,0.912926197052002,open_video_trim_3,0.1309428550302982,0.6691184341907501,0.1263620853424073,Backhand_Front
frame_151_trim_3.jpg,0.1823423951864242,0.5122931599617004,0.1283923685550689,0.4883494079113006,0.1519832015037536,0.6878531575202942,0.1108873859047889,0.681360125541687,0.1864456981420517,0.787227213382721,0.0655689537525177,0.7972185015678406,0.1828933656215667,0.8757895231246948,0.0550274364650249,0.9006088972091675,0.197277620434761,0.9236346483230592,0.0315276831388473,0.9480972290039062,open_video_trim_3,0.13143529370427126,0.6846066415309906,0.1278659291565418,Backhand_Front
frame_152_trim_3.jpg,0.1891486048698425,0.5064593553543091,0.1398615837097168,0.4908689260482788,0.1640974134206771,0.6826748847961426,0.1274389922618866,0.6779810190200806,0.1966304779052734,0.7804123759269714,0.0838749483227729,0.7912935018539429,0.1914313286542892,0.8719019293785095,0.0632757470011711,0.8993735909461975,0.2029819935560226,0.9250717759132384,0.0401221998035907,0.9468713402748108,open_video_trim_3,0.14576820284128184,0.6803279519081116,0.12815558165311808,Backhand_Front
frame_153_trim_3.jpg,0.2242850661277771,0.4893094599246979,0.1753761768341064,0.4778886437416076,0.1962714344263076,0.6677712202072144,0.1603512614965438,0.6623462438583374,0.2270037084817886,0.7733110189437866,0.1067290604114532,0.7759355306625366,0.1980799734592437,0.8725646734237671,0.0789921805262565,0.8916557431221008,0.207744225859642,0.9276538491249084,0.051475066691637,0.943930208683014,open_video_trim_3,0.1783113479614257,0.6650587320327759,0.11908779293298719,Backhand_Front
frame_154_trim_3.jpg,0.2566476464271545,0.4646561443805694,0.2068297863006591,0.4644056856632232,0.2284168899059295,0.6625683307647705,0.1932135969400406,0.6479861736297607,0.2380046993494033,0.7690311074256897,0.1541993618011474,0.771851122379303,0.2000438570976257,0.873047947883606,0.1273326575756073,0.883233368396759,0.2111864537000656,0.9253271818161012,0.1067865267395973,0.93529212474823,open_video_trim_3,0.21081524342298505,0.6552772521972656,0.0727111995220184,Backhand_Front
frame_155_trim_3.jpg,0.2814401090145111,0.4296304285526275,0.2315606921911239,0.4293014109134674,0.2579132616519928,0.6203979253768921,0.2246201634407043,0.6090896129608154,0.2505739331245422,0.7536432147026062,0.2054481357336044,0.7419388890266418,0.218404158949852,0.8675934672355652,0.1893455386161804,0.8697428107261658,0.2185553759336471,0.924568772315979,0.1872849315404892,0.930722713470459,open_video_trim_3,0.24126671254634854,0.6147437691688538,0.029058620333671598,Backhand_Front
frame_156_trim_3.jpg,0.2991212904453277,0.41044482588768,0.256746381521225,0.4182182252407074,0.2819597125053406,0.599530041217804,0.2489464730024337,0.5953033566474915,0.2890116572380066,0.7330178618431091,0.2392989993095398,0.7279826998710632,0.26312917470932,0.8490517735481262,0.2267179936170578,0.858250081539154,0.2716817259788513,0.9228105545043944,0.2356916964054107,0.9294633865356444,open_video_trim_3,0.2654530927538871,0.5974166989326477,0.03641118109226221,Backhand_Front
frame_157_trim_3.jpg,0.3097878694534302,0.4250176250934601,0.278864175081253,0.4258222281932831,0.2966547906398773,0.6072600483894348,0.2649951875209808,0.6069214940071106,0.3294614255428314,0.7261950373649597,0.2515920102596283,0.7308208346366882,0.323844701051712,0.8492987751960754,0.2373876124620437,0.8641480207443237,0.3537236154079437,0.90839284658432,0.2492069602012634,0.927992045879364,open_video_trim_3,0.2808249890804291,0.6070907711982727,0.08645708858966827,Backhand_Front
frame_158_trim_3.jpg,0.3300819993019104,0.4518493115901947,0.3028948605060577,0.4675982594490051,0.3177644312381744,0.6303821802139282,0.2895327806472778,0.6391007900238037,0.3654867708683014,0.7297592759132385,0.2619231939315796,0.7542871832847595,0.389113038778305,0.8506245613098145,0.2356427758932113,0.8714349269866943,0.4286560118198395,0.8690196871757507,0.2469303607940673,0.9270581007003784,open_video_trim_3,0.3036486059427261,0.634741485118866,0.1534702628850937,Backhand_Front
frame_159_trim_3.jpg,0.3582336604595184,0.4585011601448059,0.3395731747150421,0.4787802100181579,0.3456630408763885,0.6440749764442444,0.3229595720767975,0.6528704762458801,0.3901486694812774,0.7342915534973145,0.2907914817333221,0.7704887390136719,0.4099392592906952,0.8686157464981079,0.2443167865276336,0.8676436543464661,0.4456323981285095,0.8733869194984436,0.2451793402433395,0.926445245742798,open_video_trim_3,0.334311306476593,0.6484727263450623,0.16562247276306158,Backhand_Front
frame_16_trim_3.jpg,0.3264514207839966,0.3251293003559112,0.3409253656864166,0.328403890132904,0.3150015473365783,0.5122036933898926,0.3359900712966919,0.5149301290512085,0.3311365246772766,0.5331258177757263,0.3563685417175293,0.5756751298904419,0.3302033543586731,0.6164326667785645,0.3333474993705749,0.6842107176780701,0.3530040085315704,0.6261118054389954,0.3588965237140655,0.712969958782196,open_video_trim_3,0.32549580931663513,0.5135669112205505,0.0031441450119018,Backhand_Backcourt
frame_160_trim_3.jpg,0.3768124580383301,0.4427979290485382,0.3676088452339172,0.4534669518470764,0.3669429123401642,0.630012035369873,0.3528634309768677,0.6365360617637634,0.4091710746288299,0.711615264415741,0.3435169756412506,0.7688431143760681,0.4089445173740387,0.8564934730529785,0.276520311832428,0.7596041560173035,0.4410094022750854,0.8698133230209351,0.2720723152160644,0.7951019406318665,open_video_trim_3,0.35990317165851593,0.6332740485668182,0.13242420554161072,Backhand_Front
frame_161_trim_3.jpg,0.3930562138557434,0.4426612555980682,0.3867493867874145,0.4574728310108185,0.3770972788333893,0.6316776275634766,0.3765914142131805,0.6397622227668762,0.4052540361881256,0.7436062693595886,0.3964688181877136,0.7627570629119873,0.3999570608139038,0.8781269192695618,0.3283731639385223,0.7875336408615112,0.4324356019496918,0.9001773595809937,0.327292650938034,0.8845949172973633,open_video_trim_3,0.3768443465232849,0.6357199251651764,0.07158389687538153,Backhand_Front
frame_162_trim_3.jpg,0.4015554189682007,0.4388059973716736,0.3940435647964477,0.4481770694255829,0.3832238316535949,0.6309743523597717,0.3823407292366028,0.6363734602928162,0.3995967507362366,0.7460410594940186,0.4168728291988373,0.7540894150733948,0.3879185020923614,0.8725377917289734,0.3808088004589081,0.8549015522003174,0.4146520793437958,0.9084680080413818,0.4026602208614349,0.9152889847755432,open_video_trim_3,0.3827822804450989,0.633673906326294,0.007109701633453314,Backhand_Front
frame_163_trim_3.jpg,0.3866111934185028,0.4386091828346252,0.3922300636768341,0.447237491607666,0.3728481531143188,0.6292178630828857,0.3838102221488952,0.6333088278770447,0.3856192231178283,0.7407421469688416,0.4226370751857757,0.7502527236938477,0.3647886514663696,0.8680817484855652,0.4295877516269684,0.8908594846725464,0.3903671503067016,0.9058810472488404,0.4663337171077728,0.9190950989723206,open_video_trim_3,0.378329187631607,0.6312633454799652,0.06479910016059881,Backhand_Front
frame_164_trim_3.jpg,0.3646563291549682,0.4540021419525146,0.3821845054626465,0.464196503162384,0.3511182963848114,0.6445988416671753,0.3708310723304748,0.6509276032447815,0.3697161972522735,0.7566882371902466,0.4136157631874084,0.7629186511039734,0.3239271342754364,0.886484682559967,0.4551348388195038,0.9036537408828736,0.3518982231616974,0.9097090363502502,0.4953885078430176,0.9068213701248168,open_video_trim_3,0.3609746843576431,0.6477632224559784,0.13120770454406738,Backhand_Front
frame_165_trim_3.jpg,0.3550004363059997,0.4668826758861542,0.3675751090049743,0.4797046780586242,0.33872851729393,0.663325846195221,0.3555169105529785,0.669583261013031,0.3135364353656769,0.7742442488670349,0.4085948169231415,0.7724111676216125,0.2706107795238495,0.8868154287338257,0.4430990219116211,0.9135622382164,0.2954609096050262,0.9120889902114868,0.4847261309623718,0.9062645435333252,open_video_trim_3,0.3471227139234543,0.666454553604126,0.1724882423877716,Backhand_Front
frame_166_trim_3.jpg,0.3381060361862182,0.4663487374782562,0.3622635900974273,0.4770959913730621,0.3256549537181854,0.6660150289535522,0.3499939143657684,0.6714772582054138,0.2953902781009674,0.774113655090332,0.4057551622390747,0.7754523754119873,0.2446215152740478,0.8856759071350098,0.4134823083877563,0.9256693720817566,0.2547642588615417,0.9077894687652588,0.4512431025505066,0.943559229373932,open_video_trim_3,0.33782443404197693,0.668746143579483,0.1688607931137085,Backhand_Front
frame_167_trim_3.jpg,0.3269616067409515,0.4620341360569,0.3588920831680298,0.4701047837734222,0.3202123045921325,0.663406252861023,0.3462516963481903,0.6664379239082336,0.3067845404148102,0.7744434475898743,0.3934738934040069,0.7784103155136108,0.2605722546577453,0.8887879252433777,0.3810111880302429,0.9234898686408995,0.268128752708435,0.9377887845039368,0.4147891998291015,0.949552059173584,open_video_trim_3,0.33323200047016144,0.6649220883846283,0.12043893337249761,Backhand_Front
frame_168_trim_3.jpg,0.3223136365413666,0.4575338661670685,0.3549161553382873,0.4572457671165466,0.3184773325920105,0.6568623185157776,0.3441713750362396,0.6597014665603638,0.3150987327098846,0.7742109894752502,0.3923095464706421,0.7717203497886658,0.2739735841751098,0.9019551873207092,0.3677579164505005,0.9101292490959167,0.2966841459274292,0.9520620703697203,0.3967738449573517,0.9571747779846193,open_video_trim_3,0.33132435381412506,0.6582818925380707,0.09378433227539068,Backhand_Front
frame_169_trim_3.jpg,0.3275107145309448,0.4574193358421325,0.3563778698444366,0.4578599631786346,0.321537971496582,0.6686123609542847,0.3497321903705597,0.6661628484725952,0.3408010601997375,0.7942324876785278,0.4096802175045013,0.7692072987556458,0.3219437897205353,0.9386800527572632,0.3854551911354065,0.9179277420043944,0.3472383916378021,0.9813662767410278,0.4191500842571258,0.9677553772926332,open_video_trim_3,0.33563508093357086,0.6673876047134399,0.06351140141487122,Backhand_Front
frame_17_trim_3.jpg,0.3270092010498047,0.3289120495319366,0.3503793776035309,0.3277140855789184,0.3213285803794861,0.5176692605018616,0.3399049639701843,0.5371317267417908,0.3322035074234009,0.5504740476608276,0.3667560219764709,0.5847237706184387,0.3204564452171325,0.630305290222168,0.3425522446632385,0.6880311965942383,0.3433264195919037,0.6455950140953064,0.3694957494735718,0.712849497795105,open_video_trim_3,0.3306167721748352,0.5274004936218262,0.022095799446106013,Backhand_Mid
frame_170_trim_3.jpg,0.3403949439525604,0.4391801655292511,0.36834916472435,0.45880126953125,0.3378614783287048,0.6505734920501709,0.3603756725788116,0.6562384366989136,0.3513913452625274,0.7900265455245972,0.4287801682949066,0.7460340857505798,0.3203012347221374,0.9453638792037964,0.4495768845081329,0.9049934148788452,0.3415472209453583,0.963191032409668,0.4903349280357361,0.905400574207306,open_video_trim_3,0.3491185754537582,0.6534059643745422,0.12927564978599548,Backhand_Front
frame_171_trim_3.jpg,0.3680994808673858,0.4783129096031189,0.3988147675991058,0.4932711124420166,0.3642692565917969,0.696549117565155,0.3891941010951996,0.6965444684028625,0.3567842543125152,0.8197502493858337,0.4554198682308197,0.7910635471343994,0.3084428906440735,0.9502514600753784,0.507093071937561,0.9338241219520568,0.3300581872463226,0.9806663393974304,0.54972243309021,0.9209118485450744,open_video_trim_3,0.37673167884349823,0.6965467929840088,0.19865018129348755,Backhand_Front
frame_172_trim_3.jpg,0.3974829316139221,0.4888528883457184,0.4433778524398803,0.5376269817352295,0.3869465291500091,0.7097882032394409,0.4140816628932953,0.7150646448135376,0.3674188256263733,0.8348172307014465,0.4804452657699585,0.819672167301178,0.3058965504169464,0.9410912990570068,0.5428621172904968,0.952282965183258,0.3172748684883117,0.991079807281494,0.5820388793945312,0.9246634244918824,open_video_trim_3,0.4005140960216522,0.7124264240264893,0.23696556687355042,Backhand_Front
frame_173_trim_3.jpg,0.4431481063365936,0.5152446031570435,0.4820685982704162,0.5833578705787659,0.417074978351593,0.7279532551765442,0.4400843381881714,0.7481337189674377,0.3911377489566803,0.8511773347854614,0.506799042224884,0.8491557836532593,0.3124406635761261,0.935925543308258,0.5544145107269287,0.9840919971466064,0.308043509721756,0.994425654411316,0.5901428461074829,1.002384066581726,open_video_trim_3,0.4285796582698822,0.738043487071991,0.2419738471508026,Backhand_Front
frame_174_trim_3.jpg,0.4778982400894165,0.5460196137428284,0.5265752077102661,0.6376188397407532,0.4373592436313629,0.7555455565452576,0.4707384407520294,0.7764728665351868,0.4080565273761749,0.8676431775093079,0.5363011956214905,0.844687819480896,0.3301858901977539,0.933367908000946,0.5634916424751282,0.98893004655838,0.3127823770046234,0.9856072068214417,0.5911409854888916,1.0119277238845823,open_video_trim_3,0.45404884219169617,0.7660092115402222,0.23330575227737427,Backhand_Front
frame_175_trim_3.jpg,0.5084579586982727,0.545983612537384,0.5464144349098206,0.6638604402542114,0.4473648965358734,0.7521680593490601,0.4737057387828827,0.7770735621452332,0.4280596077442169,0.8622714281082153,0.5413358211517334,0.8509801030158997,0.3486910760402679,0.9284906387329102,0.5602434277534485,0.9890783429145812,0.3281601369380951,0.988446056842804,0.5831831097602844,1.0102847814559937,open_video_trim_3,0.46053531765937805,0.7646208107471466,0.2115523517131806,Backhand_Front
frame_176_trim_3.jpg,0.5187852382659912,0.5382740497589111,0.5565024018287659,0.6566590666770935,0.4481324553489685,0.7390316724777222,0.4770406186580658,0.7678759694099426,0.4425307810306549,0.846508264541626,0.5387450456619263,0.8447774648666382,0.3651518523693084,0.9250063300132751,0.5534222722053528,0.9899715781211852,0.3457532227039337,0.986111342906952,0.5773891806602478,1.0060324668884275,open_video_trim_3,0.46258653700351715,0.7534538209438324,0.18827041983604437,Backhand_Front
frame_177_trim_3.jpg,0.5218445658683777,0.5255601406097412,0.5576794147491455,0.6355116367340088,0.4475695490837097,0.7259865999221802,0.4738032221794128,0.7459012866020203,0.4457721412181854,0.8368443846702576,0.5343285202980042,0.8418054580688477,0.3731856942176819,0.92236989736557,0.5461798310279846,0.9838370084762572,0.3604384362697601,0.9827173352241516,0.5713185667991638,1.0085710287094116,open_video_trim_3,0.4606863856315613,0.7359439432621002,0.17299413681030273,Backhand_Front
frame_178_trim_3.jpg,0.5117927193641663,0.5016471743583679,0.5514758229255676,0.6054703593254089,0.4438864290714264,0.6894991397857666,0.4683700501918793,0.7184507846832275,0.4415966868400574,0.8128689527511597,0.5230749249458313,0.8381648063659668,0.3768798410892486,0.9172767996788024,0.5425106883049011,0.9803581833839417,0.3715585470199585,0.9782643914222716,0.566060483455658,1.004866361618042,open_video_trim_3,0.45612823963165283,0.7039749622344971,0.16563084721565252,Backhand_Front
frame_179_trim_3.jpg,0.4967952966690063,0.4568559229373932,0.5362034440040588,0.5452613830566406,0.4400719702243805,0.6621319651603699,0.4619776010513305,0.688101589679718,0.4364220798015594,0.7885202765464783,0.5104963779449463,0.8319206237792969,0.3780618011951446,0.9085394144058228,0.5342037081718445,0.9735774397850036,0.3842571675777435,0.9754937291145324,0.557236909866333,1.0002297163009644,open_video_trim_3,0.45102478563785553,0.675116777420044,0.15614190697669988,Backhand_Front
frame_18_trim_3.jpg,0.4967952966690063,0.4568559229373932,0.5362034440040588,0.5452613830566406,0.4400719702243805,0.6621319651603699,0.4619776010513305,0.688101589679718,0.4364220798015594,0.7885202765464783,0.5104963779449463,0.8319206237792969,0.3780618011951446,0.9085394144058228,0.5342037081718445,0.9735774397850036,0.3842571675777435,0.9754937291145324,0.557236909866333,1.0002297163009644,open_video_trim_3,0.45102478563785553,0.675116777420044,0.15614190697669988,Backhand_Front
frame_180_trim_3.jpg,0.4701068103313446,0.4456396996974945,0.5186265110969543,0.506524920463562,0.4297334551811218,0.6557328104972839,0.4544843733310699,0.6722331643104553,0.4342222511768341,0.7870699167251587,0.5082547664642334,0.8075039386749268,0.378242552280426,0.9034909009933472,0.5101230144500732,0.9837176203727722,0.3940212428569793,0.958325207233429,0.5316414833068848,1.0168777704238892,open_video_trim_3,0.4421089142560959,0.6639829874038696,0.13188046216964722,Backhand_Front
frame_181_trim_3.jpg,0.4540676474571228,0.4727674126625061,0.5031453967094421,0.5098927021026611,0.4255269467830658,0.6842297315597534,0.451955646276474,0.7006810307502747,0.4342299997806549,0.8033468723297119,0.5100676417350769,0.8209943771362305,0.3755613267421722,0.912398397922516,0.4942290484905243,0.9873569011688232,0.3940199315547943,0.9580785632133484,0.5160375833511353,1.0175597667694092,open_video_trim_3,0.4387412965297699,0.692455381155014,0.1186677217483521,Backhand_Front
frame_182_trim_3.jpg,0.428132951259613,0.4897522628307342,0.4808568656444549,0.5134674906730652,0.4143411815166473,0.6985062956809998,0.4390332996845245,0.7126235365867615,0.4317415952682495,0.8104346990585327,0.5041341185569763,0.8275609612464905,0.3738047480583191,0.9177812337875366,0.4885556995868683,0.9960047006607056,0.393076092004776,0.9580800533294678,0.5127174854278564,1.0208299160003662,open_video_trim_3,0.4266872406005859,0.7055649161338806,0.1147509515285492,Backhand_Front
frame_183_trim_3.jpg,0.4052673578262329,0.4813562929630279,0.4523361623287201,0.4981478750705719,0.3972101509571075,0.6900728940963745,0.4224743545055389,0.7029620409011841,0.4163603782653808,0.8068228960037231,0.4665127098560333,0.8253211975097656,0.3661878407001495,0.928931474685669,0.4847315549850464,0.9920747876167296,0.3929277658462524,0.9595447778701782,0.5067557096481323,1.0110114812850952,open_video_trim_3,0.4098422527313232,0.6965174674987793,0.1185437142848969,Backhand_Front
frame_184_trim_3.jpg,0.3818184435367584,0.4753709435462951,0.4259322881698608,0.4781540334224701,0.3789778351783752,0.672198474407196,0.4043672680854797,0.6796844601631165,0.3954876959323883,0.806283712387085,0.4381085932254791,0.8060460686683655,0.3644086718559265,0.9350066781044006,0.457648366689682,0.9646365642547609,0.3924314081668854,0.9598116278648376,0.4882908463478088,0.9953516125679016,open_video_trim_3,0.39167255163192743,0.6759414672851562,0.0932396948337555,Backhand_Front
frame_185_trim_3.jpg,0.3650340139865875,0.4417186379432678,0.4047415852546692,0.4433212578296661,0.3647398352622986,0.642717182636261,0.3896802067756653,0.6480096578598022,0.3845197558403015,0.783535361289978,0.4187155663967132,0.7746725678443909,0.3631154298782348,0.9329653382301332,0.4121400415897369,0.935534417629242,0.3918532133102417,0.9598121047019958,0.4400945603847503,0.981542944908142,open_video_trim_3,0.37721002101898193,0.6453634202480316,0.049024611711502075,Backhand_Front
frame_186_trim_3.jpg,0.3467134237289428,0.4077570736408233,0.390088140964508,0.4045847058296203,0.3513993620872497,0.6093955039978027,0.3802717626094818,0.6109177470207214,0.3624798357486725,0.7503029704093933,0.3951112031936645,0.7483752369880676,0.3583666980266571,0.9032780528068542,0.3805113136768341,0.9062341451644896,0.3848381340503692,0.9386959671974182,0.4055847525596618,0.9567946791648864,open_video_trim_3,0.3658355623483658,0.6101566255092621,0.022144615650177002,Backhand_Front
frame_187_trim_3.jpg,0.3273774981498718,0.3990421295166015,0.3773873150348663,0.3951345682144165,0.3334800899028778,0.5954684615135193,0.3606419265270233,0.6004071831703186,0.345878392457962,0.7303127646446228,0.3786402344703674,0.7377570867538452,0.3241924047470093,0.8780481219291687,0.3657578825950622,0.8859057426452637,0.3498673141002655,0.924130082130432,0.3885016441345215,0.9426418542861938,open_video_trim_3,0.34706100821495056,0.597937822341919,0.04156547784805292,Backhand_Front
frame_188_trim_3.jpg,0.3273774981498718,0.3990421295166015,0.3773873150348663,0.3951345682144165,0.3334800899028778,0.5954684615135193,0.3606419265270233,0.6004071831703186,0.345878392457962,0.7303127646446228,0.3786402344703674,0.7377570867538452,0.3241924047470093,0.8780481219291687,0.3657578825950622,0.8859057426452637,0.3498673141002655,0.924130082130432,0.3885016441345215,0.9426418542861938,open_video_trim_3,0.34706100821495056,0.597937822341919,0.04156547784805292,Backhand_Front
frame_189_trim_3.jpg,0.561966061592102,0.4194200038909912,0.585978090763092,0.4108768105506897,0.561504065990448,0.5239755511283875,0.5790829062461853,0.5261332392692566,0.540742814540863,0.5810043215751648,0.5789279937744141,0.5838538408279419,0.5337626338005066,0.6696153879165649,0.5856863260269165,0.6509000062942505,0.513091504573822,0.6889916658401489,0.5754984617233276,0.6573882102966309,open_video_trim_3,0.5702934861183167,0.525054395198822,0.05192369222640991,Forehand_Mid
frame_19_trim_3.jpg,0.561966061592102,0.4194200038909912,0.585978090763092,0.4108768105506897,0.561504065990448,0.5239755511283875,0.5790829062461853,0.5261332392692566,0.540742814540863,0.5810043215751648,0.5789279937744141,0.5838538408279419,0.5337626338005066,0.6696153879165649,0.5856863260269165,0.6509000062942505,0.513091504573822,0.6889916658401489,0.5754984617233276,0.6573882102966309,open_video_trim_3,0.5702934861183167,0.525054395198822,0.05192369222640991,Forehand_Mid
frame_190_trim_3.jpg,0.5454283356666565,0.4222283065319061,0.5725368857383728,0.41630619764328,0.5473256707191467,0.5334480404853821,0.5669390559196472,0.5309152603149414,0.5253934264183044,0.5970618724822998,0.5727511048316956,0.580888032913208,0.5253874063491821,0.6850728392601013,0.585408627986908,0.6493003964424133,0.5071932673454285,0.7028298377990723,0.5750406384468079,0.657612144947052,open_video_trim_3,0.557132363319397,0.5321816504001617,0.06002122163772583,Recovery_Ready
frame_191_trim_3.jpg,0.5297697186470032,0.4242286384105682,0.561762809753418,0.4180122315883636,0.536060094833374,0.537628173828125,0.5570695996284485,0.5343644022941589,0.5150349736213684,0.6034156084060669,0.5637228488922119,0.587486743927002,0.5238409042358398,0.6909577250480652,0.5753586292266846,0.6516532897949219,0.5066908001899719,0.7033737301826477,0.5706140398979187,0.6575355529785156,open_video_trim_3,0.5465648472309113,0.535996288061142,0.05151772499084473,Recovery_Ready
frame_192_trim_3.jpg,0.5178358554840088,0.4137910306453705,0.551777720451355,0.414659708738327,0.5250736474990845,0.534775972366333,0.5445591807365417,0.5322891473770142,0.514078676700592,0.6065448522567749,0.5477216839790344,0.5909857749938965,0.5234662294387817,0.6930881142616272,0.5553871393203735,0.6671324968338013,0.5067497491836548,0.7047683596611023,0.5458098649978638,0.6741600632667542,open_video_trim_3,0.5348164141178131,0.5335325598716736,0.0319209098815918,Recovery_Ready
frame_193_trim_3.jpg,0.5104292631149292,0.4032175838947296,0.5405721068382263,0.4012847542762756,0.5179563760757446,0.5248924493789673,0.5362665057182312,0.524080753326416,0.5110762119293213,0.6051446199417114,0.528791606426239,0.5922050476074219,0.5155245065689087,0.6922129988670349,0.5328324437141418,0.6707313060760498,0.5050722360610962,0.7084640860557556,0.5198062062263489,0.6946236491203308,open_video_trim_3,0.5271114408969879,0.5244866013526917,0.017307937145233154,Recovery_Ready
frame_194_trim_3.jpg,0.4987708330154419,0.4047184288501739,0.5303772687911987,0.401829332113266,0.5064758658409119,0.5260094404220581,0.5247082114219666,0.5266302824020386,0.4973803162574768,0.606263279914856,0.5152410268783569,0.5976777076721191,0.5031996369361877,0.6979401111602783,0.5190110206604004,0.6803478598594666,0.4917491674423218,0.7236220836639404,0.5044688582420349,0.7047463655471802,open_video_trim_3,0.5155920386314392,0.5263198614120483,0.015811383724212646,Recovery_Ready
frame_195_trim_3.jpg,0.4927229285240173,0.4230307638645172,0.5176302194595337,0.4137771427631378,0.4966409802436828,0.5478980541229248,0.5134609937667847,0.5485065579414368,0.481513112783432,0.6269577741622925,0.5030799508094788,0.6177460551261902,0.4850773513317108,0.726260244846344,0.5116702318191528,0.6995590925216675,0.464434802532196,0.75067138671875,0.4939619302749634,0.7155842781066895,open_video_trim_3,0.5050509870052338,0.5482023060321808,0.026592880487442017,Recovery_Ready
frame_196_trim_3.jpg,0.4841615259647369,0.4437763094902038,0.503088653087616,0.4322750568389892,0.4883188903331756,0.5685506463050842,0.502717912197113,0.5650542974472046,0.4670811593532562,0.6424645185470581,0.4954636991024017,0.6271025538444519,0.4709336459636688,0.7469226121902466,0.5127909183502197,0.702526330947876,0.4477577805519104,0.7795051336288452,0.4968211054801941,0.7118192315101624,open_video_trim_3,0.49551840126514435,0.5668024718761444,0.0418572723865509,Recovery_Ready
frame_197_trim_3.jpg,0.4744024574756622,0.4494822323322296,0.4879188537597656,0.4362919330596924,0.4742418527603149,0.5791251063346863,0.4865233600139618,0.5721546411514282,0.4546904861927032,0.6588860750198364,0.4886193871498108,0.6316383481025696,0.4710882008075714,0.7595908045768738,0.5081141591072083,0.7070993781089783,0.4478446841239929,0.785797119140625,0.4928999841213226,0.7106216549873352,open_video_trim_3,0.48038260638713837,0.5756398737430573,0.03702595829963684,Recovery_Ready
frame_198_trim_3.jpg,0.4633966982364654,0.4448997974395752,0.471851497888565,0.4322187900543213,0.4631432592868805,0.5816329121589661,0.4726555645465851,0.5752159357070923,0.449470967054367,0.6663649082183838,0.4801535308361053,0.6399878263473511,0.468643456697464,0.759807825088501,0.495004653930664,0.7196000218391418,0.4477491974830627,0.7864428758621216,0.4755792915821075,0.7342506647109985,open_video_trim_3,0.4678994119167328,0.5784244239330292,0.026361197233200018,Recovery_Ready
frame_199_trim_3.jpg,0.4540056884288788,0.4406865835189819,0.4610502123832702,0.4293108284473419,0.4523117840290069,0.5758059024810791,0.4598637223243713,0.5700836181640625,0.4418778121471405,0.662307858467102,0.4609224498271942,0.648277759552002,0.4607167541980743,0.7512248754501343,0.4800289869308471,0.7346281409263611,0.447397232055664,0.7877514362335205,0.4637299478054046,0.7613122463226318,open_video_trim_3,0.4560877531766891,0.5729447603225708,0.019312232732772827,Backhand_Mid
frame_2_trim_3.jpg,0.4540056884288788,0.4406865835189819,0.4610502123832702,0.4293108284473419,0.4523117840290069,0.5758059024810791,0.4598637223243713,0.5700836181640625,0.4418778121471405,0.662307858467102,0.4609224498271942,0.648277759552002,0.4607167541980743,0.7512248754501343,0.4800289869308471,0.7346281409263611,0.447397232055664,0.7877514362335205,0.4637299478054046,0.7613122463226318,open_video_trim_3,0.4560877531766891,0.5729447603225708,0.019312232732772827,Backhand_Mid
frame_20_trim_3.jpg,0.3508000671863556,0.2783665060997009,0.3331635594367981,0.2833751440048218,0.3392651379108429,0.44721320271492,0.33820441365242,0.4510833323001861,0.344986230134964,0.5685347318649292,0.3610839247703552,0.574072003364563,0.3276273310184479,0.6861110925674438,0.3362320065498352,0.6941962242126465,0.3481239378452301,0.72740238904953,0.3582348823547363,0.7471219301223755,open_video_trim_3,0.33873477578163147,0.44914826750755305,0.008604675531387329,Backhand_Backcourt
frame_200_trim_3.jpg,0.3944723308086395,0.407366394996643,0.4140941202640533,0.4008938372135162,0.3899696171283722,0.5007960200309753,0.3987125754356384,0.5004758834838867,0.4259221851825714,0.6480135917663574,0.4305729866027832,0.6358456015586853,0.4390192925930023,0.760101318359375,0.4584493637084961,0.7492635846138,0.4269302785396576,0.7892537713050842,0.441529631614685,0.772808313369751,open_video_trim_3,0.3943410962820053,0.500635951757431,0.019430071115493774,Backhand_Backcourt
frame_201_trim_3.jpg,0.4411998391151428,0.4691752195358276,0.4210622012615204,0.4418039917945862,0.4292012751102447,0.5949681997299194,0.4296238720417022,0.5839303731918335,0.4178255498409271,0.6967146992683411,0.4463908970355987,0.679097592830658,0.4142613112926483,0.8076022863388062,0.4732598960399627,0.7663601040840149,0.3927120566368103,0.8359892964363098,0.4508510828018188,0.7884729504585266,open_video_trim_3,0.42941257357597346,0.5894492864608765,0.0589985847473144,Backhand_Mid
frame_202_trim_3.jpg,0.4337621331214905,0.4897717535495758,0.3995964825153351,0.460586279630661,0.4223918616771698,0.6276223063468933,0.4169146120548248,0.620190441608429,0.4046656787395477,0.7237042188644409,0.4376942813396454,0.6920660138130188,0.3909138739109039,0.832514762878418,0.4723244607448578,0.7658417224884033,0.3710785508155823,0.8531937599182129,0.4503543674945831,0.7894395589828491,open_video_trim_3,0.4196532368659973,0.6239063739776611,0.08141058683395391,Backhand_Front
frame_203_trim_3.jpg,0.419422835111618,0.4973538517951965,0.384410560131073,0.4748263955116272,0.4056043624877929,0.6352569460868835,0.3957789540290832,0.6288661360740662,0.3918663263320923,0.7369739413261414,0.4160483479499817,0.7155239582061768,0.3808006048202514,0.8516894578933716,0.4523517191410064,0.7550179362297058,0.356885701417923,0.8855218887329102,0.4470632374286651,0.7935481071472168,open_video_trim_3,0.40069165825843805,0.6320615410804749,0.071551114320755,Backhand_Front
frame_204_trim_3.jpg,0.4049722552299499,0.4990518093109131,0.3585822880268097,0.4860263466835022,0.3927097618579864,0.6404575705528259,0.3703308403491974,0.6387078762054443,0.3737688362598419,0.7439756989479065,0.3696231245994568,0.7366952300071716,0.3775760531425476,0.8528319001197815,0.4294394552707672,0.7543732523918152,0.3532730638980865,0.8943340182304382,0.4327853322029114,0.8009763956069946,open_video_trim_3,0.3815203011035919,0.6395827233791351,0.051863402128219604,Backhand_Front
frame_205_trim_3.jpg,0.3816021680831909,0.5012995600700378,0.3325536549091339,0.4955958127975464,0.369079977273941,0.6491563320159912,0.342705637216568,0.6462303996086121,0.360607773065567,0.7532883286476135,0.3200099170207977,0.7401230931282043,0.3757877945899963,0.8524186015129089,0.3628066778182983,0.7855017781257629,0.3536833524703979,0.8941054344177246,0.3547056317329407,0.8319870233535767,open_video_trim_3,0.3558928072452545,0.6476933658123016,0.012981116771697998,Backhand_Front
frame_206_trim_3.jpg,0.3567074537277221,0.5078123807907104,0.3042818903923034,0.5062381625175476,0.3431214094161987,0.6528167128562927,0.3131300210952759,0.6473116278648376,0.3509120047092438,0.7594031095504761,0.2820515632629394,0.7283002138137817,0.3748693466186523,0.8517259955406189,0.2974431812763214,0.8292437791824341,0.3543508350849151,0.8955243825912476,0.2694847285747528,0.8638537526130676,open_video_trim_3,0.3281257152557373,0.6500641703605652,0.07742616534233088,Backhand_Front
frame_207_trim_3.jpg,0.3370137214660644,0.5217673778533936,0.2805871665477752,0.4865568876266479,0.3177973926067352,0.6592790484428406,0.2857646942138672,0.6569393873214722,0.3385976552963257,0.7583184242248535,0.259011834859848,0.7545168399810791,0.3694625198841095,0.8451231122016907,0.233425110578537,0.8646141290664673,0.3541819453239441,0.8921923637390137,0.2019488513469696,0.8683284521102905,open_video_trim_3,0.3017810434103012,0.6581092178821564,0.1360374093055725,Backhand_Front
frame_208_trim_3.jpg,0.3073955774307251,0.5490463376045227,0.2575055062770843,0.5034735202789307,0.2861140668392181,0.6911571621894836,0.2575548887252807,0.6877877712249756,0.314208447933197,0.7872498631477356,0.2248080372810363,0.7780370116233826,0.3620787262916565,0.8299806118011475,0.2036135196685791,0.896511435508728,0.3541931211948395,0.8792594075202942,0.1721379607915878,0.9200356602668762,open_video_trim_3,0.2718344777822494,0.6894724667072296,0.1584652066230774,Backhand_Front
frame_209_trim_3.jpg,0.2851808965206146,0.5733152627944946,0.2368752062320709,0.5247061252593994,0.2571244835853576,0.7174168825149536,0.2277459353208542,0.7080917358398438,0.2807706892490387,0.8197563290596008,0.1938852667808532,0.7865432500839233,0.3311627209186554,0.8214734196662903,0.1957422196865081,0.9035577774047852,0.3428149819374084,0.8698770999908447,0.1649001538753509,0.9444422125816344,open_video_trim_3,0.2424352094531059,0.7127543091773987,0.1354205012321473,Backhand_Front
frame_21_trim_3.jpg,0.3147832751274109,0.4469285607337951,0.3251184821128845,0.4410813748836517,0.2895412743091583,0.6462178230285645,0.2948665916919708,0.682158887386322,0.3120168149471283,0.6229065656661987,0.3465859293937683,0.620191752910614,0.3206365704536438,0.7203441262245178,0.3114504516124725,0.7557147741317749,0.34302619099617,0.7531883120536804,0.3515604138374328,0.8215063810348511,open_video_trim_3,0.2922039330005646,0.6641883552074432,0.00918611884117132,Backhand_Front
frame_210_trim_3.jpg,0.2707006335258484,0.5690629482269287,0.2312404066324234,0.5155059695243835,0.2484257817268371,0.7145399451255798,0.2260510623455047,0.7000051140785217,0.2459067553281784,0.8122285008430481,0.1971965432167053,0.7762424945831299,0.2996625006198883,0.807357132434845,0.1995958536863327,0.8937505483627319,0.3140559792518616,0.8528192043304443,0.1696852743625641,0.9385102987289428,open_video_trim_3,0.2372384220361709,0.7072725296020508,0.1000666469335556,Backhand_Front
frame_211_trim_3.jpg,0.2537670731544494,0.5596895217895508,0.2198700457811355,0.5198765397071838,0.24373559653759,0.7113660573959351,0.2212776839733123,0.6920167803764343,0.2236851006746292,0.8108986616134644,0.2009436637163162,0.7852073311805725,0.2799272239208221,0.8305397629737854,0.1961702555418014,0.8990246653556824,0.2770151793956756,0.8790585994720459,0.1674447804689407,0.9445609450340272,open_video_trim_3,0.23250664025545115,0.7016914188861847,0.08375696837902069,Backhand_Front
frame_212_trim_3.jpg,0.2432445734739303,0.5471959710121155,0.2327612936496734,0.5327153205871582,0.2328798323869705,0.7075698375701904,0.223698005080223,0.6997949481010437,0.2136380970478058,0.8019630908966064,0.1990333944559097,0.7883038520812988,0.271039217710495,0.8422571420669556,0.1941150724887848,0.9005677103996277,0.2615476846694946,0.8998226523399353,0.1657835096120834,0.945130467414856,open_video_trim_3,0.22828891873359675,0.7036823928356171,0.0769241452217102,Backhand_Front
frame_213_trim_3.jpg,0.2392001152038574,0.5531473755836487,0.2445491999387741,0.5280743837356567,0.2354810088872909,0.700800359249115,0.2359496057033538,0.691178560256958,0.2062004655599594,0.7976776957511902,0.2020830512046814,0.7858016490936279,0.2681324183940887,0.8654910922050476,0.1952143758535385,0.8983760476112366,0.24996218085289,0.92208594083786,0.1657467037439346,0.9439112544059752,open_video_trim_3,0.23571530729532236,0.6959894597530365,0.07291804254055018,Backhand_Front
frame_214_trim_3.jpg,0.235255941748619,0.5541595816612244,0.2577978670597076,0.5234412550926208,0.2452650219202041,0.6943708062171936,0.2513917684555053,0.6848410367965698,0.2158884853124618,0.7964428663253784,0.2153937667608261,0.7812102437019348,0.2644587755203247,0.8859326839447021,0.1968577057123184,0.8941183090209961,0.248802438378334,0.9339694380760192,0.1667713373899459,0.9344982504844666,open_video_trim_3,0.2483283951878547,0.6896059215068817,0.06760106980800631,Backhand_Front
frame_215_trim_3.jpg,0.2319716364145279,0.5574238896369934,0.2687472403049469,0.5201953649520874,0.2538268566131592,0.6986885666847229,0.2680390477180481,0.6895768046379089,0.2307337075471878,0.7953768372535706,0.2305947244167328,0.7790129780769348,0.2713603079319,0.8988151550292969,0.2084978967905044,0.8816617727279663,0.251554399728775,0.9321271181106568,0.1749427318572998,0.9203951954841614,open_video_trim_3,0.26093295216560364,0.6941326856613159,0.06286241114139562,Backhand_Front
frame_216_trim_3.jpg,0.2369571477174759,0.5484264492988586,0.2870071530342102,0.5170964598655701,0.2545315027236938,0.6913490891456604,0.2862765192985534,0.6827256083488464,0.2441008388996124,0.7891306281089783,0.2469035536050796,0.7718158960342407,0.2749210000038147,0.9048697352409364,0.2141356915235519,0.8810365200042725,0.2515499293804168,0.9323838949203492,0.1956839263439178,0.8747637867927551,open_video_trim_3,0.2704040110111236,0.6870373487472534,0.060785308480262784,Backhand_Front
frame_217_trim_3.jpg,0.2439216822385788,0.5276848077774048,0.2964830100536346,0.4983620047569275,0.2761473059654236,0.6761792898178101,0.3008208274841308,0.6660334467887878,0.2681283354759216,0.7851832509040833,0.2751903235912323,0.7656369805335999,0.2792939841747284,0.9043782353401184,0.2665719091892242,0.8508399724960327,0.2525812983512878,0.9328132271766664,0.2444317042827606,0.8413394093513489,open_video_trim_3,0.2884840667247772,0.671106368303299,0.012722074985504206,Backhand_Front
frame_218_trim_3.jpg,0.2499141544103622,0.5131362080574036,0.3064952492713928,0.4866782426834106,0.2919988930225372,0.6680552363395691,0.3167159259319305,0.6558899879455566,0.2764520645141601,0.776017963886261,0.3042346239089966,0.7210431098937988,0.2969267666339874,0.8923738598823547,0.309117704629898,0.8160861730575562,0.262103796005249,0.9242362380027772,0.2968497276306152,0.8203861713409424,open_video_trim_3,0.30435740947723383,0.6619726121425629,0.012190937995910589,Backhand_Front
frame_219_trim_3.jpg,0.254377007484436,0.5155895948410034,0.317169040441513,0.4889687001705169,0.3020372986793518,0.6682063937187195,0.3299344182014465,0.6575652956962585,0.284980297088623,0.7776620388031006,0.3301068544387817,0.7069905400276184,0.3185004889965057,0.8889057636260986,0.3456752002239227,0.789980947971344,0.297423392534256,0.9207521080970764,0.3357239663600921,0.785223126411438,open_video_trim_3,0.31598585844039917,0.662885844707489,0.027174711227416992,Backhand_Front
frame_22_trim_3.jpg,0.3402652144432068,0.3848187625408172,0.3192889988422394,0.3591123521327972,0.3473043143749237,0.560270369052887,0.3461141288280487,0.5380311608314514,0.351390928030014,0.6244251132011414,0.3627063632011413,0.6345451474189758,0.3224897086620331,0.7213335633277893,0.3541948497295379,0.7805733680725098,0.345700591802597,0.7544668316841125,0.3776135146617889,0.8203921914100647,open_video_trim_3,0.3467092216014862,0.5491507649421692,0.03170514106750483,Backhand_Mid
frame_220_trim_3.jpg,0.299944669008255,0.509706974029541,0.3308932185173034,0.4959608316421509,0.3184785842895508,0.6615896821022034,0.3406924903392792,0.6470746994018555,0.3141922950744629,0.7586758136749268,0.3526138365268707,0.6811568140983582,0.3216791450977325,0.8787147998809814,0.3714303970336914,0.7741572856903076,0.3211280107498169,0.9026758670806884,0.371072918176651,0.7692100405693054,open_video_trim_3,0.329585537314415,0.6543321907520294,0.04975125193595892,Backhand_Front
frame_221_trim_3.jpg,0.2929899394512176,0.5082857608795166,0.3456999063491821,0.4945569038391113,0.3227702975273132,0.659808874130249,0.3524328172206878,0.6465491056442261,0.3148582577705383,0.7612957954406738,0.3664132952690124,0.6934597492218018,0.3218561708927154,0.8784252405166626,0.379890501499176,0.7807400226593018,0.3107183575630188,0.9164796471595764,0.3771925568580627,0.7796886563301086,open_video_trim_3,0.3376015573740005,0.6531789898872375,0.05803433060646063,Backhand_Front
frame_222_trim_3.jpg,0.3045458793640136,0.496779590845108,0.3613093793392181,0.4888796210289001,0.3322940468788147,0.639553964138031,0.3631811141967773,0.6291335821151733,0.3255834281444549,0.7473752498626709,0.3747127950191498,0.6935739517211914,0.3251115977764129,0.8681960105895996,0.3841451704502105,0.7816303968429565,0.3138969540596008,0.9073284268379213,0.3801158368587494,0.7927142381668091,open_video_trim_3,0.347737580537796,0.6343437731266022,0.05903357267379761,Backhand_Front
frame_223_trim_3.jpg,0.3169495761394501,0.4767998456954956,0.3717717230319977,0.4817807376384735,0.3394590318202972,0.6122936606407166,0.3693518936634063,0.6037870645523071,0.3344705700874328,0.7178059220314026,0.3769362568855285,0.6859110593795776,0.3428322970867157,0.8104286193847656,0.3838244676589966,0.7781939506530762,0.3438779711723327,0.8650884628295898,0.3837004601955414,0.8009925484657288,open_video_trim_3,0.35440546274185175,0.6080403625965118,0.040992170572280884,Backhand_Front
frame_224_trim_3.jpg,0.3253942131996155,0.4446915090084076,0.3769793510437011,0.4519162476062774,0.3432610630989074,0.5810778737068176,0.3706357777118683,0.5770487189292908,0.342808723449707,0.678883969783783,0.3762917816638946,0.6719574332237244,0.3601924479007721,0.7693994641304016,0.3842090368270874,0.7656533718109131,0.3541165590286255,0.8173524141311646,0.3772147595882416,0.8009461164474487,open_video_trim_3,0.3569484204053879,0.5790632963180542,0.024016588926315308,Backhand_Mid
frame_225_trim_3.jpg,0.3311958909034729,0.4282638132572174,0.381986528635025,0.4361486732959747,0.3478189408779144,0.5659752488136292,0.3735161125659942,0.5628241896629333,0.3467546105384826,0.6499764323234558,0.3809493482112884,0.6543024182319641,0.3631696403026581,0.7387260794639587,0.388084203004837,0.7554173469543457,0.3576252162456512,0.7622058987617493,0.3824265301227569,0.779546856880188,open_video_trim_3,0.3606675267219543,0.5643997192382812,0.0249145627021789,Backhand_Mid
frame_226_trim_3.jpg,0.334309458732605,0.4329099059104919,0.3807693421840668,0.4318191409111023,0.3516058325767517,0.5679969191551208,0.377458781003952,0.5641707181930542,0.3504311144351959,0.6353800296783447,0.3842816054821014,0.6536188125610352,0.3628814816474914,0.7087972164154053,0.3916018605232239,0.7526117563247681,0.3520639836788177,0.7013553380966187,0.3897740244865417,0.7742747068405151,open_video_trim_3,0.36453230679035187,0.5660838186740875,0.028720378875732477,Backhand_Mid
frame_227_trim_3.jpg,0.3387407958507538,0.442623883485794,0.3805900812149048,0.4371533393859863,0.3552436530590057,0.5723079442977905,0.3808870017528534,0.569983720779419,0.3533945083618164,0.6299925446510315,0.3853917121887207,0.6542766690254211,0.3603335916996002,0.6820632219314575,0.389498621225357,0.7513640522956848,0.3520557582378387,0.6746079325675964,0.3908513188362121,0.7763399481773376,open_video_trim_3,0.36806532740592957,0.5711458325386047,0.02916502952575678,Backhand_Mid
frame_228_trim_3.jpg,0.3372740745544433,0.4452346563339233,0.3784542679786682,0.4361164569854736,0.3566870391368866,0.569365918636322,0.3809693455696106,0.5647825002670288,0.3571022748947143,0.6204195022583008,0.3857971429824829,0.6419376134872437,0.3652987778186798,0.6787132620811462,0.3893037438392639,0.7194170951843262,0.3653565347194671,0.6906481385231018,0.3893931210041046,0.7581658959388733,open_video_trim_3,0.3688281923532486,0.5670742094516754,0.024004966020584106,Backhand_Mid
frame_229_trim_3.jpg,0.336522489786148,0.4450454413890838,0.3776659369468689,0.4326482713222503,0.354868620634079,0.562478244304657,0.3784438967704773,0.5563507080078125,0.3570655286312103,0.6112501621246338,0.3808054029941559,0.6187549233436584,0.3660601377487182,0.6747111082077026,0.3878484070301056,0.6769986748695374,0.3664137423038482,0.6945750117301941,0.389522522687912,0.7209270596504211,open_video_trim_3,0.36665625870227814,0.5594144761562347,0.021788269281387385,Backhand_Mid
frame_23_trim_3.jpg,0.370963990688324,0.3416093587875366,0.3339424729347229,0.3632225394248962,0.3649386763572693,0.5218766927719116,0.3661142289638519,0.5269466638565063,0.3597716391086578,0.6268259286880493,0.376031756401062,0.6442015171051025,0.3340644538402557,0.6994803547859192,0.3651295304298401,0.7680565118789673,0.3540296852588653,0.7379359006881714,0.3779799044132232,0.8129873871803284,open_video_trim_3,0.3655264526605606,0.524411678314209,0.031065076589584406,Backhand_Mid
frame_230_trim_3.jpg,0.3643657267093658,0.4208646714687347,0.367920845746994,0.3902095556259155,0.3577066659927368,0.5477900505065918,0.3724632263183594,0.5440024733543396,0.3574771881103515,0.6160621643066406,0.3746773302555084,0.5999706983566284,0.3645572662353515,0.6698976755142212,0.3769848048686981,0.6634349822998047,0.3627458214759826,0.6942049264907837,0.3788251876831054,0.6908785104751587,open_video_trim_3,0.3650849461555481,0.5458962619304657,0.012427538633346613,Backhand_Mid
frame_231_trim_3.jpg,0.3498134016990661,0.4227083623409271,0.3679210245609283,0.4036775231361389,0.3544413447380066,0.5457620024681091,0.3711428344249725,0.5375407338142395,0.3530024588108063,0.6012031435966492,0.3713408410549164,0.5827053189277649,0.366025298833847,0.6651421785354614,0.374950498342514,0.6518833637237549,0.3612430989742279,0.6909727454185486,0.3720542788505554,0.679044783115387,open_video_trim_3,0.36279208958148956,0.5416513681411743,0.008925199508666992,Backhand_Mid
frame_232_trim_3.jpg,0.3486534357070923,0.4198546409606933,0.3650831580162048,0.4009048640727997,0.3538489937782287,0.5393487215042114,0.3694990873336792,0.5286006927490234,0.3510413467884063,0.6005073189735413,0.35823854804039,0.5437785983085632,0.3679409623146057,0.6637967228889465,0.3679789006710052,0.5767895579338074,0.3611847162246704,0.6902931928634644,0.3611708879470825,0.6046558618545532,open_video_trim_3,0.361674040555954,0.5339747071266174,3.793835639948062e-05,Backhand_Mid
frame_233_trim_3.jpg,0.3492694497108459,0.4203051626682281,0.3637445271015167,0.4020681977272033,0.3542188704013824,0.5349134802818298,0.3686141669750213,0.525388777256012,0.3493877649307251,0.6013038158416748,0.3528949618339538,0.5484536290168762,0.3692403733730316,0.651656448841095,0.3622523248195648,0.577353298664093,0.3632366061210632,0.6861146688461304,0.3573735654354095,0.6025287508964539,open_video_trim_3,0.36141651868820185,0.5301511287689209,0.006988048553466797,Backhand_Mid
frame_234_trim_3.jpg,0.3498107492923736,0.421442300081253,0.3629325032234192,0.4038446843624115,0.3537914454936981,0.5319027900695801,0.3677057325839996,0.5217698812484741,0.3444200754165649,0.5948238372802734,0.353387713432312,0.5592000484466553,0.3671234846115112,0.6393666863441467,0.3591085374355316,0.6134118437767029,0.3644508123397827,0.678526759147644,0.3517462313175201,0.6385037899017334,open_video_trim_3,0.3607485890388489,0.5268363356590271,0.008014947175979559,Backhand_Mid
frame_235_trim_3.jpg,0.3500688970088959,0.4196475446224212,0.3623793721199035,0.4017208516597748,0.3542200326919555,0.5234672427177429,0.3660811483860016,0.5177678465843201,0.340567022562027,0.5868526697158813,0.3515731394290924,0.5655814409255981,0.3660032153129577,0.6287481784820557,0.358743280172348,0.6171125173568726,0.3667382597923279,0.668692409992218,0.3534256219863891,0.6442917585372925,open_video_trim_3,0.3601505905389786,0.5206175446510315,0.007259935140609686,Backhand_Mid
frame_236_trim_3.jpg,0.3505353629589081,0.4084518849849701,0.3617175221443176,0.3922699093818664,0.3550833761692047,0.5101749300956726,0.3645887076854706,0.5015267133712769,0.3411298096179962,0.5727272033691406,0.3526658117771148,0.552680492401123,0.3676254153251648,0.6219969391822815,0.3565666079521179,0.6074890494346619,0.3689348101615906,0.6659653782844543,0.3469391167163849,0.623492956161499,open_video_trim_3,0.35983604192733765,0.5058508217334747,0.011058807373046875,Backhand_Backcourt
frame_237_trim_3.jpg,0.3493963181972503,0.390049546957016,0.3614127039909363,0.3842602074146271,0.3547462821006775,0.4896517097949981,0.3652264773845672,0.4859384596347809,0.3415043950080871,0.5631421804428101,0.3541289567947387,0.5477494597434998,0.3689165115356445,0.6184197664260864,0.3573228418827057,0.6022246479988098,0.3681701421737671,0.6627432107925415,0.3472689986228943,0.6160613894462585,open_video_trim_3,0.3599863797426224,0.4877950847148895,0.011593669652938787,Backhand_Backcourt
frame_238_trim_3.jpg,0.3488219976425171,0.3861340582370758,0.3625353276729584,0.3788445889949798,0.3546968102455139,0.4860223829746246,0.3655088543891907,0.4827622473239898,0.342043399810791,0.5595735311508179,0.355613499879837,0.541597843170166,0.3690787255764007,0.6166829466819763,0.3567704856395721,0.6002379655838013,0.366582304239273,0.6584703326225281,0.3479947447776794,0.6129401922225952,open_video_trim_3,0.3601028323173523,0.4843923151493072,0.012308239936828613,Backhand_Backcourt
frame_239_trim_3.jpg,0.3506368994712829,0.3875282406806946,0.3683729171752929,0.3806101083755493,0.3548289537429809,0.4911784529685974,0.3660196959972381,0.4889943897724151,0.3426599204540252,0.5638712644577026,0.3558999300003052,0.5462827086448669,0.368627518415451,0.6222764253616333,0.3575559258460998,0.6068739295005798,0.3636787831783294,0.6584669947624207,0.3467736840248108,0.6151729226112366,open_video_trim_3,0.3604243248701095,0.4900864213705063,0.011071592569351196,Backhand_Backcourt
frame_24_trim_3.jpg,0.3805428147315979,0.3614522814750671,0.348595917224884,0.3842749893665313,0.3747510910034179,0.5026434063911438,0.3633645474910736,0.4930940866470337,0.3748925626277923,0.616783618927002,0.374452143907547,0.6390555500984192,0.3445198237895965,0.6955099105834961,0.3376200497150421,0.6954061985015869,0.3506260514259338,0.7179148197174072,0.3442023694515228,0.7197602987289429,open_video_trim_3,0.3690578192472458,0.49786874651908875,0.006899774074554388,Backhand_Backcourt
frame_240_trim_3.jpg,0.3602591753005981,0.3974731564521789,0.3714431524276733,0.3871871829032898,0.363058477640152,0.506899356842041,0.3662841618061065,0.5007700324058533,0.3497160673141479,0.5794758796691895,0.3599676191806793,0.5562747716903687,0.3642638623714447,0.6356083154678345,0.3529666066169739,0.6208298206329346,0.3565074205398559,0.6669217944145203,0.3451040387153625,0.6347557306289673,open_video_trim_3,0.3646713197231293,0.5038346946239471,0.011297255754470825,Backhand_Backcourt
frame_241_trim_3.jpg,0.3523145318031311,0.4092418551445007,0.3805520832538605,0.3965122401714325,0.3600925207138061,0.50736403465271,0.3720938563346863,0.5028501152992249,0.3486779928207397,0.5771893262863159,0.3606593012809753,0.5568055510520935,0.3688103556632995,0.6345809698104858,0.3550715446472168,0.609379231929779,0.3592363893985748,0.6629728078842163,0.3466545641422272,0.6168517470359802,open_video_trim_3,0.3660931885242462,0.5051070749759674,0.013738811016082708,Backhand_Backcourt
frame_242_trim_3.jpg,0.3522226214408874,0.4091854095458984,0.3860341012477875,0.3994225859642029,0.3601822555065155,0.5083164572715759,0.3765529096126556,0.504957377910614,0.3489308655261993,0.577839732170105,0.3673149943351745,0.5634554624557495,0.3737565875053406,0.6411815285682678,0.3594045042991638,0.6135291457176208,0.3619470298290252,0.6615844368934631,0.3527650535106659,0.6197155117988586,open_video_trim_3,0.36836758255958557,0.506636917591095,0.014352083206176758,Backhand_Backcourt
frame_243_trim_3.jpg,0.3525769114494324,0.4073720872402191,0.3900027275085449,0.3992074131965637,0.3630607724189758,0.5088117718696594,0.3827254176139831,0.5060311555862427,0.3537642359733581,0.5777578949928284,0.3734805285930633,0.5676178932189941,0.3754855692386627,0.6443655490875244,0.3691046833992004,0.623515784740448,0.3633292913436889,0.6612021923065186,0.3619887232780456,0.6369771361351013,open_video_trim_3,0.37289309501647944,0.507421463727951,0.006380885839462336,Backhand_Backcourt
frame_244_trim_3.jpg,0.3542375266551971,0.3954624533653259,0.3969230055809021,0.3921051621437073,0.3685380816459656,0.5025085806846619,0.3888859152793884,0.5013880133628845,0.3648730218410492,0.5715481042861938,0.3837454617023468,0.5545480251312256,0.3772554397583008,0.646395206451416,0.3844313621520996,0.6232369542121887,0.3627335131168365,0.658871591091156,0.3749457597732544,0.6315145492553711,open_video_trim_3,0.378711998462677,0.5019482970237732,0.007175922393798828,Backhand_Backcourt
frame_245_trim_3.jpg,0.3594692647457123,0.3837414979934692,0.4035562574863434,0.3814335465431213,0.3753170967102051,0.4901501834392547,0.3966289162635803,0.4903061985969543,0.3724412024021148,0.5653995871543884,0.3963224589824676,0.551239550113678,0.3763819932937622,0.6450743079185486,0.398275762796402,0.6266279220581055,0.3640560805797577,0.6585662961006165,0.39679816365242,0.6368815898895264,open_video_trim_3,0.3859730064868927,0.4902281910181045,0.02189376950263977,Backhand_Backcourt
frame_246_trim_3.jpg,0.3664941489696502,0.3842356503009796,0.4105809032917022,0.3843070566654205,0.3796951174736023,0.4937307834625244,0.4031657874584198,0.4925160109996795,0.3748131394386291,0.5673784613609314,0.4106763005256653,0.557849645614624,0.3751843869686126,0.6450775265693665,0.4156414866447449,0.6427921652793884,0.374569833278656,0.6587111949920654,0.4227109253406524,0.6625389456748962,open_video_trim_3,0.39143045246601105,0.493123397231102,0.04045709967613226,Backhand_Backcourt
frame_247_trim_3.jpg,0.3753891587257385,0.3984632194042206,0.4178822338581085,0.401016503572464,0.3845471739768982,0.5068365931510925,0.4081198573112488,0.5059121251106262,0.3763512074947357,0.5713477730751038,0.4249510467052459,0.5731485486030579,0.3738473355770111,0.6507489681243896,0.4336022138595581,0.6567225456237793,0.3757814764976501,0.6606289148330688,0.4488976895809173,0.6805473566055298,open_video_trim_3,0.3963335156440735,0.5063743591308594,0.059754878282547,Backhand_Backcourt
frame_248_trim_3.jpg,0.3870533406734466,0.4127022325992584,0.427163302898407,0.4207630157470703,0.3920957446098327,0.5272388458251953,0.4157437682151794,0.5273133516311646,0.3804956078529358,0.5779988169670105,0.4400902986526489,0.5904431343078613,0.3734664916992187,0.6543071269989014,0.4476042985916137,0.6743194460868835,0.375613272190094,0.662650465965271,0.4645099937915802,0.6941251158714294,open_video_trim_3,0.40391975641250605,0.5272760987281799,0.07413780689239502,Backhand_Mid
frame_249_trim_3.jpg,0.4025838077068329,0.4149118065834045,0.443434327840805,0.4199417531490326,0.4091343283653259,0.5285554528236389,0.4325666129589081,0.5311092138290405,0.393386572599411,0.5818179845809937,0.4563184082508087,0.5971097350120544,0.3767067193984985,0.6539632678031921,0.4506914913654327,0.6819886565208435,0.3778981566429138,0.6619957089424133,0.4641124606132507,0.6984752416610718,open_video_trim_3,0.420850470662117,0.5298323333263397,0.0739847719669342,Backhand_Mid
frame_25_trim_3.jpg,0.3971189260482788,0.375115305185318,0.3557563722133636,0.4003680348396301,0.3913678228855133,0.5164777636528015,0.3724964559078216,0.527955174446106,0.3869710862636566,0.6287495493888855,0.3869614601135254,0.6288990378379822,0.3533362150192261,0.7168698310852051,0.3485842943191528,0.7196639776229858,0.360472559928894,0.7458276152610779,0.3618044257164001,0.7514397501945496,open_video_trim_3,0.3819321393966675,0.5222164690494537,0.004751920700073298,Backhand_Mid
frame_250_trim_3.jpg,0.4172800779342651,0.412834107875824,0.4592375159263611,0.4152638614177704,0.423577219247818,0.5324968099594116,0.4478155970573425,0.5390123724937439,0.4074686467647552,0.6140244007110596,0.4605065286159515,0.6121234893798828,0.391676515340805,0.6705172061920166,0.4477978348731994,0.6928447484970093,0.3931222856044769,0.6758196949958801,0.4623755812644958,0.7165936231613159,open_video_trim_3,0.43569640815258026,0.5357545912265778,0.05612131953239441,Backhand_Mid
frame_251_trim_3.jpg,0.4321359694004059,0.4072758853435516,0.474644124507904,0.4102838337421417,0.4403428137302398,0.5254223942756653,0.4624876677989959,0.5289308428764343,0.4304115176200866,0.6025081276893616,0.46337890625,0.6068791151046753,0.4245627224445343,0.6690835356712341,0.4533255696296692,0.68809574842453,0.4309744834899902,0.676488995552063,0.4646330177783966,0.7050158381462097,open_video_trim_3,0.45141524076461786,0.5271766185760498,0.028762847185134888,Backhand_Mid
frame_252_trim_3.jpg,0.4444370567798614,0.4069806039333343,0.4844508171081543,0.3999201357364654,0.4520259797573089,0.5228639841079712,0.4744873940944671,0.5247085690498352,0.4531859159469604,0.6009009480476379,0.4728718400001526,0.6033614873886108,0.4527515769004822,0.6733859777450562,0.4684065580368042,0.6834021210670471,0.455455332994461,0.6880694031715393,0.4707848131656647,0.7031101584434509,open_video_trim_3,0.463256686925888,0.5237862765789032,0.01565498113632202,Recovery_Ready
frame_253_trim_3.jpg,0.4591100513935089,0.405577152967453,0.4968679547309875,0.4015674591064453,0.4660620391368866,0.526519775390625,0.4869782626628876,0.52987140417099,0.4701872766017914,0.6044778227806091,0.496282696723938,0.6131488084793091,0.4669970870018005,0.6889117360115051,0.4932358562946319,0.7049496173858643,0.4821398854255676,0.7067341208457947,0.5082722902297974,0.7228168249130249,open_video_trim_3,0.4765201508998871,0.5281955897808075,0.02623876929283142,Recovery_Ready
frame_254_trim_3.jpg,0.4735042452812195,0.4283190071582794,0.5061695575714111,0.428120344877243,0.479518324136734,0.552729606628418,0.4999505877494812,0.5554359555244446,0.4862517416477203,0.623070478439331,0.5206630825996399,0.6319487690925598,0.4709351360797882,0.7075499296188354,0.523485541343689,0.7306157350540161,0.4862819910049438,0.7167448997497559,0.5450881719589233,0.7558487057685852,open_video_trim_3,0.4897344559431076,0.5540827810764313,0.05255040526390076,Recovery_Ready
frame_255_trim_3.jpg,0.4942970275878906,0.4454727470874786,0.5215908288955688,0.4546041488647461,0.4952487647533417,0.5754271745681763,0.5144715905189514,0.5794529914855957,0.4940266609191894,0.6335874199867249,0.5426439642906189,0.6527517437934875,0.4730339050292969,0.7085035443305969,0.5531108975410461,0.7499440312385559,0.4869948923587799,0.7179344296455383,0.5768768191337585,0.7768999934196472,open_video_trim_3,0.5048601776361465,0.577440083026886,0.08007699251174927,Backhand_Mid
frame_256_trim_3.jpg,0.512938916683197,0.4549002051353454,0.5403114557266235,0.4645587205886841,0.5118996500968933,0.5871496200561523,0.5348169207572937,0.5917320251464844,0.4990876913070678,0.642845630645752,0.5630924105644226,0.670758843421936,0.475297063589096,0.7096827626228333,0.5702281594276428,0.7722139358520508,0.4859086871147156,0.7160320281982422,0.5907180309295654,0.8072982430458069,open_video_trim_3,0.5233582854270935,0.5894408226013184,0.09493109583854681,Forehand_Mid
frame_257_trim_3.jpg,0.534710705280304,0.4760836660861969,0.5618730783462524,0.4859360158443451,0.5317964553833008,0.6058516502380371,0.5560284852981567,0.6145594120025635,0.5142425894737244,0.6536604166030884,0.5818049311637878,0.7000982165336609,0.4824256002902984,0.713966429233551,0.5717176795005798,0.803911030292511,0.4852223992347717,0.7228631973266602,0.5954984426498413,0.8256699442863464,open_video_trim_3,0.5439124703407288,0.6102055311203003,0.08929207921028143,Forehand_Front
frame_258_trim_3.jpg,0.5555646419525146,0.4828406572341919,0.5788854360580444,0.4916473925113678,0.5491865277290344,0.6166088581085205,0.5682371854782104,0.6252865195274353,0.5308669805526733,0.6709100008010864,0.5934992432594299,0.7090082168579102,0.4961671531200409,0.7305226922035217,0.5716008543968201,0.8079968094825745,0.4906597435474396,0.7486976981163025,0.5955669283866882,0.827663779258728,open_video_trim_3,0.5587118566036224,0.6209476888179779,0.07543370127677917,Forehand_Front
frame_259_trim_3.jpg,0.5707809329032898,0.4634778201580047,0.5896708369255066,0.4768656492233276,0.564156711101532,0.5971657037734985,0.5832179188728333,0.6068435311317444,0.548410177230835,0.6743032336235046,0.5957246422767639,0.7010282874107361,0.523378312587738,0.7550585865974426,0.5750886797904968,0.7998350262641907,0.5264227390289307,0.7799498438835144,0.5953238010406494,0.8285443782806396,open_video_trim_3,0.5736873149871826,0.6020046174526215,0.05171036720275879,Forehand_Front
frame_26_trim_3.jpg,0.5707809329032898,0.4634778201580047,0.5896708369255066,0.4768656492233276,0.564156711101532,0.5971657037734985,0.5832179188728333,0.6068435311317444,0.548410177230835,0.6743032336235046,0.5957246422767639,0.7010282874107361,0.523378312587738,0.7550585865974426,0.5750886797904968,0.7998350262641907,0.5264227390289307,0.7799498438835144,0.5953238010406494,0.8285443782806396,open_video_trim_3,0.5736873149871826,0.6020046174526215,0.05171036720275879,Forehand_Front
frame_260_trim_3.jpg,0.5738889575004578,0.4329173564910888,0.603131115436554,0.4492988288402557,0.5732250809669495,0.5705535411834717,0.5983619093894958,0.5769438743591309,0.5685703158378601,0.6716037392616272,0.6083711981773376,0.6796653866767883,0.5602156519889832,0.7725251317024231,0.5905323028564453,0.7763776779174805,0.5718221664428711,0.8073203563690186,0.5957566499710083,0.8260014653205872,open_video_trim_3,0.5857934951782227,0.5737487077713013,0.030316650867462158,Forehand_Mid
frame_261_trim_3.jpg,0.5839311480522156,0.4314146339893341,0.6118447184562683,0.4466304183006286,0.5843170881271362,0.5709183216094971,0.6081929802894592,0.5723612308502197,0.5851771831512451,0.6749990582466125,0.6280773282051086,0.6751393675804138,0.5822121500968933,0.7818924784660339,0.6180413961410522,0.7753921151161194,0.5928040742874146,0.8211897611618042,0.6264117956161499,0.8262912631034851,open_video_trim_3,0.5962550342082977,0.5716397762298584,0.035829246044158936,Forehand_Mid
frame_262_trim_3.jpg,0.5910822153091431,0.4421877861022949,0.6257497668266296,0.4623417556285858,0.5958859920501709,0.5936532020568848,0.6221186518669128,0.5937216281890869,0.593392550945282,0.6900116801261902,0.6496149301528931,0.6810342669487,0.587633490562439,0.7928953766822815,0.6581203937530518,0.7871666550636292,0.5960004329681396,0.8219446539878845,0.6780210137367249,0.8265466690063477,open_video_trim_3,0.6090023219585419,0.5936874151229858,0.07048690319061279,Forehand_Front
frame_263_trim_3.jpg,0.6019731760025024,0.4624060690402984,0.6500568389892578,0.4720231294631958,0.6084393858909607,0.6117696166038513,0.63814377784729,0.6142554879188538,0.6024282574653625,0.70146244764328,0.6646869778633118,0.6981878280639648,0.5897728204727173,0.7988694906234741,0.6824243664741516,0.7965973615646362,0.5962511897087097,0.8221626281738281,0.7003602385520935,0.8272150158882141,open_video_trim_3,0.6232915818691254,0.6130125522613525,0.09265154600143433,Forehand_Front
frame_264_trim_3.jpg,0.6160327792167664,0.4705144166946411,0.6624701619148254,0.4715347588062286,0.6231445074081421,0.6111658811569214,0.64993816614151,0.6138159036636353,0.6130437850952148,0.7016103863716125,0.6746701002120972,0.707391083240509,0.5915198922157288,0.7942721843719482,0.6848832368850708,0.8130082488059998,0.5967930555343628,0.8227829933166504,0.7028981447219849,0.8333826065063477,open_video_trim_3,0.636541336774826,0.6124908924102783,0.09336334466934204,Forehand_Front
frame_265_trim_3.jpg,0.6272140145301819,0.4847216606140136,0.6786587238311768,0.4750095009803772,0.6335180997848511,0.619642436504364,0.6605815887451172,0.6242635250091553,0.6238340735435486,0.7024669051170349,0.6866138577461243,0.7134317755699158,0.5966218113899231,0.7857171893119812,0.6850656867027283,0.8193680644035339,0.5978463292121887,0.8232788443565369,0.7034521102905273,0.8359772562980652,open_video_trim_3,0.6470498442649841,0.6219529807567596,0.08844387531280518,Forehand_Front
frame_266_trim_3.jpg,0.637471079826355,0.4866916239261627,0.6886669397354126,0.4782846570014953,0.641733705997467,0.6223173141479492,0.6690985560417175,0.6261278390884399,0.6332724690437317,0.7016388773918152,0.6905725002288818,0.7169216871261597,0.6074882745742798,0.7696723937988281,0.6849499940872192,0.823172926902771,0.6064714193344116,0.8050605058670044,0.7045654654502869,0.836754560470581,open_video_trim_3,0.6554161310195923,0.6242225766181946,0.07746171951293945,Forehand_Front
frame_267_trim_3.jpg,0.6428020596504211,0.4753330945968628,0.6941602826118469,0.4780303835868835,0.6445735096931458,0.6135866045951843,0.6727429032325745,0.6186680793762207,0.6369070410728455,0.678625226020813,0.6873499751091003,0.7123088240623474,0.6196697950363159,0.7636281251907349,0.6859928965568542,0.8171786069869995,0.6235637068748474,0.7887741923332214,0.7034912705421448,0.8364524841308594,open_video_trim_3,0.6586582064628601,0.6161273419857025,0.06632310152053833,Forehand_Front
frame_268_trim_3.jpg,0.6453412175178528,0.4739958047866821,0.6959184408187866,0.4755459129810333,0.6454827785491943,0.612310528755188,0.6741406917572021,0.6148355603218079,0.6339908838272095,0.6680980324745178,0.6864086389541626,0.7098652124404907,0.6235503554344177,0.7605432868003845,0.6873847842216492,0.8133553266525269,0.627914547920227,0.7707214951515198,0.7035595774650574,0.8385664224624634,open_video_trim_3,0.6598117351531982,0.6135730445384979,0.06383442878723145,Forehand_Front
frame_269_trim_3.jpg,0.6436232328414917,0.4708015322685241,0.6934213042259216,0.4815113842487335,0.6446911692619324,0.609153151512146,0.6736849546432495,0.6155842542648315,0.6312102675437927,0.6679051518440247,0.6890533566474915,0.7095508575439453,0.6208409070968628,0.755944550037384,0.6882181763648987,0.8129310607910156,0.623373806476593,0.7520869374275208,0.704118549823761,0.8396816849708557,open_video_trim_3,0.6591880619525909,0.6123687028884888,0.06737726926803589,Forehand_Front
frame_27_trim_3.jpg,0.6436232328414917,0.4708015322685241,0.6934213042259216,0.4815113842487335,0.6446911692619324,0.609153151512146,0.6736849546432495,0.6155842542648315,0.6312102675437927,0.6679051518440247,0.6890533566474915,0.7095508575439453,0.6208409070968628,0.755944550037384,0.6882181763648987,0.8129310607910156,0.623373806476593,0.7520869374275208,0.704118549823761,0.8396816849708557,open_video_trim_3,0.6591880619525909,0.6123687028884888,0.06737726926803589,Forehand_Front
frame_270_trim_3.jpg,0.6383122801780701,0.4843031167984009,0.6861282587051392,0.4940012097358703,0.6397584676742554,0.6249392032623291,0.6706755757331848,0.6281419396400452,0.6255388259887695,0.6689266562461853,0.6912208199501038,0.7174815535545349,0.6158824563026428,0.7464578151702881,0.6897218823432922,0.8181695938110352,0.617069661617279,0.7415840029716492,0.7029640674591064,0.840610921382904,open_video_trim_3,0.6552170217037201,0.6265405714511871,0.07383942604064941,Forehand_Front
frame_271_trim_3.jpg,0.6296373009681702,0.4819113314151764,0.6769057512283325,0.4914330840110779,0.635333776473999,0.6173994541168213,0.6640375256538391,0.6217504143714905,0.6237657070159912,0.6654801964759827,0.6822214722633362,0.7102665305137634,0.6158948540687561,0.7445082068443298,0.6890106201171875,0.8099631667137146,0.6171162128448486,0.7420738339424133,0.7029297351837158,0.8405941724777222,open_video_trim_3,0.6496856510639191,0.6195749342441559,0.0731157660484314,Forehand_Front
frame_272_trim_3.jpg,0.6190177798271179,0.4688870310783386,0.6681135296821594,0.4806466698646545,0.6250190734863281,0.6024619340896606,0.6530085802078247,0.605929970741272,0.6177310943603516,0.657762348651886,0.6684466600418091,0.690600574016571,0.6155960559844971,0.7427011132240295,0.6805733442306519,0.7911605834960938,0.6151700615882874,0.74448561668396,0.698733925819397,0.8274880647659302,open_video_trim_3,0.6390138268470764,0.6041959524154663,0.06497728824615479,Forehand_Front
frame_273_trim_3.jpg,0.6093055605888367,0.4462342858314514,0.6589325070381165,0.4566828906536102,0.6177806258201599,0.5795934796333313,0.6447703242301941,0.5836057066917419,0.6139946579933167,0.6534770131111145,0.6534324288368225,0.6715711355209351,0.6154506802558899,0.73670494556427,0.6563400030136108,0.768571138381958,0.6156321167945862,0.7468060851097107,0.6734772324562073,0.8009103536605835,open_video_trim_3,0.631275475025177,0.5815995931625366,0.04088932275772095,Forehand_Mid
frame_274_trim_3.jpg,0.6039063930511475,0.4194575846195221,0.6515505909919739,0.424379825592041,0.6108515858650208,0.551733672618866,0.6354995965957642,0.5579313635826111,0.6099263429641724,0.635064959526062,0.635405421257019,0.6475579738616943,0.6126527190208435,0.7275735139846802,0.6325360536575317,0.739161491394043,0.6178119778633118,0.7465911507606506,0.6434253454208374,0.7667152881622314,open_video_trim_3,0.6231755912303925,0.5548325181007385,0.019883334636688232,Forehand_Mid
frame_275_trim_3.jpg,0.5993973612785339,0.4043483734130859,0.6448684930801392,0.4082509279251098,0.6040260195732117,0.5320723652839661,0.6286277174949646,0.5379796028137207,0.6024644374847412,0.6136580109596252,0.6209283471107483,0.628230094909668,0.6001843214035034,0.7041294574737549,0.6114148497581482,0.7150371074676514,0.5925530195236206,0.735255777835846,0.6147273182868958,0.742699921131134,open_video_trim_3,0.6163268685340881,0.5350259840488434,0.011230528354644775,Forehand_Mid
frame_276_trim_3.jpg,0.5933418273925781,0.4100333750247955,0.639025866985321,0.4124709963798523,0.5972715020179749,0.5327011942863464,0.6206109523773193,0.5408748984336853,0.5915331244468689,0.6018967628479004,0.6104045510292053,0.6255542635917664,0.5845319032669067,0.6867227554321289,0.596373975276947,0.7136566638946533,0.5820035934448242,0.7018011808395386,0.5926355719566345,0.7280042767524719,open_video_trim_3,0.6089412271976471,0.5367880463600159,0.011842072010040283,Forehand_Mid
frame_277_trim_3.jpg,0.5879715085029602,0.4219837188720703,0.6315006017684937,0.4275113642215729,0.5905066728591919,0.5416306257247925,0.6139837503433228,0.5495138764381409,0.5772932171821594,0.6003011465072632,0.6032410264015198,0.6323363780975342,0.5704250335693359,0.6699252724647522,0.5871455073356628,0.7223069071769714,0.57106614112854,0.6728160977363586,0.5941806435585022,0.7313324809074402,open_video_trim_3,0.6022452116012573,0.5455722510814667,0.016720473766326904,Forehand_Mid
frame_278_trim_3.jpg,0.582085907459259,0.426543265581131,0.625521719455719,0.4319266080856323,0.5835649371147156,0.5485011339187622,0.6064674258232117,0.5557942986488342,0.5718532800674438,0.5970038175582886,0.6007921695709229,0.6343298554420471,0.5635338425636292,0.6480225920677185,0.5877305865287781,0.7199293971061707,0.5637043118476868,0.6404515504837036,0.5924858450889587,0.7318026423454285,open_video_trim_3,0.5950161814689636,0.5521477162837982,0.024196743965148926,Forehand_Mid
frame_279_trim_3.jpg,0.576618492603302,0.4270529747009277,0.6172353625297546,0.4275498390197754,0.5780254006385803,0.5401391386985779,0.6012815833091736,0.547433614730835,0.5697582364082336,0.5893685817718506,0.5994808673858643,0.6208860874176025,0.5642231106758118,0.6513366103172302,0.5910794138908386,0.7002325654029846,0.564020574092865,0.6489376425743103,0.5955475568771362,0.7326388359069824,open_video_trim_3,0.589653491973877,0.5437863767147064,0.026856303215026855,Forehand_Mid
frame_28_trim_3.jpg,0.576618492603302,0.4270529747009277,0.6172353625297546,0.4275498390197754,0.5780254006385803,0.5401391386985779,0.6012815833091736,0.547433614730835,0.5697582364082336,0.5893685817718506,0.5994808673858643,0.6208860874176025,0.5642231106758118,0.6513366103172302,0.5910794138908386,0.7002325654029846,0.564020574092865,0.6489376425743103,0.5955475568771362,0.7326388359069824,open_video_trim_3,0.589653491973877,0.5437863767147064,0.026856303215026855,Forehand_Mid
frame_280_trim_3.jpg,0.5714492797851562,0.427794873714447,0.609933614730835,0.4235468804836273,0.5728720426559448,0.5416414737701416,0.5955002307891846,0.5459011793136597,0.5681726932525635,0.5820550918579102,0.5953720211982727,0.6043398380279541,0.5645471811294556,0.6475100517272949,0.5942447781562805,0.668724000453949,0.5649781823158264,0.6559389233589172,0.5959888100624084,0.7123197913169861,open_video_trim_3,0.5841861367225647,0.5437713265419006,0.02969759702682495,Forehand_Mid
frame_281_trim_3.jpg,0.5707857012748718,0.4266633093357086,0.607344925403595,0.4210392832756042,0.5710384845733643,0.5322680473327637,0.5920670032501221,0.536891758441925,0.5649545192718506,0.5793624520301819,0.5903280973434448,0.5956956744194031,0.5645594000816345,0.6475092172622681,0.593052327632904,0.6481641530990601,0.5649777054786682,0.6564720273017883,0.5923071503639221,0.6845418810844421,open_video_trim_3,0.5815527439117432,0.5345799028873444,0.02849292755126953,Forehand_Mid
frame_282_trim_3.jpg,0.5703908205032349,0.4157032370567322,0.6064029932022095,0.4110302627086639,0.5709913969039917,0.519356906414032,0.5921836495399475,0.5221640467643738,0.5647141933441162,0.5755801200866699,0.5904415845870972,0.5684614777565002,0.564574658870697,0.6429719924926758,0.5888785123825073,0.6271225810050964,0.5644505620002747,0.6578994393348694,0.5889231562614441,0.660602331161499,open_video_trim_3,0.5815875232219696,0.5207604765892029,0.024303853511810303,Forehand_Mid
frame_283_trim_3.jpg,0.5722739100456238,0.3988687098026275,0.606689989566803,0.3939334154129028,0.5717523694038391,0.5025227069854736,0.5928266644477844,0.5055235028266907,0.564630389213562,0.5695701241493225,0.5910972356796265,0.5537059307098389,0.5658642053604126,0.6429476141929626,0.5892366170883179,0.6213158965110779,0.562362551689148,0.653639554977417,0.5888697504997253,0.6281023621559143,open_video_trim_3,0.5822895169258118,0.5040231049060822,0.023372411727905273,Forehand_Backcourt
frame_284_trim_3.jpg,0.5754310488700867,0.3883541226387024,0.6067317724227905,0.382133424282074,0.5735792517662048,0.4916759431362152,0.5937982201576233,0.4940680563449859,0.5649654865264893,0.5600303411483765,0.5939165353775024,0.5456215143203735,0.5694349408149719,0.6400513648986816,0.5927644371986389,0.6063700318336487,0.5625721216201782,0.6524031162261963,0.5916450619697571,0.6085253357887268,open_video_trim_3,0.5836887359619141,0.4928719997406006,0.023329496383666992,Forehand_Backcourt
frame_285_trim_3.jpg,0.5777280330657959,0.3880038857460022,0.6085126996040344,0.3820231258869171,0.5764444470405579,0.4888974726200104,0.5956920981407166,0.4908239841461181,0.5671974420547485,0.5555174946784973,0.596222460269928,0.5447240471839905,0.5738744139671326,0.6308714747428894,0.5980241894721985,0.5918243527412415,0.562914252281189,0.652606189250946,0.5939862132072449,0.6006393432617188,open_video_trim_3,0.5860682725906372,0.48986072838306427,0.024149775505065918,Forehand_Backcourt
frame_286_trim_3.jpg,0.5813109874725342,0.393924206495285,0.6093798279762268,0.3904924392700195,0.5807347893714905,0.4943442344665527,0.5984972715377808,0.4951750040054321,0.5678102374076843,0.5532487034797668,0.5992746949195862,0.5420664548873901,0.5770353078842163,0.6239895820617676,0.5983726382255554,0.5971164703369141,0.5646053552627563,0.6508535742759705,0.5939677953720093,0.6050049662590027,open_video_trim_3,0.5896160304546356,0.4947596192359924,0.02133733034133911,Forehand_Backcourt
frame_287_trim_3.jpg,0.5836159586906433,0.3976567685604095,0.6097142100334167,0.3938349187374115,0.5829967260360718,0.4960350394248962,0.6004804372787476,0.4968010783195495,0.56690913438797,0.5533715486526489,0.6011585593223572,0.5357956290245056,0.5781928896903992,0.6182746887207031,0.5984230637550354,0.5947920083999634,0.5663222074508667,0.6481982469558716,0.5941452383995056,0.606817901134491,open_video_trim_3,0.5917385816574097,0.49641805887222284,0.02023017406463623,Forehand_Backcourt
frame_288_trim_3.jpg,0.5843200087547302,0.3935280740261078,0.609802782535553,0.3924514055252075,0.5836811661720276,0.4915438592433929,0.6009131669998169,0.4914847612380981,0.5668929219245911,0.5498968958854675,0.6011766195297241,0.5354684591293335,0.5788535475730896,0.612202525138855,0.5982683300971985,0.5943191051483154,0.5693877935409546,0.6446702480316162,0.5942466259002686,0.6076136827468872,open_video_trim_3,0.5922971665859222,0.4915143102407455,0.019414782524108887,Forehand_Backcourt
frame_289_trim_3.jpg,0.5838485360145569,0.3835015594959259,0.6095766425132751,0.3852377533912658,0.5828230977058411,0.4784909784793854,0.6002188324928284,0.4793772995471954,0.5670350790023804,0.539516270160675,0.600437581539154,0.5313805937767029,0.5781401991844177,0.6054793000221252,0.5984848737716675,0.5909597873687744,0.5706161856651306,0.6427891254425049,0.5953227877616882,0.6053898334503174,open_video_trim_3,0.5915209650993347,0.4789341390132904,0.020344674587249756,Forehand_Backcourt
frame_29_trim_3.jpg,0.5838485360145569,0.3835015594959259,0.6095766425132751,0.3852377533912658,0.5828230977058411,0.4784909784793854,0.6002188324928284,0.4793772995471954,0.5670350790023804,0.539516270160675,0.600437581539154,0.5313805937767029,0.5781401991844177,0.6054793000221252,0.5984848737716675,0.5909597873687744,0.5706161856651306,0.6427891254425049,0.5953227877616882,0.6053898334503174,open_video_trim_3,0.5915209650993347,0.4789341390132904,0.020344674587249756,Forehand_Backcourt
frame_290_trim_3.jpg,0.5838485360145569,0.3835015594959259,0.6095766425132751,0.3852377533912658,0.5828230977058411,0.4784909784793854,0.6002188324928284,0.4793772995471954,0.5670350790023804,0.539516270160675,0.600437581539154,0.5313805937767029,0.5781401991844177,0.6054793000221252,0.5984848737716675,0.5909597873687744,0.5706161856651306,0.6427891254425049,0.5953227877616882,0.6053898334503174,open_video_trim_3,0.5915209650993347,0.4789341390132904,0.020344674587249756,Forehand_Backcourt
frame_291_trim_3.jpg,0.5852836966514587,0.3755500614643097,0.6006847620010376,0.3832235634326935,0.5680112242698669,0.4445132613182068,0.5781286954879761,0.4427649974822998,0.561813235282898,0.5307114720344543,0.5809694528579712,0.5048064589500427,0.5667514801025391,0.6075741052627563,0.5982464551925659,0.5737080574035645,0.5546967387199402,0.6290910243988037,0.6003438830375671,0.5870966911315918,open_video_trim_3,0.5730699598789215,0.4436391294002533,0.031494975090026855,Forehand_Backcourt
frame_292_trim_3.jpg,0.5819193124771118,0.385270357131958,0.6015192270278931,0.3982524573802948,0.5691749453544617,0.4660922288894653,0.586908221244812,0.4650778472423553,0.5562137961387634,0.5370329022407532,0.5930131673812866,0.5285323262214661,0.5560861229896545,0.6096470952033997,0.6031166315078735,0.5898416042327881,0.5407693386077881,0.6290821433067322,0.6020336151123047,0.6024091839790344,open_video_trim_3,0.5780415832996368,0.4655850380659103,0.047030508518218994,Forehand_Backcourt
frame_293_trim_3.jpg,0.5767533779144287,0.3997943997383117,0.5950843691825867,0.4011639654636383,0.5646349191665649,0.4837245345115661,0.5825799107551575,0.4788249731063843,0.5471633076667786,0.5430187582969666,0.5925599336624146,0.5354456305503845,0.550675094127655,0.6131262183189392,0.6030580401420593,0.5931050777435303,0.5364763736724854,0.6297910809516907,0.6022263169288635,0.6074208617210388,open_video_trim_3,0.5736074149608612,0.4812747538089752,0.0523829460144043,Forehand_Backcourt
frame_294_trim_3.jpg,0.5613300204277039,0.3994450569152832,0.5833882093429565,0.4013631939888,0.5556228756904602,0.4944081604480743,0.5703336000442505,0.4928926825523376,0.5400714874267578,0.5486916303634644,0.5915234684944153,0.5358510613441467,0.5494441390037537,0.6170387268066406,0.6024609804153442,0.5925227403640747,0.5353508591651917,0.6309579610824585,0.6021672487258911,0.6071631908416748,open_video_trim_3,0.5629782378673553,0.49365042150020594,0.053016841411590576,Forehand_Backcourt
frame_295_trim_3.jpg,0.5406874418258667,0.3955421447753906,0.5740355849266052,0.3984445333480835,0.5484182834625244,0.4936902225017547,0.5670061111450195,0.491971492767334,0.5358479619026184,0.5543566346168518,0.5800074934959412,0.5390122532844543,0.5487297773361206,0.621150553226471,0.5904640555381775,0.5982200503349304,0.5364109873771667,0.6315240859985352,0.5897554755210876,0.608509361743927,open_video_trim_3,0.557712197303772,0.4928308576345444,0.041734278202056885,Recovery_Ready
frame_296_trim_3.jpg,0.5301968455314636,0.383110374212265,0.5650342702865601,0.3855758607387543,0.5399280786514282,0.4835427701473236,0.5584072470664978,0.4825209975242615,0.5370603799819946,0.5524923205375671,0.5646042227745056,0.5381223559379578,0.547009289264679,0.6207942962646484,0.5687986016273499,0.6023622155189514,0.5369342565536499,0.6321253180503845,0.5647051930427551,0.6154775023460388,open_video_trim_3,0.549167662858963,0.48303188383579254,0.0217893123626709,Recovery_Ready
frame_297_trim_3.jpg,0.5227299928665161,0.3704133331775665,0.5569705367088318,0.3719573318958282,0.5307958126068115,0.4790739417076111,0.5495696663856506,0.4774341583251953,0.5307931900024414,0.5502161383628845,0.5471601486206055,0.5361092686653137,0.5374957323074341,0.6193317174911499,0.5493623614311218,0.6049293875694275,0.5330597162246704,0.6346710324287415,0.5439911484718323,0.6250582933425903,open_video_trim_3,0.5401827394962311,0.4782540500164032,0.011866629123687744,Recovery_Ready
frame_298_trim_3.jpg,0.5147399306297302,0.3726740777492523,0.5473546385765076,0.3699604868888855,0.5212638974189758,0.4781038761138916,0.5394936800003052,0.4789941310882568,0.5145278573036194,0.5485213398933411,0.5354853272438049,0.5403496623039246,0.5195298790931702,0.6239315867424011,0.5361670851707458,0.6139488220214844,0.5120971202850342,0.6447208523750305,0.5275670886039734,0.633000373840332,open_video_trim_3,0.5303787887096405,0.4785490036010742,0.016637206077575684,Recovery_Ready
frame_299_trim_3.jpg,0.5056305527687073,0.3900896310806274,0.5372391939163208,0.3801272511482239,0.5108548998832703,0.4963006377220154,0.5297362804412842,0.4966758489608764,0.4937166571617126,0.5573779344558716,0.5270065069198608,0.5543184876441956,0.4943434596061706,0.6392293572425842,0.5294281840324402,0.6281670928001404,0.4797426462173462,0.6616557836532593,0.5224421620368958,0.6392086148262024,open_video_trim_3,0.5202955901622772,0.4964882433414459,0.03508472442626959,Recovery_Ready
frame_3_trim_3.jpg,0.5056305527687073,0.3900896310806274,0.5372391939163208,0.3801272511482239,0.5108548998832703,0.4963006377220154,0.5297362804412842,0.4966758489608764,0.4937166571617126,0.5573779344558716,0.5270065069198608,0.5543184876441956,0.4943434596061706,0.6392293572425842,0.5294281840324402,0.6281670928001404,0.4797426462173462,0.6616557836532593,0.5224421620368958,0.6392086148262024,open_video_trim_3,0.5202955901622772,0.4964882433414459,0.03508472442626959,Recovery_Ready
frame_30_trim_3.jpg,0.4141819775104522,0.3602107465267181,0.4526968002319336,0.3238188624382019,0.4316205382347107,0.5575672388076782,0.4383033514022827,0.5600664615631104,0.4651419222354889,0.6512553095817566,0.4586897492408752,0.7026400566101074,0.4558079838752746,0.7762749791145325,0.4452060163021087,0.869958758354187,0.4839083254337311,0.7803029417991638,0.4828688502311706,0.910270094871521,open_video_trim_3,0.4349619448184967,0.5588168501853943,0.010601967573165894,Backhand_Mid
frame_300_trim_3.jpg,0.4837122559547424,0.3853932619094848,0.5173947811126709,0.4032463431358337,0.4899342358112335,0.542102575302124,0.5130420327186584,0.5371354818344116,0.4717572629451751,0.584362268447876,0.5175060629844666,0.5727357864379883,0.4647648632526397,0.657663881778717,0.5244647264480591,0.6180363297462463,0.4618716835975647,0.6806204319000244,0.5271324515342712,0.64447021484375,open_video_trim_3,0.501488134264946,0.5396190285682678,0.05969986319541937,Recovery_Ready
frame_301_trim_3.jpg,0.473516970872879,0.4005085229873657,0.5112389326095581,0.4038110673427582,0.4822630882263183,0.5412676334381104,0.50400310754776,0.5249163508415222,0.4703401923179626,0.5875912308692932,0.5120627880096436,0.5515810251235962,0.4635550081729889,0.6652134656906128,0.5234600305557251,0.6124098896980286,0.4582844376564026,0.6871411204338074,0.5276129245758057,0.6502889394760132,open_video_trim_3,0.4931330978870392,0.5330919921398163,0.059905022382736206,Recovery_Ready
frame_302_trim_3.jpg,0.4585937857627868,0.4180295765399933,0.4978851079940796,0.4116455316543579,0.4709011018276214,0.5453518629074097,0.4937330186367035,0.530694305896759,0.4622942507266998,0.5880506634712219,0.502274751663208,0.5616101026535034,0.463296502828598,0.667422890663147,0.5126002430915833,0.6287964582443237,0.4559074938297272,0.6867556571960449,0.51808762550354,0.6562404036521912,open_video_trim_3,0.4823170602321625,0.5380230844020844,0.04930374026298523,Recovery_Ready
frame_303_trim_3.jpg,0.4524736106395721,0.4101976752281189,0.4908691048622131,0.4008350670337677,0.4635480046272278,0.5419220924377441,0.4836835861206054,0.5336759686470032,0.457601249217987,0.582677960395813,0.4986929595470428,0.5733548998832703,0.463236391544342,0.6704265475273132,0.4999910295009613,0.6592696905136108,0.4547681808471679,0.687664270401001,0.4898532629013061,0.6814265251159668,open_video_trim_3,0.4736157953739166,0.5377990305423737,0.03675463795661932,Recovery_Ready
frame_304_trim_3.jpg,0.4322466850280761,0.4043733179569244,0.4825831651687622,0.3947671353816986,0.443374365568161,0.5425698757171631,0.4693408012390136,0.5395779609680176,0.4442141950130462,0.5836615562438965,0.4691039323806762,0.5834192633628845,0.4506127536296844,0.6719765663146973,0.466450423002243,0.6684885025024414,0.4487249553203583,0.6909499168395996,0.4601121544837951,0.6935277581214905,open_video_trim_3,0.45635758340358734,0.5410739183425903,0.015837669372558594,Backhand_Mid
frame_305_trim_3.jpg,0.416969746351242,0.4111836850643158,0.4679953157901764,0.4001163244247436,0.4281166791915893,0.543035089969635,0.4547040164470672,0.5401093363761902,0.4250482618808746,0.5867584943771362,0.4566779732704162,0.5923908948898315,0.4221381545066833,0.6827012896537781,0.4464313387870788,0.6851273775100708,0.4220045506954193,0.6933484673500061,0.4460039734840393,0.7111202478408813,open_video_trim_3,0.44141034781932825,0.5415722131729126,0.024293184280395508,Backhand_Mid
frame_306_trim_3.jpg,0.416969746351242,0.4111836850643158,0.4679953157901764,0.4001163244247436,0.4281166791915893,0.543035089969635,0.4547040164470672,0.5401093363761902,0.4250482618808746,0.5867584943771362,0.4566779732704162,0.5923908948898315,0.4221381545066833,0.6827012896537781,0.4464313387870788,0.6851273775100708,0.4220045506954193,0.6933484673500061,0.4460039734840393,0.7111202478408813,open_video_trim_3,0.44141034781932825,0.5415722131729126,0.024293184280395508,Backhand_Mid
frame_307_trim_3.jpg,0.2594142556190491,0.4423489570617676,0.2322920262813568,0.4272418022155761,0.2431299537420272,0.5953096747398376,0.2358056455850601,0.595025360584259,0.2399226576089859,0.696968674659729,0.2640146911144256,0.69244384765625,0.1978308260440826,0.7622190117835999,0.2616506218910217,0.8168898820877075,0.2083873152732849,0.8145967721939087,0.2936077713966369,0.8469222784042358,open_video_trim_3,0.23946779966354365,0.5951675176620483,0.06381979584693906,Backhand_Front
frame_308_trim_3.jpg,0.2603545188903808,0.4444881081581116,0.2257221192121505,0.4278335869312286,0.2370977848768234,0.5915897488594055,0.2239007204771042,0.5910773277282715,0.2374713718891143,0.6967950463294983,0.2508030533790588,0.6878110766410828,0.2011068761348724,0.777815580368042,0.2616770565509796,0.8123645186424255,0.2211668044328689,0.8144505023956299,0.2934805750846863,0.8312880396842957,open_video_trim_3,0.2304992526769638,0.5913335382938385,0.060570180416107205,Backhand_Front
frame_309_trim_3.jpg,0.2615865468978882,0.4303029179573059,0.2221332043409347,0.4182657301425934,0.2355561405420303,0.5754405856132507,0.2198797017335891,0.5725648999214172,0.2355421185493469,0.6752711534500122,0.2431812882423401,0.6722402572631836,0.2187662422657013,0.7815722227096558,0.2312118411064148,0.7865082621574402,0.23898746073246,0.8162000775337219,0.2480737268924713,0.8284130096435547,open_video_trim_3,0.2277179211378097,0.574002742767334,0.012445598840713501,Backhand_Mid
frame_31_trim_3.jpg,0.2615865468978882,0.4303029179573059,0.2221332043409347,0.4182657301425934,0.2355561405420303,0.5754405856132507,0.2198797017335891,0.5725648999214172,0.2355421185493469,0.6752711534500122,0.2431812882423401,0.6722402572631836,0.2187662422657013,0.7815722227096558,0.2312118411064148,0.7865082621574402,0.23898746073246,0.8162000775337219,0.2480737268924713,0.8284130096435547,open_video_trim_3,0.2277179211378097,0.574002742767334,0.012445598840713501,Backhand_Mid
frame_310_trim_3.jpg,0.2664710581302643,0.406850129365921,0.2204407006502151,0.3973477184772491,0.2473476976156234,0.5589308738708496,0.2235691994428634,0.5552972555160522,0.2507029771804809,0.6651454567909241,0.2309818118810653,0.6614071726799011,0.2370812147855758,0.7721948623657227,0.204256922006607,0.7476861476898193,0.2610740959644317,0.8081129789352417,0.2083693891763687,0.8061048984527588,open_video_trim_3,0.2354584485292434,0.5571140646934509,0.03282429277896881,Backhand_Mid
frame_311_trim_3.jpg,0.2693720459938049,0.4049617350101471,0.2203228175640106,0.3980116844177246,0.256611168384552,0.5613845586776733,0.2262263596057891,0.5576805472373962,0.2665204703807831,0.6694672703742981,0.2211775630712509,0.6685538291931152,0.2488684654235839,0.7721946835517883,0.1916203051805496,0.7323272228240967,0.2687199711799621,0.8084707260131836,0.1872517764568328,0.7928124070167542,open_video_trim_3,0.24141876399517054,0.5595325529575348,0.05724816024303431,Backhand_Mid
frame_312_trim_3.jpg,0.2701030969619751,0.4153594672679901,0.2200709134340286,0.4230935871601105,0.262899249792099,0.574372410774231,0.2315593361854553,0.5752900838851929,0.2803656458854675,0.6701962351799011,0.2086846232414245,0.6733973026275635,0.2706629335880279,0.7721927165985107,0.1802184879779815,0.7249667644500732,0.288672387599945,0.8072169423103333,0.1721644103527069,0.7822204232215881,open_video_trim_3,0.24722929298877716,0.5748312473297119,0.09044444561004639,Backhand_Mid
frame_313_trim_3.jpg,0.2672170102596283,0.4229540228843689,0.2153202593326568,0.4369420409202575,0.2633342146873474,0.5796884894371033,0.2317505329847335,0.5837752223014832,0.2881534993648529,0.6638715863227844,0.2087869048118591,0.6768555045127869,0.2899239957332611,0.7698788642883301,0.1800468116998672,0.7255533933639526,0.3034535050392151,0.8049537539482117,0.1771991848945617,0.7852833271026611,open_video_trim_3,0.24754237383604044,0.5817318558692932,0.10987718403339392,Backhand_Mid
frame_314_trim_3.jpg,0.2630262076854706,0.4323168992996216,0.2103552520275116,0.4539833664894104,0.2611506283283233,0.5856941342353821,0.2309079021215438,0.5950554013252258,0.2963743209838867,0.6529437303543091,0.2065236419439315,0.6858155131340027,0.2988367676734924,0.7574915289878845,0.1847657412290573,0.7349810004234314,0.3124376237392425,0.7944175601005554,0.1837293654680252,0.7867916822433472,open_video_trim_3,0.24602926522493357,0.590374767780304,0.11407102644443506,Backhand_Mid
frame_315_trim_3.jpg,0.2628038227558136,0.4284102320671081,0.2110012918710708,0.4486196041107178,0.2632326483726501,0.5819122791290283,0.2313424497842788,0.58901047706604,0.3000051379203796,0.6461225152015686,0.206848457455635,0.6852408647537231,0.2848244905471802,0.7311224937438965,0.2023263275623321,0.738490641117096,0.3015011250972748,0.7727242112159729,0.2018432915210724,0.7847781777381897,open_video_trim_3,0.24728754907846445,0.5854613780975342,0.08249816298484808,Backhand_Mid
frame_316_trim_3.jpg,0.2655399441719055,0.4119362533092499,0.2129790633916854,0.4375484585762024,0.2683059573173523,0.5674070715904236,0.2392422556877136,0.5735607147216797,0.2929650843143463,0.6407170295715332,0.2249026000499725,0.6729745864868164,0.263462483882904,0.7042248249053955,0.2194775938987732,0.738038957118988,0.2671163976192474,0.7538086771965027,0.2176820337772369,0.7843397259712219,open_video_trim_3,0.25377410650253296,0.5704838931560516,0.043984889984130804,Backhand_Mid
frame_317_trim_3.jpg,0.2732020914554596,0.3967961072921753,0.228478118777275,0.4011358618736267,0.2692004740238189,0.5438438057899475,0.2428877353668213,0.5423932075500488,0.2728082537651062,0.6341345906257629,0.2359877973794937,0.6415234208106995,0.2364723235368728,0.6875377893447876,0.2303604632616043,0.7354402542114258,0.2335474789142608,0.735771119594574,0.2304977923631668,0.7799463272094727,open_video_trim_3,0.25604410469532013,0.5431185066699982,0.006111860275268499,Backhand_Mid
frame_318_trim_3.jpg,0.2719113528728485,0.3978751897811889,0.2419613301753997,0.3847824931144714,0.2667202949523926,0.5362297296524048,0.2435336112976074,0.5294774174690247,0.2549101114273071,0.6303591132164001,0.2399401813745498,0.6313032507896423,0.2220423221588134,0.7019065618515015,0.2308949381113052,0.7326409816741943,0.2274029552936554,0.749342143535614,0.2340573370456695,0.7782047390937805,open_video_trim_3,0.255126953125,0.5328535735607147,0.008852615952491816,Backhand_Mid
frame_319_trim_3.jpg,0.2680306434631347,0.4074605107307434,0.2474676519632339,0.3932473063468933,0.2513604164123535,0.5432124137878418,0.2422806918621063,0.5398181080818176,0.2371190339326858,0.636843204498291,0.2481229454278946,0.6414449214935303,0.2100496292114257,0.7157336473464966,0.2268149554729461,0.7317212820053101,0.2209416031837463,0.7571661472320557,0.2330870032310485,0.7802800536155701,open_video_trim_3,0.24682055413722992,0.5415152609348297,0.016765326261520413,Backhand_Mid
frame_32_trim_3.jpg,0.2680306434631347,0.4074605107307434,0.2474676519632339,0.3932473063468933,0.2513604164123535,0.5432124137878418,0.2422806918621063,0.5398181080818176,0.2371190339326858,0.636843204498291,0.2481229454278946,0.6414449214935303,0.2100496292114257,0.7157336473464966,0.2268149554729461,0.7317212820053101,0.2209416031837463,0.7571661472320557,0.2330870032310485,0.7802800536155701,open_video_trim_3,0.24682055413722992,0.5415152609348297,0.016765326261520413,Backhand_Mid
frame_320_trim_3.jpg,0.2584341764450073,0.4334316849708557,0.2627371549606323,0.4213577210903168,0.2370354086160659,0.5666950941085815,0.2403858602046966,0.5690959692001343,0.2356693297624588,0.6515399217605591,0.2619655728340149,0.6496029496192932,0.205874428153038,0.7324504852294922,0.2344699501991272,0.7298864126205444,0.2198474109172821,0.7584545612335205,0.2394235134124755,0.779171347618103,open_video_trim_3,0.23871063441038126,0.5678955316543579,0.0285955220460892,Backhand_Mid
frame_321_trim_3.jpg,0.2613979578018188,0.4382040500640869,0.2656511962413788,0.4423509240150451,0.2367714345455169,0.5677726864814758,0.240471065044403,0.573462963104248,0.2427668422460556,0.6523192524909973,0.2738823294639587,0.6472018361091614,0.2094914466142654,0.7307000756263733,0.241540715098381,0.730666995048523,0.2240163683891296,0.7551080584526062,0.2526182234287262,0.7799570560455322,open_video_trim_3,0.23862124979495997,0.5706178247928619,0.0320492684841156,Backhand_Mid
frame_322_trim_3.jpg,0.2732809782028198,0.4504550099372864,0.2744578123092651,0.4552082419395447,0.2412111312150955,0.5722568035125732,0.2437376528978347,0.5770490765571594,0.2515666782855987,0.6528590321540833,0.2849797904491424,0.642795741558075,0.2118110954761505,0.7312328219413757,0.2667679488658905,0.7441403865814209,0.2282042056322097,0.7579755783081055,0.2895032167434692,0.7806925177574158,open_video_trim_3,0.2424743920564651,0.5746529400348663,0.05495685338973999,Backhand_Mid
frame_323_trim_3.jpg,0.2874310314655304,0.4603960812091827,0.2833240330219269,0.468633085489273,0.2504036128520965,0.5764453411102295,0.2508802711963653,0.5803037285804749,0.251385748386383,0.6570586562156677,0.2951124608516693,0.6433289647102356,0.2132343202829361,0.7318242192268372,0.2982783913612366,0.7571601271629333,0.2302654385566711,0.7581651210784912,0.327224463224411,0.7726669311523438,open_video_trim_3,0.2506419420242309,0.5783745348453522,0.08504407107830048,Backhand_Mid
frame_324_trim_3.jpg,0.2977195382118225,0.4588764011859894,0.2981122136116028,0.4707056283950805,0.2618281245231628,0.5796961188316345,0.2660883069038391,0.584947943687439,0.2515662908554077,0.6574461460113525,0.310271143913269,0.651546835899353,0.2137158215045929,0.732416033744812,0.3091184794902801,0.7662014365196228,0.2304101586341858,0.7581819295883179,0.3382314145565033,0.7747481465339661,open_video_trim_3,0.263958215713501,0.5823220312595367,0.0954026579856872,Backhand_Mid
frame_325_trim_3.jpg,0.2977195382118225,0.4588764011859894,0.2981122136116028,0.4707056283950805,0.2618281245231628,0.5796961188316345,0.2660883069038391,0.584947943687439,0.2515662908554077,0.6574461460113525,0.310271143913269,0.651546835899353,0.2137158215045929,0.732416033744812,0.3091184794902801,0.7662014365196228,0.2304101586341858,0.7581819295883179,0.3382314145565033,0.7747481465339661,open_video_trim_3,0.263958215713501,0.5823220312595367,0.0954026579856872,Backhand_Mid
frame_326_trim_3.jpg,0.4644819796085357,0.4165633916854858,0.459959328174591,0.4177704453468323,0.4781742095947265,0.5633240342140198,0.4869649112224579,0.5592645406723022,0.4897131323814392,0.667215883731842,0.4768010973930359,0.6317537426948547,0.5246665477752686,0.7321249842643738,0.4947767257690429,0.6981296539306641,0.5030272603034973,0.7472752928733826,0.4851094186306,0.7361817955970764,open_video_trim_3,0.4825695604085922,0.561294287443161,0.02988982200622564,Recovery_Ready
frame_327_trim_3.jpg,0.4504887461662292,0.414456307888031,0.4455187022686004,0.4177426397800445,0.4696057438850403,0.5609593987464905,0.4665697813034057,0.5588728785514832,0.4929236471652984,0.6639769673347473,0.4297238290309906,0.6206731796264648,0.5379992723464966,0.7303849458694458,0.4463780522346496,0.6982691884040833,0.5246316194534302,0.7579598426818848,0.4237225651741028,0.719848096370697,open_video_trim_3,0.468087762594223,0.5599161386489868,0.09162122011184698,Backhand_Mid
frame_328_trim_3.jpg,0.4292146861553192,0.411319226026535,0.4274840056896209,0.4178619384765625,0.443405419588089,0.5565049052238464,0.4534102082252502,0.5553451180458069,0.4149550795555115,0.6307808756828308,0.4735674262046814,0.6355235576629639,0.3993854224681854,0.7008204460144043,0.5254595279693604,0.714308500289917,0.3761846721172333,0.6813536882400513,0.5234697461128235,0.7533032894134521,open_video_trim_3,0.4484078139066696,0.5559250116348267,0.12607410550117493,Backhand_Mid
frame_329_trim_3.jpg,0.3871951103210449,0.434555321931839,0.4193857610225677,0.4245626628398895,0.4251008629798889,0.563878059387207,0.438033789396286,0.5605261325836182,0.3940536081790924,0.6296554207801819,0.469051718711853,0.6455422043800354,0.3761729896068573,0.7002052664756775,0.5143967270851135,0.7151549458503723,0.3534918427467346,0.6934237480163574,0.5199664831161499,0.7593375444412231,open_video_trim_3,0.43156732618808746,0.5622020959854126,0.13822373747825623,Backhand_Mid
frame_33_trim_3.jpg,0.4285518825054168,0.3821982443332672,0.4856568276882171,0.368317574262619,0.4489152729511261,0.5524281859397888,0.4517739713191986,0.5465473532676697,0.4731453359127044,0.6368557214736938,0.4699164628982544,0.6750800609588623,0.455620676279068,0.7615252733230591,0.4648545682430267,0.8121294975280762,0.4471727013587951,0.7696976065635681,0.4938241839408874,0.820073664188385,open_video_trim_3,0.45034462213516235,0.5494877696037292,0.009233891963958685,Backhand_Mid
frame_330_trim_3.jpg,0.3824236094951629,0.4500696361064911,0.4017595052719116,0.4459286630153656,0.415271133184433,0.5795751214027405,0.4113196730613708,0.5775502920150757,0.4440579712390899,0.6594377160072327,0.3796964883804321,0.619897186756134,0.469510942697525,0.7313485741615295,0.3714893758296966,0.7134419679641724,0.485615998506546,0.7672001123428345,0.3511689007282257,0.7270603179931641,open_video_trim_3,0.4132954031229019,0.5785627067089081,0.09802156686782842,Backhand_Mid
frame_331_trim_3.jpg,0.3822008967399597,0.4529874622821808,0.3658104538917541,0.4739140570163727,0.4139090180397033,0.5822704434394836,0.3998693227767944,0.5818334221839905,0.4191137552261352,0.6713657379150391,0.3697406053543091,0.6099475026130676,0.4686843454837799,0.7165383696556091,0.368870347738266,0.7015558481216431,0.4826512038707733,0.7631365060806274,0.3481480181217193,0.7158874869346619,open_video_trim_3,0.40688917040824885,0.5820519328117371,0.09981399774551392,Backhand_Mid
frame_34_trim_3.jpg,0.4000298678874969,0.4546565115451813,0.423946738243103,0.4538732469081878,0.4389770328998565,0.5680874586105347,0.4388478100299835,0.5591017007827759,0.4725965559482574,0.6446580290794373,0.4695445299148559,0.6350983381271362,0.4660389125347137,0.7564833760261536,0.4487060010433197,0.7754806280136108,0.488323837518692,0.7794837355613708,0.4715762138366699,0.7993896007537842,open_video_trim_3,0.43891242146492004,0.5635945796966553,0.017332911491393987,Backhand_Mid
frame_35_trim_3.jpg,0.4146715700626373,0.4480474293231964,0.4451059699058532,0.4432889521121979,0.440444141626358,0.5355194807052612,0.4440811574459076,0.5333370566368103,0.4718871116638183,0.6093974709510803,0.4809110462665558,0.6069488525390625,0.4685818552970886,0.7332243323326111,0.4712291955947876,0.7658966779708862,0.4876206219196319,0.767206072807312,0.4908896088600158,0.78062504529953,open_video_trim_3,0.4422626495361328,0.5344282686710358,0.0026473402976989746,Backhand_Mid
frame_36_trim_3.jpg,0.419230043888092,0.4117056429386139,0.4547214210033417,0.4222538471221924,0.4441104233264923,0.502411425113678,0.4577500522136688,0.4997455179691314,0.4819977879524231,0.5645549893379211,0.4867237508296966,0.5733922719955444,0.4688763320446014,0.6925054788589478,0.4766001403331756,0.7096163034439087,0.4872821867465973,0.7312648892402649,0.5010110139846802,0.7556943297386169,open_video_trim_3,0.45093023777008057,0.5010784715414047,0.007723808288574219,Backhand_Backcourt
frame_37_trim_3.jpg,0.437104731798172,0.3608191013336181,0.4744867086410522,0.3673204481601715,0.4619557559490204,0.4716011881828308,0.4769845008850097,0.4678276181221008,0.4857003390789032,0.553789496421814,0.4897337853908539,0.5661453008651733,0.4739404022693634,0.6718057990074158,0.4778593778610229,0.6930454969406128,0.4968355894088745,0.7026981711387634,0.494660884141922,0.7282114028930664,open_video_trim_3,0.4694701284170151,0.4697144031524658,0.00391897559165949,Recovery_Ready
frame_38_trim_3.jpg,0.4660679996013641,0.2948147654533386,0.5267713665962219,0.2954219579696655,0.4829989373683929,0.4450991153717041,0.5097928047180176,0.4458559453487396,0.4876950085163116,0.5398051142692566,0.4937233924865722,0.5633388161659241,0.4908613860607147,0.6442821621894836,0.4720892012119293,0.6968122720718384,0.4937122762203216,0.6637706160545349,0.4852677285671234,0.7159149050712585,open_video_trim_3,0.49639587104320526,0.44547753036022186,0.0187721848487854,Recovery_Ready
frame_39_trim_3.jpg,0.4771305620670318,0.296895295381546,0.5405959486961365,0.300792783498764,0.4896453022956848,0.4535478055477142,0.5179318189620972,0.4571568667888641,0.4902009069919586,0.5422179102897644,0.5019728541374207,0.573753297328949,0.5082014799118042,0.6143671274185181,0.4720605015754699,0.6946612596511841,0.5055149793624878,0.6291720271110535,0.4838760793209076,0.724402129650116,open_video_trim_3,0.503788560628891,0.45535233616828913,0.036140978336334284,Recovery_Ready
frame_4_trim_3.jpg,0.4771305620670318,0.296895295381546,0.5405959486961365,0.300792783498764,0.4896453022956848,0.4535478055477142,0.5179318189620972,0.4571568667888641,0.4902009069919586,0.5422179102897644,0.5019728541374207,0.573753297328949,0.5082014799118042,0.6143671274185181,0.4720605015754699,0.6946612596511841,0.5055149793624878,0.6291720271110535,0.4838760793209076,0.724402129650116,open_video_trim_3,0.503788560628891,0.45535233616828913,0.036140978336334284,Recovery_Ready
frame_40_trim_3.jpg,0.4845004379749298,0.3006567358970642,0.5471057891845703,0.2962234616279602,0.5017611384391785,0.4554888308048248,0.5294774770736694,0.4565315246582031,0.5053211450576782,0.5397384166717529,0.525624692440033,0.562317967414856,0.5152096748352051,0.62091463804245,0.4939070641994476,0.6575832962989807,0.5168899893760681,0.6522140502929688,0.4938830733299255,0.7119331359863281,open_video_trim_3,0.515619307756424,0.456010177731514,0.021302610635757502,Recovery_Ready
frame_41_trim_3.jpg,0.4910282790660858,0.3000425398349762,0.5502617359161377,0.2962229251861572,0.508027970790863,0.4537471532821655,0.5379495024681091,0.454088032245636,0.5089100003242493,0.5343512296676636,0.542218804359436,0.5552535057067871,0.5190194845199585,0.6196152567863464,0.514790952205658,0.6204544305801392,0.5221042037010193,0.6565208435058594,0.5181507468223572,0.66133052110672,open_video_trim_3,0.5229887366294861,0.45391759276390076,0.004228532314300537,Recovery_Ready
frame_42_trim_3.jpg,0.4980801939964294,0.2898691892623901,0.5583329796791077,0.2860577404499054,0.5169297456741333,0.4377930760383606,0.5478872656822205,0.4375042915344238,0.5127004981040955,0.5224322080612183,0.5592233538627625,0.5143319964408875,0.5193048715591431,0.6178022623062134,0.5423716306686401,0.6060028672218323,0.5215785503387451,0.6448641419410706,0.5510225892066956,0.6461532711982727,open_video_trim_3,0.5324085056781769,0.4376486837863922,0.02306675910949707,Recovery_Ready
frame_43_trim_3.jpg,0.5115663409233093,0.2648768126964569,0.5691055655479431,0.2654833495616913,0.5275051593780518,0.4157543480396271,0.5614681243896484,0.4158214032649994,0.5166959166526794,0.5085029006004333,0.5719993114471436,0.4904368221759796,0.5214861035346985,0.6171037554740906,0.5687940716743469,0.5904505252838135,0.5215608477592468,0.6331726908683777,0.5805882215499878,0.5991663336753845,open_video_trim_3,0.5444866418838501,0.41578787565231323,0.04730796813964844,Recovery_Ready
frame_44_trim_3.jpg,0.5219652056694031,0.2610367834568023,0.5773335099220276,0.2607479095458984,0.5389255881309509,0.4080641269683838,0.5698575973510742,0.40645831823349,0.5186106562614441,0.496926486492157,0.5822520852088928,0.4820099472999573,0.5309248566627502,0.6113201975822449,0.594443142414093,0.5637115836143494,0.5188856720924377,0.6266422271728516,0.5961120128631592,0.5679672956466675,open_video_trim_3,0.5543915927410126,0.4072612226009369,0.06351828575134277,Recovery_Ready
frame_45_trim_3.jpg,0.5345785617828369,0.2696304023265838,0.5887595415115356,0.2677604258060455,0.5512002110481262,0.4151988327503204,0.5809701085090637,0.4137034118175506,0.5285267233848572,0.5003226399421692,0.5914592146873474,0.4797684848308563,0.5348309278488159,0.610813319683075,0.6045835018157959,0.5498682260513306,0.5172571539878845,0.6265641450881958,0.6026234030723572,0.5678058862686157,open_video_trim_3,0.566085159778595,0.4144511222839355,0.06975257396697998,Forehand_Backcourt
frame_46_trim_3.jpg,0.5509530305862427,0.2728371918201446,0.6013737320899963,0.267058253288269,0.5652235746383667,0.4134737253189087,0.5944780707359314,0.4119768440723419,0.5413829684257507,0.4964721798896789,0.6040382981300354,0.4714194238185882,0.5384671688079834,0.5970073938369751,0.6056733727455139,0.5596215128898621,0.5198729038238525,0.6255897879600525,0.6064428687095642,0.5685059428215027,open_video_trim_3,0.579850822687149,0.4127252846956253,0.06720620393753052,Forehand_Backcourt
frame_47_trim_3.jpg,0.5644686818122864,0.2650770246982574,0.6161300539970398,0.2540174424648285,0.5805796980857849,0.398552268743515,0.6076024770736694,0.3973294794559479,0.5540087819099426,0.4734800159931183,0.6102095246315002,0.4659797251224518,0.5699636340141296,0.5669069886207581,0.6067549586296082,0.5540615320205688,0.552239716053009,0.6072587966918945,0.6048231720924377,0.5673177242279053,open_video_trim_3,0.5940910875797272,0.39794087409973145,0.036791324615478516,Forehand_Backcourt
frame_48_trim_3.jpg,0.5727599859237671,0.2426256537437439,0.6255055069923401,0.2329680621623993,0.5910961627960205,0.3759222626686096,0.6178566217422485,0.3739106357097626,0.5726047158241272,0.4547998607158661,0.617362916469574,0.4536216557025909,0.6003705263137817,0.5378566980361938,0.6088405251502991,0.5353819727897644,0.5956820845603943,0.5804810523986816,0.6052664518356323,0.5644702911376953,open_video_trim_3,0.6044763922691345,0.3749164491891861,0.008469998836517334,Forehand_Backcourt
frame_49_trim_3.jpg,0.5817428231239319,0.2325422018766403,0.6346727609634399,0.2229252010583877,0.5983313918113708,0.364873856306076,0.6252918839454651,0.3611843287944793,0.5961694717407227,0.4523555338382721,0.6282985806465149,0.4399898052215576,0.6219408512115479,0.5383226275444031,0.6209694147109985,0.5225988030433655,0.6237037181854248,0.5644775032997131,0.6213234663009644,0.5420141816139221,open_video_trim_3,0.611811637878418,0.36302909255027765,0.0009714365005493164,Forehand_Backcourt
frame_5_trim_3.jpg,0.6629352569580078,0.2828381061553955,0.6362805962562561,0.294085681438446,0.6605528593063354,0.4413482844829559,0.6504679918289185,0.4413650333881378,0.6488989591598511,0.5479354858398438,0.6681848168373108,0.5566424131393433,0.6453348994255066,0.6484320759773254,0.6733182668685913,0.6630305051803589,0.6236527562141418,0.6677074432373047,0.6581256985664368,0.688593864440918,open_video_trim_3,0.655510425567627,0.4413566589355469,0.027983367443084717,Forehand_Backcourt
frame_50_trim_3.jpg,0.5999324917793274,0.2454511523246765,0.6422318816184998,0.2344130575656891,0.6127124428749084,0.3819846510887146,0.6365726590156555,0.3796722590923309,0.6139166951179504,0.4651371240615845,0.6453615427017212,0.4492124319076538,0.6354334354400635,0.5528457760810852,0.6470549702644348,0.5265661478042603,0.6280450820922852,0.5702726244926453,0.6498633027076721,0.5360508561134338,open_video_trim_3,0.624642550945282,0.38082845509052277,0.011621534824371338,Forehand_Backcourt
frame_51_trim_3.jpg,0.6009596586227417,0.2427276372909546,0.6499389410018921,0.2309791445732116,0.6145411133766174,0.376646876335144,0.6415148377418518,0.3726457357406616,0.6162174344062805,0.4631597995758056,0.6533874869346619,0.4429960548877716,0.6357572674751282,0.5498765110969543,0.6612375974655151,0.5077463984489441,0.6259483098983765,0.5681571364402771,0.6670053005218506,0.5074959397315979,open_video_trim_3,0.6280279755592346,0.37464630603790283,0.025480329990386963,Forehand_Backcourt
frame_52_trim_3.jpg,0.6095854640007019,0.2400489002466201,0.6564510464668274,0.2248464822769165,0.6220837235450745,0.3734852969646454,0.647990345954895,0.3687686026096344,0.617845356464386,0.458060473203659,0.6596640348434448,0.4402463734149933,0.6342150568962097,0.5400506854057312,0.6699288487434387,0.5100634098052979,0.6254140138626099,0.5686993598937988,0.6774608492851257,0.5027645230293274,open_video_trim_3,0.6350370347499847,0.3711269497871399,0.035713791847229004,Forehand_Backcourt
frame_53_trim_3.jpg,0.619111955165863,0.2387152761220932,0.6662837862968445,0.226056158542633,0.6291845440864563,0.3714242577552795,0.6550262570381165,0.3659310042858124,0.6189021468162537,0.4531843364238739,0.6671316623687744,0.4403843283653259,0.6339730024337769,0.5295594334602356,0.6747470498085022,0.5147696137428284,0.6266500353813171,0.5674104690551758,0.6833651065826416,0.5202891230583191,open_video_trim_3,0.6421054005622864,0.36867763102054596,0.04077404737472534,Forehand_Backcourt
frame_54_trim_3.jpg,0.6272948384284973,0.2383873760700225,0.6726799011230469,0.2289351224899292,0.6344473958015442,0.3686978816986084,0.6617632508277893,0.3668941855430603,0.6209775805473328,0.4497512280941009,0.6753405332565308,0.4343371093273163,0.6319817304611206,0.5184453129768372,0.6758577823638916,0.5154018402099609,0.6267651319503784,0.5663285851478577,0.6877333521842957,0.5264770984649658,open_video_trim_3,0.6481053233146667,0.36779603362083435,0.043876051902770996,Forehand_Backcourt
frame_55_trim_3.jpg,0.6279995441436768,0.2375326305627823,0.6732780337333679,0.2327074855566024,0.6361148357391357,0.3646254539489746,0.6627059578895569,0.3651919662952423,0.6216971278190613,0.4445002973079681,0.6779993772506714,0.4303288459777832,0.6281172633171082,0.5107274651527405,0.6762667298316956,0.511660099029541,0.626884400844574,0.561630129814148,0.6883370876312256,0.5272243618965149,open_video_trim_3,0.6494103968143463,0.36490871012210846,0.0481494665145874,Forehand_Backcourt
frame_56_trim_3.jpg,0.6271037459373474,0.2312478870153427,0.6746746301651001,0.2301899641752243,0.6333686113357544,0.3516855835914612,0.6602481603622437,0.3538923263549804,0.6192275285720825,0.4313198626041412,0.6745559573173523,0.4277278184890747,0.6243147253990173,0.504673182964325,0.6763442158699036,0.5129711031913757,0.6204677820205688,0.5535557866096497,0.6879256963729858,0.5279001593589783,open_video_trim_3,0.646808385848999,0.3527889549732208,0.05202949047088623,Forehand_Backcourt
frame_57_trim_3.jpg,0.6240383386611938,0.2212975323200225,0.6727846264839172,0.2250523120164871,0.6307836174964905,0.3450979888439178,0.6575058102607727,0.3478170931339264,0.6152209639549255,0.4255555272102356,0.6706904172897339,0.4264777600765228,0.6188119053840637,0.5039975643157959,0.6756804585456848,0.5122504830360413,0.6117990016937256,0.5493252873420715,0.686393678188324,0.5270518660545349,open_video_trim_3,0.6441447138786316,0.3464575409889221,0.056868553161621094,Forehand_Backcourt
frame_58_trim_3.jpg,0.6192018985748291,0.220573291182518,0.6664409637451172,0.2244735807180404,0.6277608871459961,0.3463197350502014,0.6543086171150208,0.3462358713150024,0.6140055060386658,0.4232412278652191,0.6684271097183228,0.4220391809940338,0.6046064496040344,0.5089004635810852,0.6754283308982849,0.5095272064208984,0.5912520885467529,0.5421572327613831,0.6857742071151733,0.5257425904273987,open_video_trim_3,0.6410347521305084,0.34627780318260193,0.07082188129425049,Forehand_Backcourt
frame_59_trim_3.jpg,0.6177173852920532,0.2249737679958343,0.6658784747123718,0.2268784195184707,0.626116931438446,0.3543270528316498,0.6517443060874939,0.3543269634246826,0.6000180840492249,0.4273096024990082,0.6699504256248474,0.4256716668605804,0.5908076167106628,0.5146889686584473,0.6747710108757019,0.5109051465988159,0.5780689716339111,0.5336477160453796,0.6869052648544312,0.5253632068634033,open_video_trim_3,0.63893061876297,0.3543270081281662,0.08396339416503906,Forehand_Backcourt
frame_6_trim_3.jpg,0.6606203317642212,0.2878302037715912,0.6293103098869324,0.2972597479820251,0.6602410674095154,0.4314208328723907,0.647233247756958,0.4330589175224304,0.6581394672393799,0.5422672033309937,0.6536584496498108,0.5449661016464233,0.6624136567115784,0.6485324501991272,0.6727648377418518,0.6416672468185425,0.6476765871047974,0.6694769859313965,0.6540836095809937,0.6668561697006226,open_video_trim_3,0.6537371575832367,0.4322398751974106,0.010351181030273438,Forehand_Backcourt
frame_60_trim_3.jpg,0.6021885275840759,0.2703290283679962,0.6390984654426575,0.2910507619380951,0.6165496706962585,0.4068801701068878,0.6419554352760315,0.4018245339393616,0.5919492840766907,0.4520133137702942,0.6594115495681763,0.4422120451927185,0.5884188413619995,0.5419027209281921,0.6737417578697205,0.5318450331687927,0.5784999132156372,0.5477412939071655,0.679429829120636,0.5383645296096802,open_video_trim_3,0.629252552986145,0.4043523520231247,0.08532291650772095,Forehand_Backcourt
frame_61_trim_3.jpg,0.576429009437561,0.2680728733539581,0.6224240660667419,0.2680904865264892,0.593715250492096,0.3828145265579223,0.6215341687202454,0.3768512606620788,0.5771626234054565,0.4436527490615845,0.6453878879547119,0.4350960552692413,0.5817368626594543,0.5309945344924927,0.6713400483131409,0.5121541619300842,0.5709518194198608,0.5362375974655151,0.6806105971336365,0.523820161819458,open_video_trim_3,0.6076247096061707,0.37983289361000055,0.08960318565368652,Forehand_Backcourt
frame_62_trim_3.jpg,0.5550718307495117,0.2508772313594818,0.603046178817749,0.2449497580528259,0.5761973261833191,0.3738659918308258,0.6033787131309509,0.3658709526062011,0.5698601007461548,0.4422445595264435,0.6251069903373718,0.4315334856510162,0.5802131295204163,0.5275740027427673,0.6448391675949097,0.5127286314964294,0.5724784135818481,0.5358493328094482,0.6592839956283569,0.5264856219291687,open_video_trim_3,0.589788019657135,0.3698684722185135,0.06462603807449341,Forehand_Backcourt
frame_63_trim_3.jpg,0.5385259985923767,0.2190169394016266,0.5855306386947632,0.218692809343338,0.5574392080307007,0.3495999872684479,0.5819321870803833,0.3448629379272461,0.5655547380447388,0.4322379827499389,0.5974610447883606,0.4240594506263733,0.5768957138061523,0.5210376977920532,0.6028087735176086,0.5153472423553467,0.5788507461547852,0.5361354947090149,0.6173133850097656,0.5350979566574097,open_video_trim_3,0.569685697555542,0.347231462597847,0.0259130597114563,Forehand_Backcourt
frame_64_trim_3.jpg,0.5223051905632019,0.2053719758987426,0.5696613192558289,0.2016791403293609,0.5394152998924255,0.3380467295646667,0.5634795427322388,0.3317045569419861,0.547295868396759,0.4239858090877533,0.571517825126648,0.4185810089111328,0.5549501180648804,0.5080159902572632,0.568696141242981,0.5158684253692627,0.5623355507850647,0.5333347916603088,0.574616551399231,0.5386310815811157,open_video_trim_3,0.5514474213123322,0.3348756432533264,0.013746023178100586,Recovery_Ready
frame_65_trim_3.jpg,0.5054255127906799,0.2104324996471405,0.5538519024848938,0.2068983167409896,0.5213857889175415,0.3399803042411804,0.5462789535522461,0.3367012739181518,0.5180791020393372,0.4282499551773071,0.5551450848579407,0.4224352836608886,0.5175386071205139,0.5194172859191895,0.5477305054664612,0.5162675380706787,0.5173224210739136,0.5412006378173828,0.5482236742973328,0.5413941740989685,open_video_trim_3,0.5338323712348938,0.33834078907966614,0.030191898345947266,Recovery_Ready
frame_66_trim_3.jpg,0.4866373240947723,0.2253242433071136,0.5356236100196838,0.2087877541780471,0.5032780766487122,0.3420406281948089,0.5289389491081238,0.339239627122879,0.4846056997776031,0.4293523728847503,0.5418170094490051,0.4369514882564544,0.4709813892841339,0.523356556892395,0.5368801951408386,0.5307008624076843,0.4630080163478851,0.5441049933433533,0.5445403456687927,0.5502119064331055,open_video_trim_3,0.516108512878418,0.34064012765884394,0.06589880585670471,Recovery_Ready
frame_67_trim_3.jpg,0.4665586650371551,0.2591888904571533,0.5156910419464111,0.2428914159536361,0.4832352995872497,0.3783511221408844,0.5111900568008423,0.3787295818328857,0.4538158178329468,0.4476795196533203,0.532621443271637,0.4537060856819153,0.4312799274921417,0.5325865745544434,0.535209059715271,0.5447001457214355,0.4182376563549042,0.5509465932846069,0.5447635650634766,0.5515260100364685,open_video_trim_3,0.497212678194046,0.37854035198688507,0.10392913222312927,Backhand_Backcourt
frame_68_trim_3.jpg,0.4373151659965515,0.264642983675003,0.485768586397171,0.2527463138103485,0.4545878767967224,0.3871092796325683,0.4838761687278747,0.3845798969268799,0.4289385676383972,0.4655002057552337,0.5096529126167297,0.4552215933799743,0.4115967750549316,0.5524163246154785,0.53106689453125,0.5418252944946289,0.4029284119606018,0.5720888376235962,0.541648805141449,0.551835834980011,open_video_trim_3,0.4692320227622986,0.3858445882797241,0.11947011947631841,Backhand_Backcourt
frame_69_trim_3.jpg,0.4071014821529388,0.2638777494430542,0.4551314115524292,0.2596655488014221,0.4245141744613647,0.3915480673313141,0.4522188007831573,0.3873413503170013,0.4071185290813446,0.4690378904342651,0.481599360704422,0.4605863690376282,0.4079827964305877,0.5653060078620911,0.5080659985542297,0.5409318208694458,0.3985194265842438,0.5739845037460327,0.5233617424964905,0.5454800724983215,open_video_trim_3,0.438366487622261,0.3894447088241577,0.10008320212364202,Backhand_Backcourt
frame_7_trim_3.jpg,0.4071014821529388,0.2638777494430542,0.4551314115524292,0.2596655488014221,0.4245141744613647,0.3915480673313141,0.4522188007831573,0.3873413503170013,0.4071185290813446,0.4690378904342651,0.481599360704422,0.4605863690376282,0.4079827964305877,0.5653060078620911,0.5080659985542297,0.5409318208694458,0.3985194265842438,0.5739845037460327,0.5233617424964905,0.5454800724983215,open_video_trim_3,0.438366487622261,0.3894447088241577,0.10008320212364202,Backhand_Backcourt
frame_70_trim_3.jpg,0.3810309767723083,0.2401397675275802,0.4306224882602691,0.2431118935346603,0.3976225256919861,0.3820196688175201,0.4261404871940613,0.3806793391704559,0.3993749320507049,0.4631719589233398,0.4476257860660553,0.4584687948226928,0.4070663154125213,0.5544112920761108,0.4572200179100036,0.5507426857948303,0.409367173910141,0.5723310708999634,0.4716441333293915,0.5656596422195435,open_video_trim_3,0.4118815064430237,0.381349503993988,0.0501537024974823,Backhand_Backcourt
frame_71_trim_3.jpg,0.3597090542316437,0.2250140458345413,0.4090982377529144,0.2238276451826095,0.3751797080039978,0.3621869683265686,0.4017631411552429,0.3603758215904236,0.3845029473304748,0.4523647725582123,0.4102362990379333,0.4484767615795135,0.3922570347785949,0.5461175441741943,0.409527838230133,0.5487099885940552,0.4025135040283203,0.5698199272155762,0.4182690978050232,0.5719956159591675,open_video_trim_3,0.38847142457962036,0.3612813949584961,0.017270803451538086,Backhand_Backcourt
frame_72_trim_3.jpg,0.3334561884403229,0.2248346507549286,0.3822248578071594,0.2166349589824676,0.3521044850349426,0.3606465756893158,0.3763919472694397,0.3575571775436401,0.3540800809860229,0.4505797326564789,0.3828406929969787,0.4472199082374573,0.3509594798088074,0.5448672771453857,0.372821033000946,0.5487672090530396,0.3612156808376312,0.5699337720870972,0.3770302236080169,0.5837616324424744,open_video_trim_3,0.36424821615219116,0.35910187661647797,0.021861553192138616,Backhand_Backcourt
frame_73_trim_3.jpg,0.3077071905136108,0.2388003915548324,0.3569060266017914,0.2215760350227356,0.328042209148407,0.364536851644516,0.3538172841072082,0.3611698448657989,0.3166669309139251,0.4574050307273865,0.3674240112304687,0.4604838192462921,0.2969686090946197,0.5483371019363403,0.352333664894104,0.5635234117507935,0.299942284822464,0.5745248198509216,0.363728791475296,0.5930532813072205,open_video_trim_3,0.3409297466278076,0.36285334825515747,0.05536505579948431,Backhand_Backcourt
frame_74_trim_3.jpg,0.2839727997779846,0.2749340534210205,0.3302136659622192,0.2539342045783996,0.3024519383907318,0.4052681922912597,0.3292980492115021,0.4028586745262146,0.2787410616874695,0.484120637178421,0.3556209504604339,0.4777697622776031,0.2420586496591568,0.5597954392433167,0.3448830544948578,0.5773279666900635,0.2376588135957718,0.5907464027404785,0.3630984127521515,0.5943239331245422,open_video_trim_3,0.31587499380111694,0.4040634334087372,0.10282440483570099,Backhand_Backcourt
frame_75_trim_3.jpg,0.2516702711582184,0.2911676168441772,0.2947372794151306,0.2677266597747803,0.2722886502742767,0.4170744121074676,0.2970464825630188,0.4119299948215484,0.2511487603187561,0.5021527409553528,0.3311112523078918,0.4839471876621246,0.2109551578760147,0.5770184397697449,0.3419499695301056,0.583375871181488,0.2160979807376861,0.6136889457702637,0.3638825714588165,0.5928165316581726,open_video_trim_3,0.28466756641864777,0.414502203464508,0.13099481165409088,Backhand_Backcourt
frame_76_trim_3.jpg,0.2202856242656707,0.2917380630970001,0.2570959031581878,0.2737098038196563,0.2353374361991882,0.4235499501228332,0.2586239874362945,0.4185150563716888,0.2261416614055633,0.5120759606361389,0.2942655682563782,0.4920180141925812,0.1995904445648193,0.5964315533638,0.3222981989383697,0.5823776125907898,0.2156771570444107,0.6152141690254211,0.3468041718006134,0.5893256664276123,open_video_trim_3,0.24698071181774134,0.421032503247261,0.12270775437355039,Backhand_Backcourt
frame_77_trim_3.jpg,0.1979174166917801,0.2789481282234192,0.2242412567138672,0.2661873698234558,0.202616885304451,0.4183505475521087,0.2239674180746078,0.4128538370132446,0.2076631933450698,0.5095734596252441,0.2569510638713836,0.4890129268169403,0.1950283050537109,0.606459379196167,0.2672079801559448,0.5889976024627686,0.2146944850683212,0.6149663925170898,0.2921511828899383,0.6073466539382935,open_video_trim_3,0.2132921516895294,0.41560219228267664,0.07217967510223391,Backhand_Backcourt
frame_78_trim_3.jpg,0.1730569005012512,0.2654078602790832,0.1942119002342224,0.2623983323574066,0.1723141968250274,0.4155532121658325,0.1890580207109451,0.4094604849815368,0.1848006248474121,0.501518726348877,0.2153834849596023,0.4856358766555786,0.1896609216928482,0.5991308093070984,0.1966600269079208,0.5876404643058777,0.211033895611763,0.6189466714859009,0.2168576866388321,0.621002733707428,open_video_trim_3,0.18068610876798624,0.4125068485736847,0.006999105215072604,Backhand_Backcourt
frame_79_trim_3.jpg,0.1570439040660858,0.248465359210968,0.1562678962945938,0.2565857172012329,0.1560093611478805,0.4135124981403351,0.1564675122499466,0.4050116837024688,0.1668313890695572,0.5005509257316589,0.1698755621910095,0.4938252866268158,0.1535172015428543,0.6024755239486694,0.1331284493207931,0.5899936556816101,0.1803812384605407,0.6342096924781799,0.1378095299005508,0.6386579275131226,open_video_trim_3,0.15623843669891355,0.409262090921402,0.020388752222061213,Backhand_Backcourt
frame_8_trim_3.jpg,0.1570439040660858,0.248465359210968,0.1562678962945938,0.2565857172012329,0.1560093611478805,0.4135124981403351,0.1564675122499466,0.4050116837024688,0.1668313890695572,0.5005509257316589,0.1698755621910095,0.4938252866268158,0.1535172015428543,0.6024755239486694,0.1331284493207931,0.5899936556816101,0.1803812384605407,0.6342096924781799,0.1378095299005508,0.6386579275131226,open_video_trim_3,0.15623843669891355,0.409262090921402,0.020388752222061213,Backhand_Backcourt
frame_80_trim_3.jpg,0.3428361117839813,0.418124258518219,0.2934052646160126,0.4189578890800476,0.3307874500751495,0.5706527233123779,0.3010334968566894,0.5685387849807739,0.3339606821537018,0.6676891446113586,0.282086431980133,0.6628549695014954,0.3178868889808655,0.7612406015396118,0.2627390325069427,0.7003389596939087,0.3236777484416961,0.7955955266952515,0.2558240294456482,0.753178060054779,open_video_trim_3,0.31591047346591944,0.5695957541465759,0.055147856473922785,Backhand_Mid
frame_81_trim_3.jpg,0.3427353501319885,0.4262621700763702,0.2932482957839966,0.4352277815341949,0.3332880735397339,0.5744646787643433,0.3023533523082733,0.5749110579490662,0.3395239412784576,0.6615046858787537,0.279935359954834,0.662287712097168,0.3313720822334289,0.7611773610115051,0.2595353722572326,0.7004786729812622,0.3367617726325989,0.7929875254631042,0.2539454996585846,0.7516553401947021,open_video_trim_3,0.3178207129240036,0.5746878683567047,0.07183670997619629,Backhand_Mid
frame_82_trim_3.jpg,0.3391754031181335,0.4313321113586426,0.2907285392284393,0.4452162086963653,0.3335321843624115,0.5755293965339661,0.3030773401260376,0.5800980925559998,0.3475412726402282,0.648033082485199,0.2824994027614593,0.664460301399231,0.3474446833133697,0.7559317350387573,0.2597801089286804,0.7140622735023499,0.3509307205677032,0.7868441343307495,0.2572056651115417,0.756468653678894,open_video_trim_3,0.31830476224422455,0.5778137445449829,0.08766457438468928,Backhand_Mid
frame_83_trim_3.jpg,0.3332568705081939,0.4368853867053985,0.286140501499176,0.4564932882785797,0.3313089311122894,0.5774860978126526,0.3028000295162201,0.5871663093566895,0.3544787168502807,0.6346125602722168,0.2842388451099396,0.6755594611167908,0.3529728949069977,0.7401956915855408,0.2638283669948578,0.7204084396362305,0.3643991649150848,0.772312343120575,0.2680772840976715,0.7566564679145813,open_video_trim_3,0.31705448031425476,0.582326203584671,0.08914452791213989,Backhand_Mid
frame_84_trim_3.jpg,0.3311285972595215,0.4351305663585663,0.2834387719631195,0.4490186274051666,0.3310283124446869,0.5740408897399902,0.3020915389060974,0.5844520926475525,0.3572060763835907,0.633736789226532,0.2859989702701568,0.674332320690155,0.3451568782329559,0.7227681279182434,0.2699352502822876,0.7237764596939087,0.3596946001052856,0.7618866562843323,0.2762365937232971,0.7570450305938721,open_video_trim_3,0.31655992567539215,0.5792464911937714,0.07522162795066828,Backhand_Mid
frame_85_trim_3.jpg,0.3315558433532715,0.4085802733898163,0.2845005393028259,0.4256342351436615,0.33112633228302,0.5493428707122803,0.3037311434745788,0.5520322322845459,0.3545876741409302,0.625069797039032,0.2910729944705963,0.645175576210022,0.3326014876365661,0.6919368505477905,0.2765737771987915,0.7199549674987793,0.3444862961769104,0.7396430969238281,0.2815114557743072,0.7571715116500854,open_video_trim_3,0.31742873787879944,0.5506875514984131,0.0560277104377746,Backhand_Mid
frame_86_trim_3.jpg,0.3335212469100952,0.3927817046642303,0.2889855206012726,0.3942375481128692,0.3311943709850311,0.5320695638656616,0.3050354421138763,0.5321344137191772,0.345877856016159,0.6140797138214111,0.2938492894172668,0.6200752258300781,0.3142837285995483,0.6758641004562378,0.2823084890842438,0.7115085124969482,0.3189144730567932,0.7274283170700073,0.2859354317188263,0.7575893402099609,open_video_trim_3,0.3181149065494537,0.5321019887924194,0.03197523951530451,Backhand_Mid
frame_87_trim_3.jpg,0.3338976204395294,0.3919549882411957,0.3007531762123108,0.3728313744068146,0.3290279805660248,0.5244539380073547,0.3056410551071167,0.5192762017250061,0.3292780518531799,0.6102696061134338,0.2973810732364654,0.6164406538009644,0.3089126944541931,0.6780483722686768,0.2867693305015564,0.7109118700027466,0.3153659701347351,0.7240656018257141,0.2903958559036255,0.7575172185897827,open_video_trim_3,0.31733451783657074,0.5218650698661804,0.02214336395263672,Backhand_Mid
frame_88_trim_3.jpg,0.3322362899780273,0.4001558721065521,0.3122642636299133,0.3763540685176849,0.3232698440551758,0.5263540148735046,0.3057899177074432,0.5218636393547058,0.3207287490367889,0.6201074719429016,0.304131418466568,0.6250308752059937,0.3006242513656616,0.6967970132827759,0.2876689732074737,0.7113114595413208,0.3113203346729278,0.7340039014816284,0.2943164706230163,0.7574952244758606,open_video_trim_3,0.3145298808813095,0.5241088271141052,0.012955278158187922,Backhand_Mid
frame_89_trim_3.jpg,0.3260463774204254,0.4099393486976623,0.3216325640678406,0.3915502429008484,0.3114774823188782,0.5356247425079346,0.306578665971756,0.5340495705604553,0.3088050782680511,0.6249428391456604,0.3194469809532165,0.6283839344978333,0.2965726852416992,0.7046235799789429,0.2895804047584533,0.7107060551643372,0.3101967573165893,0.73554927110672,0.2940214574337005,0.7574058771133423,open_video_trim_3,0.3090280741453171,0.534837156534195,0.006992280483245905,Backhand_Mid
frame_9_trim_3.jpg,0.3019751906394958,0.286296933889389,0.3425244092941284,0.2710168361663818,0.3099769651889801,0.4346533417701721,0.3306895196437835,0.4344806969165802,0.3104810416698456,0.5229759216308594,0.3433484733104706,0.5303743481636047,0.3037913739681244,0.6242271065711975,0.3505975902080536,0.6328638792037964,0.3152603805065155,0.6285994052886963,0.3737311363220215,0.6425780057907104,open_video_trim_3,0.32033324241638184,0.43456701934337616,0.0468062162399292,Backhand_Backcourt
frame_90_trim_3.jpg,0.3129565119743347,0.4250468611717224,0.3311944007873535,0.4116659164428711,0.3068529367446899,0.5341520309448242,0.317249447107315,0.5328128337860107,0.308718591928482,0.6166785955429077,0.3319253921508789,0.5949551463127136,0.297396719455719,0.6888793110847473,0.3331969976425171,0.688826858997345,0.3085395991802215,0.7090610861778259,0.3428680002689361,0.7159034609794617,open_video_trim_3,0.31205119192600245,0.5334824323654175,0.035800278186798096,Backhand_Mid
frame_91_trim_3.jpg,0.3133747279644012,0.433387815952301,0.3352984488010406,0.4307295978069305,0.3037574887275696,0.5493460893630981,0.3163555860519409,0.5525609850883484,0.3102397918701172,0.6304693818092346,0.3369670212268829,0.6124386787414551,0.2926705181598663,0.7075157761573792,0.3128246366977691,0.7111021876335144,0.3059529960155487,0.7257305383682251,0.3256300091743469,0.7467273473739624,open_video_trim_3,0.31005653738975525,0.5509535372257233,0.020154118537902832,Backhand_Mid
frame_92_trim_3.jpg,0.3287594616413116,0.4370358288288116,0.3419100940227508,0.4402562081813812,0.3044869303703308,0.5508632659912109,0.3150199353694916,0.5551113486289978,0.3084895014762878,0.632451057434082,0.3422673642635345,0.6217818260192871,0.2904321551322937,0.7138985395431519,0.3267408311367035,0.7243914604187012,0.307835966348648,0.7296790480613708,0.3461903929710388,0.7532315850257874,open_video_trim_3,0.3097534328699112,0.5529873073101044,0.03630867600440979,Backhand_Mid
frame_93_trim_3.jpg,0.3379918038845062,0.4469562470912933,0.3460828959941864,0.4532282650470733,0.3071862161159515,0.556006908416748,0.3161813616752624,0.5607753396034241,0.3116531372070312,0.6338486671447754,0.348660260438919,0.6264304518699646,0.2894978523254394,0.7159376740455627,0.3454508781433105,0.7339633703231812,0.3078241348266601,0.7304227948188782,0.3711484670639038,0.7511935234069824,open_video_trim_3,0.31168378889560694,0.5583911240100861,0.055953025817871094,Backhand_Mid
frame_94_trim_3.jpg,0.343222051858902,0.4567591845989227,0.3502789735794067,0.4619736969470978,0.3076168298721313,0.5671942234039307,0.3197773694992065,0.5699109435081482,0.3130160272121429,0.6407332420349121,0.3570431172847748,0.6306357383728027,0.2856981158256531,0.7175652980804443,0.3626703917980194,0.73417067527771,0.3040313124656677,0.7339399456977844,0.3885797262191772,0.748754620552063,open_video_trim_3,0.3136970996856689,0.5685525834560394,0.07697227597236633,Backhand_Mid
frame_95_trim_3.jpg,0.3540366291999817,0.4539266228675842,0.3573556542396545,0.4622791409492492,0.3201282918453216,0.5707504153251648,0.3302589356899261,0.576337456703186,0.3126028180122375,0.6438647508621216,0.3680407106876373,0.6370923519134521,0.2835360467433929,0.7151741981506348,0.3686703443527221,0.742458701133728,0.300062745809555,0.7359654307365417,0.3926111459732055,0.7503085732460022,open_video_trim_3,0.32519361376762385,0.5735439360141754,0.08513429760932922,Backhand_Mid
frame_96_trim_3.jpg,0.3682023584842682,0.4485872685909271,0.3729907870292663,0.4601985216140747,0.3363114893436432,0.5678091645240784,0.3464887738227844,0.573580801486969,0.3169432282447815,0.6389663815498352,0.3840106725692749,0.6472967863082886,0.2869596779346466,0.7128323912620544,0.3718613982200622,0.7498132586479187,0.302725613117218,0.7365176677703857,0.3957405686378479,0.7657389044761658,open_video_trim_3,0.3414001315832138,0.5706949830055237,0.0849017202854156,Backhand_Mid
frame_97_trim_3.jpg,0.3837343454360962,0.4420008957386017,0.3918055593967438,0.4489893913269043,0.3558039963245392,0.5634223818778992,0.3675218522548675,0.5706637501716614,0.3389662504196167,0.6366399526596069,0.3963945209980011,0.6522660851478577,0.3106514811515808,0.7167367935180664,0.37471404671669,0.7491124272346497,0.3230938911437988,0.7449765801429749,0.3977518379688263,0.77016282081604,open_video_trim_3,0.36166292428970337,0.5670430660247803,0.0640625655651092,Backhand_Mid
frame_98_trim_3.jpg,0.3958840668201446,0.4154780209064483,0.4070011675357818,0.4211207628250122,0.3741995096206665,0.5455411672592163,0.3843529820442199,0.5533011555671692,0.36257404088974,0.6337255835533142,0.4003079533576965,0.6459946632385254,0.3406099379062652,0.7199324369430542,0.377897173166275,0.7442268133163452,0.3555916547775268,0.7506845593452454,0.3996939361095428,0.7715727686882019,open_video_trim_3,0.37927624583244324,0.5494211614131927,0.03728723526000982,Backhand_Mid
frame_99_trim_3.jpg,0.4084230363368988,0.3940371572971344,0.4133957028388977,0.3988371193408966,0.3870270848274231,0.5297671556472778,0.3971907198429107,0.5346980094909668,0.3794421255588531,0.625065803527832,0.4152014553546905,0.6335934996604919,0.3641105890274048,0.7208506464958191,0.3863610029220581,0.7292599678039551,0.3799867033958435,0.7521778345108032,0.398066371679306,0.7676714062690735,open_video_trim_3,0.39210890233516693,0.5322325825691223,0.02225041389465332,Backhand_Mid
frame_0_trim_2.jpg,0.4004108607769012,0.3628753423690796,0.3586136400699615,0.3686464130878448,0.3639176189899444,0.5722021460533142,0.3405258059501648,0.5775823593139648,0.3741736114025116,0.6946524977684021,0.3504140973091125,0.7146466970443726,0.3598097860813141,0.8409956693649292,0.3455307781696319,0.8655388355255127,0.3923118710517883,0.8653496503829956,0.381109744310379,0.895605742931366,open_video_trim_2,0.3522217124700546,0.5748922526836395,0.014279007911682184,Backhand_Mid
frame_1_trim_2.jpg,0.4001881778240204,0.363199234008789,0.3579990565776825,0.3711501359939575,0.3632102310657501,0.5614187121391296,0.3402359783649444,0.5688911080360413,0.3698140978813171,0.6946439743041992,0.3517414033412933,0.7122764587402344,0.360125869512558,0.8388470411300659,0.3474813103675842,0.8632296323776245,0.3923250138759613,0.8639518022537231,0.3828944861888885,0.8949298858642578,open_video_trim_2,0.3517231047153473,0.5651549100875854,0.01264455914497381,Backhand_Mid
frame_10_trim_2.jpg,0.404999166727066,0.3651067614555359,0.3607019186019897,0.3818080425262451,0.3631914556026459,0.5593932867050171,0.340158075094223,0.5674614310264587,0.366683691740036,0.695934534072876,0.3518759906291961,0.71230548620224,0.3601496815681457,0.8388946652412415,0.347848504781723,0.8612671494483948,0.3936275839805603,0.8659843802452087,0.383282870054245,0.8950116634368896,open_video_trim_2,0.35167476534843445,0.5634273588657379,0.012301176786422674,Backhand_Mid
frame_100_trim_2.jpg,0.4495815634727478,0.4924366772174835,0.4259588420391083,0.4419371485710144,0.4420218169689178,0.5242166519165039,0.4193414449691772,0.5318703651428223,0.4538875520229339,0.5743627548217773,0.4126547574996948,0.5738145709037781,0.4676156342029571,0.6530581712722778,0.4037634432315826,0.6728387475013733,0.4738886058330536,0.6652225255966187,0.402411550283432,0.6906663179397583,open_video_trim_2,0.4306816309690475,0.5280435085296631,0.06385219097137451,Backhand_Mid
frame_101_trim_2.jpg,0.4422924816608429,0.4783604443073272,0.4764981567859649,0.4353106021881103,0.456559807062149,0.4771850109100342,0.4724778831005096,0.4592151641845703,0.4439916014671325,0.5836268663406372,0.4779635965824127,0.5482218265533447,0.4480883479118347,0.6729387640953064,0.474582314491272,0.6399966478347778,0.446867823600769,0.6792704463005066,0.4819457232952118,0.6542858481407166,open_video_trim_2,0.4645188450813293,0.46820008754730225,0.026493966579437256,Recovery_Ready
frame_102_trim_2.jpg,0.4601443111896515,0.4512266218662262,0.5011804699897766,0.4493082165718078,0.4639042615890503,0.5068125128746033,0.4860404431819916,0.5013303160667419,0.4677116572856903,0.5539523363113403,0.5075563192367554,0.5472218990325928,0.4644616246223449,0.6557070016860962,0.509236216545105,0.6322818398475647,0.4589605033397674,0.6692286729812622,0.5165234208106995,0.6392757892608643,open_video_trim_2,0.47497235238552094,0.5040714144706726,0.044774591922760065,Recovery_Ready
frame_103_trim_2.jpg,0.4840202331542969,0.4384283125400543,0.5175488591194153,0.44748654961586,0.4820143282413482,0.5166187286376953,0.5048190951347351,0.5179041624069214,0.4730123579502105,0.573525607585907,0.5349663496017456,0.5689852833747864,0.4673786461353302,0.656896710395813,0.5513113737106323,0.6241270303726196,0.4590153992176056,0.6704453825950623,0.5606064200401306,0.6165534853935242,open_video_trim_2,0.4934167116880417,0.5172614455223083,0.08393272757530212,Backhand_Mid
frame_104_trim_2.jpg,0.5063145160675049,0.4406713247299194,0.5457525253295898,0.4514634013175964,0.5015691518783569,0.5382272601127625,0.5251346826553345,0.5430567264556885,0.4823023974895477,0.5885009765625,0.5523363351821899,0.5759899020195007,0.4710949659347534,0.6553453207015991,0.571165144443512,0.6269716024398804,0.4574234187602997,0.6657694578170776,0.5846392512321472,0.6279894113540649,open_video_trim_2,0.5133519172668457,0.5406419932842255,0.10007017850875854,Forehand_Mid
frame_105_trim_2.jpg,0.5230590105056763,0.4502937197685241,0.5621375441551208,0.4649540483951568,0.5167996883392334,0.5521786212921143,0.539432942867279,0.5565539002418518,0.4997809529304504,0.5937585234642029,0.5660960674285889,0.5664359331130981,0.476995587348938,0.6555617451667786,0.5754518508911133,0.6241358518600464,0.4670750200748443,0.6610450744628906,0.5866234302520752,0.6295955777168274,open_video_trim_2,0.5281163156032562,0.554366260766983,0.09845626354217529,Forehand_Mid
frame_106_trim_2.jpg,0.5327380299568176,0.4507657289505005,0.5676013827323914,0.4734667241573334,0.5238580703735352,0.5536839962005615,0.5454794764518738,0.557910680770874,0.5142993330955505,0.5918370485305786,0.572827935218811,0.563252329826355,0.4972773492336273,0.6462518572807312,0.5757548213005066,0.6233280301094055,0.4858733117580414,0.6585339903831482,0.5892209410667419,0.6296257972717285,open_video_trim_2,0.5346687734127045,0.5557973384857178,0.07847747206687927,Forehand_Mid
frame_107_trim_2.jpg,0.5342203378677368,0.449837863445282,0.5694072842597961,0.4738813936710357,0.5263408422470093,0.5516698360443115,0.5485286712646484,0.5545434355735779,0.5203636288642883,0.5795496106147766,0.5741732120513916,0.5627845525741577,0.5121768712997437,0.6390315294265747,0.5755727291107178,0.6246951222419739,0.5021671056747437,0.6558449864387512,0.5894172787666321,0.6318250298500061,open_video_trim_2,0.5374347567558289,0.5531066358089447,0.06339585781097412,Recovery_Ready
frame_108_trim_2.jpg,0.5285996794700623,0.4471835494041443,0.5645012259483337,0.4671069383621216,0.5242011547088623,0.5435709953308105,0.5470890402793884,0.5488141775131226,0.5153096914291382,0.5733849406242371,0.5698965787887573,0.562312662601471,0.5143569111824036,0.6383132934570312,0.5750214457511902,0.6253846287727356,0.5022764801979065,0.6564792990684509,0.5891931653022766,0.6321015357971191,open_video_trim_2,0.5356450974941254,0.5461925864219666,0.06066453456878662,Recovery_Ready
frame_109_trim_2.jpg,0.5208306312561035,0.4340492486953735,0.5552142262458801,0.4514704942703247,0.5178001523017883,0.5317398309707642,0.5392693877220154,0.5343507528305054,0.5047507882118225,0.5708531141281128,0.556983232498169,0.5681375861167908,0.5087136626243591,0.6354695558547974,0.5705165266990662,0.6240647435188293,0.5021170377731323,0.6621425151824951,0.5823850035667419,0.623369038105011,open_video_trim_2,0.5285347700119019,0.5330452919006348,0.06180286407470703,Recovery_Ready
frame_11_trim_2.jpg,0.5208306312561035,0.4340492486953735,0.5552142262458801,0.4514704942703247,0.5178001523017883,0.5317398309707642,0.5392693877220154,0.5343507528305054,0.5047507882118225,0.5708531141281128,0.556983232498169,0.5681375861167908,0.5087136626243591,0.6354695558547974,0.5705165266990662,0.6240647435188293,0.5021170377731323,0.6621425151824951,0.5823850035667419,0.623369038105011,open_video_trim_2,0.5285347700119019,0.5330452919006348,0.06180286407470703,Recovery_Ready
frame_110_trim_2.jpg,0.5341387391090393,0.5319030284881592,0.494621604681015,0.5373898148536682,0.5352208614349365,0.4273422658443451,0.5093969106674194,0.4218878746032715,0.5290985703468323,0.4980213344097137,0.4976142644882202,0.5129044055938721,0.5221192240715027,0.4892735183238983,0.4945330619812011,0.5059775710105896,0.5234671235084534,0.510226309299469,0.4952087998390198,0.5316371917724609,open_video_trim_2,0.522308886051178,0.4246150702238083,0.02758616209030157,Recovery_Ready
frame_111_trim_2.jpg,0.5308090448379517,0.5404043197631836,0.4923296272754669,0.5382419228553772,0.5250838994979858,0.4382055997848511,0.5045892596244812,0.4397429823875427,0.518445611000061,0.5047495365142822,0.492227703332901,0.540734052658081,0.5008347034454346,0.5451090335845947,0.4744200706481933,0.632581353187561,0.5095841288566589,0.577746570110321,0.4824145436286926,0.6638138890266418,open_video_trim_2,0.5148365795612335,0.4389742910861969,0.026414632797241266,Recovery_Ready
frame_112_trim_2.jpg,0.5155988335609436,0.5438651442527771,0.4885925650596618,0.5443668961524963,0.5088812112808228,0.4484255313873291,0.4954806864261627,0.458422988653183,0.5168463587760925,0.5513085722923279,0.4712711870670318,0.5629817843437195,0.5320551991462708,0.6210982203483582,0.4535081088542938,0.6519798636436462,0.5348960161209106,0.6445823907852173,0.4487738311290741,0.6665486693382263,open_video_trim_2,0.5021809488534927,0.45342426002025604,0.07854709029197693,Backhand_Backcourt
frame_113_trim_2.jpg,0.4841915965080261,0.542247474193573,0.4711902737617492,0.5459062457084656,0.4843328893184662,0.4539048969745636,0.4715970456600189,0.4626035690307617,0.4991095662117004,0.5527523756027222,0.4714258015155792,0.5715479850769043,0.5048267245292664,0.6104363799095154,0.4474079310894012,0.6550576686859131,0.5166791081428528,0.6539114117622375,0.4552138745784759,0.6927104592323303,open_video_trim_2,0.47796496748924255,0.45825423300266266,0.05741879343986517,Recovery_Ready
frame_114_trim_2.jpg,0.4644760191440582,0.5417308211326599,0.4586614668369293,0.5494037866592407,0.4586250483989715,0.4594927132129669,0.4584437906742096,0.4662979245185852,0.444816380739212,0.5702111721038818,0.4783780872821808,0.5720210075378418,0.4470131695270538,0.6607916355133057,0.5192064642906189,0.6272547245025635,0.4359110593795776,0.6724334955215454,0.5202728509902954,0.6499099731445312,open_video_trim_2,0.4585344195365906,0.46289531886577606,0.07219329476356512,Backhand_Backcourt
frame_115_trim_2.jpg,0.4587392210960388,0.5742804408073425,0.4471500813961029,0.5545960068702698,0.4566652476787567,0.5345277190208435,0.4493460655212402,0.5222359299659729,0.4497285783290863,0.5583409667015076,0.4403286874294281,0.4991602599620819,0.4385529160499573,0.6114771366119385,0.4411749541759491,0.6178749799728394,0.4277257919311523,0.6395695209503174,0.4361819624900818,0.6292798519134521,open_video_trim_2,0.4530056565999985,0.5283818244934082,0.0026220381259918213,Backhand_Mid
frame_116_trim_2.jpg,0.4422572553157806,0.5768193006515503,0.439389169216156,0.5998812913894653,0.4386861026287079,0.5307036638259888,0.4361813366413116,0.5440433621406555,0.4234522879123688,0.5260969996452332,0.4302577376365661,0.5497140288352966,0.4046903252601623,0.5779266953468323,0.4157205522060394,0.602245032787323,0.3957490026950836,0.590429961681366,0.4110002219676971,0.6198548078536987,open_video_trim_2,0.43743371963500977,0.5373735129833221,0.011030226945877075,Backhand_Mid
frame_117_trim_2.jpg,0.4151335656642914,0.5041376352310181,0.4079853892326355,0.5106740593910217,0.4219620823860168,0.5131678581237793,0.4147574305534363,0.5150142312049866,0.3973592817783355,0.5210492014884949,0.4144738316535949,0.5379250645637512,0.376374751329422,0.5452567934989929,0.4321273267269134,0.6065124869346619,0.3750638961791992,0.5843076705932617,0.4391115307807922,0.6392903327941895,open_video_trim_2,0.41835975646972656,0.5140910446643829,0.0557525753974914,Backhand_Backcourt
frame_118_trim_2.jpg,0.408054381608963,0.5571471452713013,0.3891507983207702,0.5309098958969116,0.4088025689125061,0.504506528377533,0.3935107290744781,0.5024138689041138,0.4082358181476593,0.5300741195678711,0.3900554776191711,0.4482199251651764,0.3963325321674347,0.5468222498893738,0.389632910490036,0.5247235894203186,0.3922371566295624,0.5856924057006836,0.3921589255332947,0.5609191656112671,open_video_trim_2,0.4011566489934921,0.5034601986408234,0.006699621677398682,Backhand_Backcourt
frame_119_trim_2.jpg,0.3830205500125885,0.5474844574928284,0.3942860066890716,0.568963348865509,0.3825394809246063,0.5014756321907043,0.3924006223678589,0.5219393968582153,0.3753812909126282,0.4401579201221466,0.4085272550582886,0.5457100868225098,0.374235600233078,0.5182167887687683,0.4196816086769104,0.6139026880264282,0.3800614774227142,0.5386192202568054,0.4204569160938263,0.6470282077789307,open_video_trim_2,0.3874700516462326,0.5117075145244598,0.0454460084438324,Backhand_Backcourt
frame_12_trim_2.jpg,0.3414942324161529,0.5920213460922241,0.3585729897022247,0.6054587364196777,0.3558820188045501,0.496419221162796,0.3678010404109955,0.5044113993644714,0.3833951950073242,0.488331139087677,0.395944595336914,0.4777543246746063,0.41166952252388,0.4572986662387848,0.4086415469646454,0.4063604176044464,0.4192284345626831,0.4660530984401703,0.4320457875728607,0.4149901568889618,open_video_trim_2,0.3618415296077728,0.5004153102636337,0.003027975559234619,Backhand_Backcourt
frame_120_trim_2.jpg,0.3802909255027771,0.5986943244934082,0.3771555125713348,0.6113505363464355,0.3777758181095123,0.5070842504501343,0.3835925757884979,0.5255661606788635,0.3633238971233368,0.4331908226013183,0.3891121745109558,0.4922595620155334,0.3595259487628937,0.492586612701416,0.3792784810066223,0.4886546432971954,0.3555984497070312,0.5041829347610474,0.3765492439270019,0.4663503468036651,open_video_trim_2,0.3806841969490051,0.5163252055644989,0.019752532243728638,Backhand_Backcourt
frame_121_trim_2.jpg,0.3730290830135345,0.5914357900619507,0.3776300847530365,0.6270070672035217,0.3759135603904724,0.5172335505485535,0.3795309364795685,0.5328185558319092,0.3493527770042419,0.4747115075588226,0.3520740568637848,0.4679369032382965,0.3554772436618805,0.4838850200176239,0.3750420808792114,0.4663222730159759,0.3514632880687713,0.4816697239875793,0.3704186677932739,0.4526184797286987,open_video_trim_2,0.37772224843502045,0.5250260531902313,0.019564837217330933,Backhand_Mid
frame_122_trim_2.jpg,0.3642151951789856,0.583935022354126,0.3687365651130676,0.6214109659194946,0.3705396652221679,0.497462123632431,0.3769958317279815,0.5202445983886719,0.346745103597641,0.4321348071098327,0.3544653356075287,0.5146754384040833,0.3619033098220825,0.4666569828987121,0.3869481980800628,0.5388675332069397,0.3696752190589905,0.4680877923965454,0.3920407593250274,0.535009503364563,open_video_trim_2,0.3737677484750747,0.5088533610105515,0.02504488825798029,Backhand_Backcourt
frame_123_trim_2.jpg,0.368341863155365,0.5814125537872314,0.3747362494468689,0.6196961998939514,0.374925822019577,0.4998822212219238,0.375296801328659,0.5145592093467712,0.3443729281425476,0.4614766538143158,0.3395536243915558,0.4780486524105072,0.353423148393631,0.4618914425373077,0.3545206189155578,0.4659320712089538,0.3521528542041778,0.4487110078334808,0.35225909948349,0.4436008334159851,open_video_trim_2,0.37511131167411804,0.5072207152843475,0.0010974705219268244,Backhand_Backcourt
frame_124_trim_2.jpg,0.3701148331165313,0.5941906571388245,0.3684896230697632,0.6092612743377686,0.3719226121902466,0.4957563579082489,0.3703005909919739,0.4948710203170776,0.3478574454784393,0.4510865211486816,0.3404442965984344,0.4408735334873199,0.3487950563430786,0.4254767596721649,0.3505176603794098,0.4299578964710235,0.3407158255577087,0.4215402007102966,0.3441605865955353,0.4176484942436218,open_video_trim_2,0.37111160159111023,0.49531368911266327,0.0017226040363311768,Backhand_Backcourt
frame_125_trim_2.jpg,0.3701148331165313,0.5941906571388245,0.3684896230697632,0.6092612743377686,0.3719226121902466,0.4957563579082489,0.3703005909919739,0.4948710203170776,0.3478574454784393,0.4510865211486816,0.3404442965984344,0.4408735334873199,0.3487950563430786,0.4254767596721649,0.3505176603794098,0.4299578964710235,0.3407158255577087,0.4215402007102966,0.3441605865955353,0.4176484942436218,open_video_trim_2,0.37111160159111023,0.49531368911266327,0.0017226040363311768,Backhand_Backcourt
frame_126_trim_2.jpg,0.3693080544471741,0.4906778335571289,0.3659239411354065,0.5120434761047363,0.3689148128032684,0.4164859056472778,0.3651056587696075,0.417242169380188,0.3694368004798889,0.4435898065567016,0.3694683909416199,0.4352289736270904,0.3804793357849121,0.4598507285118103,0.3794108629226684,0.463548481464386,0.3830198049545288,0.4755531549453735,0.3772176504135132,0.483880341053009,open_video_trim_2,0.36701023578643793,0.4168640375137329,0.0010684728622437079,Backhand_Backcourt
frame_127_trim_2.jpg,0.3837340176105499,0.4790160655975342,0.3659065067768097,0.5108135938644409,0.3765598833560943,0.4092825353145599,0.3633928596973419,0.414243996143341,0.3886832296848297,0.4189044535160064,0.3581639230251312,0.4199740588665008,0.3984213769435882,0.4613081514835357,0.3596798777580261,0.4508974850177765,0.409130722284317,0.4861094653606415,0.3528989553451538,0.4760147035121918,open_video_trim_2,0.36997637152671814,0.41176326572895044,0.03874149918556208,Backhand_Backcourt
frame_128_trim_2.jpg,0.3940880000591278,0.4813041985034942,0.3664236664772033,0.5007535219192505,0.3821457326412201,0.3973569273948669,0.3632161319255829,0.4051420390605926,0.4025885462760925,0.4177445769309997,0.3589603006839752,0.4436417818069458,0.4037244021892547,0.4381679892539978,0.3602888882160187,0.4697656333446502,0.4134089350700378,0.4748419821262359,0.3593632876873016,0.4989205300807953,open_video_trim_2,0.3726809322834015,0.40124948322772974,0.04343551397323603,Backhand_Backcourt
frame_129_trim_2.jpg,0.4010615348815918,0.4816760718822479,0.3705855309963226,0.4957367479801178,0.3881823718547821,0.3986709713935852,0.3669486045837402,0.4073731899261474,0.4066917598247528,0.4235455393791199,0.369514912366867,0.47879558801651,0.421310156583786,0.4537841975688934,0.3768426477909088,0.5312113165855408,0.4291360974311828,0.4773503541946411,0.3786360025405884,0.568243145942688,open_video_trim_2,0.37756548821926117,0.40302208065986633,0.0444675087928772,Backhand_Backcourt
frame_13_trim_2.jpg,0.362481415271759,0.4992337822914123,0.3711099624633789,0.4552792012691498,0.3635919690132141,0.3999048471450805,0.3711541593074798,0.3851990103721618,0.3955805003643036,0.4727028310298919,0.4031854271888733,0.4593428373336792,0.4090043008327484,0.4223383963108063,0.4350390434265136,0.5193083882331848,0.4211644530296325,0.4297315776348114,0.4509588479995727,0.4988483488559723,open_video_trim_2,0.367373064160347,0.39255192875862116,0.026034742593765203,Backhand_Backcourt
frame_130_trim_2.jpg,0.409650444984436,0.4978173077106476,0.3795779943466186,0.5033911466598511,0.3949472606182098,0.4093656539916992,0.3753683865070343,0.4162520468235016,0.4165923297405243,0.4603796303272247,0.3960671126842499,0.4643873870372772,0.4267862737178802,0.4573706984519958,0.4014146625995636,0.4503170251846313,0.4355770945549011,0.4761106669902801,0.3995591402053833,0.4568420648574829,open_video_trim_2,0.38515782356262207,0.4128088504076004,0.025371611118316595,Backhand_Backcourt
frame_131_trim_2.jpg,0.4142241477966308,0.5038292407989502,0.3836544454097748,0.5249025225639343,0.3983670175075531,0.4203104674816131,0.3778557777404785,0.4287852346897125,0.4134288132190704,0.4584471881389618,0.3894327282905578,0.4757386445999145,0.3935556411743164,0.4343845248222351,0.3793664276599884,0.4337445199489593,0.3857501745223999,0.4520765841007232,0.379456102848053,0.4496699571609497,open_video_trim_2,0.3881113976240158,0.42454785108566284,0.014189213514328003,Backhand_Backcourt
frame_132_trim_2.jpg,0.4048252403736114,0.5125855207443237,0.3810917139053345,0.5352361798286438,0.3901786506175995,0.4250601828098297,0.3768782317638397,0.4381952881813049,0.4022320806980133,0.4619366526603699,0.3880238533020019,0.4792691767215729,0.4045063555240631,0.4952008426189422,0.4050420522689819,0.5078963041305542,0.4123937785625458,0.5146709084510803,0.4125130474567413,0.5169999599456787,open_video_trim_2,0.3835284411907196,0.4316277354955673,0.0005356967449187677,Backhand_Backcourt
frame_133_trim_2.jpg,0.3968905806541443,0.5076138377189636,0.3793608844280243,0.5309077501296997,0.3892298936843872,0.4283810257911682,0.3691264986991882,0.4348511397838592,0.3946015238761902,0.4760757386684418,0.388458788394928,0.4888554811477661,0.4086214303970337,0.5368370413780212,0.4045020341873169,0.5205205678939819,0.4205314517021179,0.5805703401565552,0.4172495007514953,0.5538662672042847,open_video_trim_2,0.3791781961917877,0.43161608278751373,0.004119396209716797,Backhand_Backcourt
frame_134_trim_2.jpg,0.3817029595375061,0.5282617211341858,0.3776718080043793,0.5276455879211426,0.3727957904338836,0.4372983872890472,0.3687336146831512,0.4459615647792816,0.3779873251914978,0.4739809036254883,0.3853349387645721,0.5020230412483215,0.372876763343811,0.4492947459220886,0.3982046246528625,0.5118072628974915,0.3707500994205475,0.4542433023452759,0.4162920415401459,0.5353702306747437,open_video_trim_2,0.3707647025585174,0.44162997603416443,0.025327861309051514,Backhand_Backcourt
frame_135_trim_2.jpg,0.3804388046264648,0.536838948726654,0.3771799504756927,0.5652409195899963,0.3673814535140991,0.4626037180423736,0.3641781806945801,0.4767804145812988,0.3574470281600952,0.4309558570384979,0.3656899034976959,0.5005578994750977,0.3619383573532104,0.4151957333087921,0.3711752295494079,0.5094446539878845,0.3628261685371399,0.4115476012229919,0.3796190023422241,0.5173705220222473,open_video_trim_2,0.3657798171043396,0.4696920663118362,0.00923687219619751,Backhand_Backcourt
frame_136_trim_2.jpg,0.3689339458942413,0.5396638512611389,0.3672838807106018,0.5841440558433533,0.3562630712985992,0.4749552309513092,0.3579443395137787,0.5110651254653931,0.345862478017807,0.4265236258506775,0.36684450507164,0.5752403140068054,0.350818008184433,0.4081956744194031,0.3663564324378967,0.6419559717178345,0.352533757686615,0.3972764313220978,0.3791177868843078,0.67751544713974,open_video_trim_2,0.35710370540618896,0.49301017820835114,0.01553842425346369,Backhand_Backcourt
frame_137_trim_2.jpg,0.357188731431961,0.6303160786628723,0.3691333830356598,0.6575982570648193,0.3463593423366546,0.5572142601013184,0.3570035398006439,0.5558962225914001,0.3387884199619293,0.5353796482086182,0.3526203036308288,0.5439382791519165,0.3423623740673065,0.4489147365093231,0.3464146554470062,0.5356967449188232,0.3434557914733886,0.4258090853691101,0.3459702432155609,0.5375317335128784,open_video_trim_2,0.3516814410686493,0.5565552413463593,0.004052281379699707,Backhand_Mid
frame_138_trim_2.jpg,0.350573182106018,0.6302488446235657,0.3592558801174164,0.6532983183860779,0.3460520207881927,0.5708523988723755,0.3529004752635956,0.6041187047958374,0.3425906002521515,0.5089145302772522,0.3464217185974121,0.6763686537742615,0.3333335816860199,0.4380837082862854,0.3208673298358917,0.7419615983963013,0.3269157707691192,0.4070519506931305,0.329805850982666,0.7438061237335205,open_video_trim_2,0.34947624802589417,0.5874855518341064,0.012466251850128174,Backhand_Mid
frame_139_trim_2.jpg,0.350573182106018,0.6302488446235657,0.3592558801174164,0.6532983183860779,0.3460520207881927,0.5708523988723755,0.3529004752635956,0.6041187047958374,0.3425906002521515,0.5089145302772522,0.3464217185974121,0.6763686537742615,0.3333335816860199,0.4380837082862854,0.3208673298358917,0.7419615983963013,0.3269157707691192,0.4070519506931305,0.329805850982666,0.7438061237335205,open_video_trim_2,0.34947624802589417,0.5874855518341064,0.012466251850128174,Backhand_Mid
frame_14_trim_2.jpg,0.6235533356666565,0.4096085429191589,0.6518442034721375,0.419172078371048,0.628244936466217,0.5061260461807251,0.6475598812103271,0.5064841508865356,0.6132211089134216,0.5871323347091675,0.6521589756011963,0.5813182592391968,0.6136295795440674,0.6732737421989441,0.6649454832077026,0.6576653718948364,0.5953710675239563,0.6895227432250977,0.6545851230621338,0.6653111577033997,open_video_trim_2,0.6379024088382721,0.5063050985336304,0.051315903663635254,Forehand_Backcourt
frame_140_trim_2.jpg,0.6235533356666565,0.4096085429191589,0.6518442034721375,0.419172078371048,0.628244936466217,0.5061260461807251,0.6475598812103271,0.5064841508865356,0.6132211089134216,0.5871323347091675,0.6521589756011963,0.5813182592391968,0.6136295795440674,0.6732737421989441,0.6649454832077026,0.6576653718948364,0.5953710675239563,0.6895227432250977,0.6545851230621338,0.6653111577033997,open_video_trim_2,0.6379024088382721,0.5063050985336304,0.051315903663635254,Forehand_Backcourt
frame_141_trim_2.jpg,0.3124260306358337,0.5319262742996216,0.3047017455101013,0.5826560258865356,0.3202299475669861,0.6501740217208862,0.307118684053421,0.6711535453796387,0.3489363491535187,0.6825686097145081,0.3185185492038727,0.7506753206253052,0.3562649190425873,0.7188694477081299,0.2935848236083984,0.8236494064331055,0.3750435709953308,0.7030359506607056,0.3147843480110168,0.845806360244751,open_video_trim_2,0.31367431581020355,0.6606637835502625,0.0626800954341889,Backhand_Front
frame_142_trim_2.jpg,0.2915998697280884,0.5538570284843445,0.3084592819213867,0.5194989442825317,0.3042000532150268,0.6509858965873718,0.3083771169185638,0.6635516881942749,0.3437185287475586,0.6613539457321167,0.3158356547355652,0.749237596988678,0.331311285495758,0.7166053652763367,0.2937500774860382,0.8219689726829529,0.3443003892898559,0.7202255129814148,0.3140746653079986,0.8445735573768616,open_video_trim_2,0.3062885850667953,0.6572687923908234,0.03756120800971979,Backhand_Front
frame_143_trim_2.jpg,0.2822034060955047,0.5279168486595154,0.299417644739151,0.5008656978607178,0.3051651418209076,0.6346873044967651,0.3110580146312713,0.6385414004325867,0.3265343904495239,0.6627659201622009,0.3118172883987427,0.7215550541877747,0.3059808313846588,0.7069988250732422,0.2975528836250305,0.8092887997627258,0.3005679249763489,0.7211194634437561,0.3140682876110077,0.8414176106452942,open_video_trim_2,0.3081115782260895,0.6366143524646759,0.008427947759628296,Backhand_Front
frame_144_trim_2.jpg,0.2855082750320434,0.4742065370082855,0.2844233214855194,0.5036062002182007,0.3062489330768585,0.5960397124290466,0.3106991350650787,0.610180675983429,0.3142871558666229,0.6538540720939636,0.3224042356014251,0.6918136477470398,0.2864111363887787,0.7040355801582336,0.2998510897159576,0.7684141397476196,0.2825421094894409,0.7420499324798584,0.3106492459774017,0.8132946491241455,open_video_trim_2,0.30847403407096863,0.6031101942062378,0.0134399533271789,Backhand_Front
frame_145_trim_2.jpg,0.2809068858623504,0.4704752266407013,0.2772859334945678,0.4905599057674408,0.3021310567855835,0.5894074440002441,0.3145719170570373,0.5885680913925171,0.2969496548175812,0.6593328714370728,0.3369752764701843,0.6690418720245361,0.2746101915836334,0.7474376559257507,0.3144581913948059,0.7523390054702759,0.2742962837219238,0.7805038690567017,0.3218486905097961,0.7930982708930969,open_video_trim_2,0.3083514869213104,0.5889877676963806,0.039847999811172485,Backhand_Mid
frame_146_trim_2.jpg,0.2654783427715301,0.4916273951530456,0.2829550504684448,0.4731814563274383,0.2983821034431457,0.602118968963623,0.3176024258136749,0.5901117920875549,0.2893544733524322,0.6921877861022949,0.3413606584072113,0.6723873615264893,0.2755749523639679,0.7817097306251526,0.343434989452362,0.7576677799224854,0.2773545384407043,0.8067977428436279,0.3603892922401428,0.7764530777931213,open_video_trim_2,0.30799226462841034,0.596115380525589,0.06786003708839411,Backhand_Front
frame_147_trim_2.jpg,0.2642998993396759,0.5255066752433777,0.2866028249263763,0.4933260977268219,0.2943121492862701,0.6309224963188171,0.3165936768054962,0.6126570105552673,0.2870479226112366,0.7197569608688354,0.3480004966259002,0.6820475459098816,0.2812673449516296,0.8059402108192444,0.367515355348587,0.7493193745613098,0.2799764275550842,0.8199273943901062,0.3850084841251373,0.7460650205612183,open_video_trim_2,0.3054529130458832,0.6217897534370422,0.0862480103969574,Backhand_Front
frame_148_trim_2.jpg,0.267370194196701,0.5598444938659668,0.2957907021045685,0.4956315755844116,0.2928301393985748,0.6594915986061096,0.3168359994888305,0.6412304639816284,0.2839487195014953,0.7330065965652466,0.3504132628440857,0.6740126013755798,0.2802481949329376,0.8140215873718262,0.3744491636753082,0.7298622727394104,0.2774332463741302,0.8161265254020691,0.3926909863948822,0.7152218222618103,open_video_trim_2,0.30483306944370264,0.650361031293869,0.0942009687423706,Backhand_Front
frame_149_trim_2.jpg,0.2734003961086273,0.5696569085121155,0.3177975118160248,0.531953752040863,0.296569675207138,0.6731504797935486,0.325751781463623,0.6585387587547302,0.2841759026050567,0.7353584170341492,0.3535489439964294,0.6601992249488831,0.2804798781871795,0.814234733581543,0.3763855397701263,0.7144413590431213,0.2773836255073547,0.8130431771278381,0.3888174295425415,0.6906836032867432,open_video_trim_2,0.3111607283353805,0.6658446192741394,0.09590566158294678,Backhand_Front
frame_15_trim_2.jpg,0.2734003961086273,0.5696569085121155,0.3177975118160248,0.531953752040863,0.296569675207138,0.6731504797935486,0.325751781463623,0.6585387587547302,0.2841759026050567,0.7353584170341492,0.3535489439964294,0.6601992249488831,0.2804798781871795,0.814234733581543,0.3763855397701263,0.7144413590431213,0.2773836255073547,0.8130431771278381,0.3888174295425415,0.6906836032867432,open_video_trim_2,0.3111607283353805,0.6658446192741394,0.09590566158294678,Backhand_Front
frame_150_trim_2.jpg,0.2938455939292907,0.5459380149841309,0.3449151217937469,0.5425710678100586,0.3132165372371673,0.6735829710960388,0.3435467183589935,0.6661350727081299,0.2910979390144348,0.7276294827461243,0.3614071011543274,0.6458026170730591,0.2794850170612335,0.8125414252281189,0.3768444955348968,0.715816855430603,0.2706398665904999,0.8170298933982849,0.3853325247764587,0.7046582102775574,open_video_trim_2,0.3283816277980804,0.6698590219020844,0.09735947847366327,Backhand_Front
frame_151_trim_2.jpg,0.3165147006511688,0.5251659154891968,0.3624197244644165,0.5271261930465698,0.3279522955417633,0.6425145864486694,0.3539416491985321,0.6393581628799438,0.308022141456604,0.7178693413734436,0.3724121451377868,0.6419251561164856,0.2860616743564605,0.7960203289985657,0.3767698109149933,0.718115508556366,0.2795440554618835,0.8143303990364075,0.3853145241737366,0.7089887261390686,open_video_trim_2,0.3409469723701477,0.6409363746643066,0.09070813655853277,Backhand_Front
frame_152_trim_2.jpg,0.3361137509346008,0.4963672757148742,0.3819008767604828,0.5005993843078613,0.3462534546852112,0.6122721433639526,0.3736672699451446,0.6141391396522522,0.3322583138942718,0.6786090135574341,0.3844643533229828,0.641170859336853,0.3178105354309082,0.748973548412323,0.3770443797111511,0.7137250900268555,0.3132717311382293,0.7787116169929504,0.3857996165752411,0.7087386846542358,open_video_trim_2,0.3599603623151779,0.6132056415081024,0.05923384428024292,Backhand_Front
frame_153_trim_2.jpg,0.3505267202854156,0.4756889045238495,0.3948763608932495,0.4756460785865783,0.3644254505634308,0.5868216753005981,0.3895602226257324,0.5870850682258606,0.3577989339828491,0.6345071196556091,0.398707777261734,0.6285787224769592,0.3563879430294037,0.6977102160453796,0.3861030340194702,0.6976595520973206,0.3536848425865173,0.7288973927497864,0.3857118487358093,0.7295517921447754,open_video_trim_2,0.3769928365945816,0.5869533717632294,0.02971509099006653,Backhand_Mid
frame_154_trim_2.jpg,0.3642365634441376,0.4651438891887665,0.4069558680057525,0.4629556238651275,0.3815003037452698,0.5734355449676514,0.4048155844211578,0.5702609419822693,0.3818120956420898,0.601795494556427,0.4198967814445495,0.5950576663017273,0.3779135942459106,0.6666966080665588,0.4145388603210449,0.6689273715019226,0.3803667724132538,0.6791408658027649,0.4212431609630584,0.6882001161575317,open_video_trim_2,0.3931579440832138,0.5718482434749603,0.03662526607513433,Backhand_Mid
frame_155_trim_2.jpg,0.3827341198921203,0.4657260477542877,0.4215363264083862,0.4657716453075409,0.3962287604808807,0.5695784687995911,0.4191442131996155,0.565807044506073,0.3931415975093841,0.5958614945411682,0.4474096298217773,0.5921780467033386,0.3874183893203735,0.6568626761436462,0.4578036963939667,0.6589067578315735,0.3891105651855469,0.66466224193573,0.4694678485393524,0.6511741876602173,open_video_trim_2,0.4076864868402481,0.567692756652832,0.0703853070735932,Backhand_Mid
frame_156_trim_2.jpg,0.4020277559757232,0.4681161940097809,0.4401044249534607,0.4696593880653381,0.4103775918483734,0.5675588250160217,0.4347460567951202,0.5655250549316406,0.3974063694477081,0.5988271236419678,0.4662564992904663,0.5869964361190796,0.3870314657688141,0.6623303294181824,0.4866264462471008,0.6398974061012268,0.3896542489528656,0.6695752739906311,0.5000289678573608,0.6242237687110901,open_video_trim_2,0.4225618243217468,0.5665419399738312,0.09959498047828669,Backhand_Mid
frame_157_trim_2.jpg,0.4238280951976776,0.4594831466674804,0.4611944556236267,0.4641859829425812,0.433980643749237,0.5582751631736755,0.4577531218528747,0.5540968775749207,0.4153772890567779,0.5984408259391785,0.4857153594493866,0.5743772387504578,0.3965084850788116,0.6526678204536438,0.4938652813434601,0.6395651698112488,0.3887032866477966,0.6498209238052368,0.5059138536453247,0.6354189515113831,open_video_trim_2,0.44586688280105585,0.5561860203742981,0.09735679626464849,Backhand_Mid
frame_158_trim_2.jpg,0.4427516758441925,0.4416652023792267,0.4802899956703186,0.449485570192337,0.4530327916145324,0.5409508943557739,0.4761950671672821,0.5377839803695679,0.4386795461177826,0.583369255065918,0.4949357211589813,0.5656250715255737,0.435362845659256,0.6462589502334595,0.4962480366230011,0.6321107745170593,0.4253714978694916,0.6596465706825256,0.5065387487411499,0.6376568675041199,open_video_trim_2,0.4646139293909073,0.5393674373626709,0.06088519096374512,Recovery_Ready
frame_159_trim_2.jpg,0.4567261338233948,0.4282507002353668,0.4942418336868286,0.4367209076881408,0.4681242108345032,0.5281441807746887,0.4898962676525116,0.5231207013130188,0.4590731263160705,0.5721774101257324,0.5023786425590515,0.5484694242477417,0.4808926880359649,0.6203001737594604,0.505358099937439,0.6099593639373779,0.4844882786273956,0.6501633524894714,0.5071304440498352,0.6375437378883362,open_video_trim_2,0.4790102392435074,0.5256324410438538,0.024465411901474055,Recovery_Ready
frame_16_trim_2.jpg,0.4567261338233948,0.4282507002353668,0.4942418336868286,0.4367209076881408,0.4681242108345032,0.5281441807746887,0.4898962676525116,0.5231207013130188,0.4590731263160705,0.5721774101257324,0.5023786425590515,0.5484694242477417,0.4808926880359649,0.6203001737594604,0.505358099937439,0.6099593639373779,0.4844882786273956,0.6501633524894714,0.5071304440498352,0.6375437378883362,open_video_trim_2,0.4790102392435074,0.5256324410438538,0.024465411901474055,Recovery_Ready
frame_160_trim_2.jpg,0.5038550496101379,0.5201705694198608,0.4660534858703613,0.5306923985481262,0.5058846473693848,0.4138187766075134,0.4832983314990997,0.4162598252296448,0.5339597463607788,0.4358994960784912,0.4795808792114258,0.4459714293479919,0.5337388515472412,0.3603475987911224,0.4752775132656097,0.4135366082191467,0.5396406650543213,0.3520220816135406,0.4659032821655273,0.4115874767303467,open_video_trim_2,0.49459148943424225,0.4150393009185791,0.058461338281631525,Recovery_Ready
frame_161_trim_2.jpg,0.5151641964912415,0.5151446461677551,0.4856206178665161,0.5213214755058289,0.5087462067604065,0.4213972091674804,0.4903817176818847,0.4221519529819488,0.5381613969802856,0.4227902591228485,0.4843668043613434,0.4418281614780426,0.5419577360153198,0.3613810539245605,0.4742471277713775,0.4462426006793976,0.5466693639755249,0.3517542481422424,0.4648621380329132,0.4628798961639404,open_video_trim_2,0.49956396222114563,0.4217745810747146,0.06771060824394232,Recovery_Ready
frame_162_trim_2.jpg,0.5240300297737122,0.5092755556106567,0.4961843490600586,0.5211682915687561,0.5184648036956787,0.4288827180862427,0.5017515420913696,0.4292225241661072,0.5377786159515381,0.4107633233070373,0.4998329877853393,0.4420780539512634,0.5544513463973999,0.3781231343746185,0.4933599829673767,0.444052517414093,0.5673353672027588,0.3653645515441894,0.485474020242691,0.4633979499340057,open_video_trim_2,0.5101081728935242,0.4290526211261749,0.06109136343002319,Recovery_Ready
frame_163_trim_2.jpg,0.5407072901725769,0.510611355304718,0.510783851146698,0.5207381844520569,0.5328426361083984,0.4283899366855621,0.5157540440559387,0.4337983131408691,0.5424356460571289,0.4115805029869079,0.5094325542449951,0.4692514836788177,0.5623347163200378,0.3755130767822265,0.5157017111778259,0.4378518164157867,0.5707781910896301,0.3559202551841736,0.5111253261566162,0.4512650668621063,open_video_trim_2,0.5242983400821686,0.4310941249132156,0.046633005142211914,Recovery_Ready
frame_164_trim_2.jpg,0.5454127192497253,0.505875289440155,0.5132925510406494,0.5077077746391296,0.538220226764679,0.4265592694282532,0.5201700329780579,0.4308451414108276,0.5426424145698547,0.426933079957962,0.5114024877548218,0.4819467067718506,0.528210461139679,0.4268118441104889,0.5105072855949402,0.4795186817646026,0.5251953601837158,0.4334811568260193,0.5095822215080261,0.49570432305336,open_video_trim_2,0.5291951298713684,0.4287022054195404,0.01770317554473877,Recovery_Ready
frame_165_trim_2.jpg,0.5473331809043884,0.5031142830848694,0.5133718252182007,0.5087162256240845,0.5404675602912903,0.4218125939369201,0.5208700895309448,0.4273682832717895,0.5428184270858765,0.4856065511703491,0.512660026550293,0.5029845833778381,0.5321583151817322,0.5049477815628052,0.5118463635444641,0.5672498345375061,0.5349041819572449,0.5282367467880249,0.510710597038269,0.5920054912567139,open_video_trim_2,0.5306688249111176,0.4245904386043548,0.020311951637268066,Recovery_Ready
frame_166_trim_2.jpg,0.5427547097206116,0.4970373511314392,0.5111449956893921,0.4973034858703613,0.535256564617157,0.4112160801887512,0.51914381980896,0.4172347486019134,0.5358582139015198,0.4775005877017975,0.5124156475067139,0.5024445652961731,0.504744827747345,0.4822484254837036,0.5106465816497803,0.571223258972168,0.5045228600502014,0.4952434301376343,0.5211535096168518,0.5978404879570007,open_video_trim_2,0.5272001922130585,0.41422541439533234,0.005901753902435303,Recovery_Ready
frame_167_trim_2.jpg,0.5374857783317566,0.4852883815765381,0.50738924741745,0.4805169701576233,0.5345103740692139,0.4037914872169494,0.5136302709579468,0.4078969061374664,0.5179678797721863,0.4746493399143219,0.5102149248123169,0.5052904486656189,0.5016002058982849,0.4730643332004547,0.5070595145225525,0.5790836811065674,0.498819500207901,0.4882922768592834,0.5235922336578369,0.6161605715751648,open_video_trim_2,0.5240703225135803,0.4058441966772079,0.005459308624267578,Recovery_Ready
frame_168_trim_2.jpg,0.5256069302558899,0.4789888858795166,0.4992551803588867,0.4784820675849914,0.5213592648506165,0.3937329351902008,0.5044835805892944,0.3972137570381164,0.512268602848053,0.4649239182472229,0.5022708773612976,0.4991868734359741,0.4957594871520996,0.4485024213790893,0.5063599348068237,0.5676395893096924,0.4889560043811798,0.4709204435348511,0.511199951171875,0.5914536118507385,open_video_trim_2,0.5129214227199554,0.39547334611415863,0.010600447654724121,Recovery_Ready
frame_169_trim_2.jpg,0.5196715593338013,0.4748618900775909,0.495587021112442,0.4823890328407287,0.5132176876068115,0.3950082063674927,0.4944689571857452,0.3991694152355194,0.5115296244621277,0.4612265229225158,0.4902853667736053,0.4948192536830902,0.4959956407546997,0.4565754234790802,0.4869709610939026,0.565521776676178,0.4915565550327301,0.4748088121414184,0.4963361024856567,0.5954889059066772,open_video_trim_2,0.5038433223962784,0.39708881080150604,0.00902467966079712,Recovery_Ready
frame_17_trim_2.jpg,0.5196715593338013,0.4748618900775909,0.495587021112442,0.4823890328407287,0.5132176876068115,0.3950082063674927,0.4944689571857452,0.3991694152355194,0.5115296244621277,0.4612265229225158,0.4902853667736053,0.4948192536830902,0.4959956407546997,0.4565754234790802,0.4869709610939026,0.565521776676178,0.4915565550327301,0.4748088121414184,0.4963361024856567,0.5954889059066772,open_video_trim_2,0.5038433223962784,0.39708881080150604,0.00902467966079712,Recovery_Ready
frame_170_trim_2.jpg,0.5059241652488708,0.4858330190181732,0.4765011668205261,0.4584623873233795,0.5236806273460388,0.3643935322761535,0.503620445728302,0.3609386384487152,0.5066510438919067,0.4062759280204773,0.4825001060962677,0.4439641237258911,0.4885987043380737,0.4521270394325256,0.4745937585830688,0.4692679047584533,0.4884925186634063,0.4848944842815399,0.4750552177429199,0.5040122866630554,open_video_trim_2,0.5136505365371704,0.3626660853624344,0.014004945755004883,Recovery_Ready
frame_171_trim_2.jpg,0.4915035665035248,0.4873645305633545,0.4691657423973083,0.4931126236915588,0.4914886355400085,0.4073948264122009,0.483123242855072,0.4050765037536621,0.4970851242542267,0.5007064342498779,0.4808895289897918,0.5038202404975891,0.5217305421829224,0.5783904194831848,0.488796055316925,0.571081280708313,0.5167415142059326,0.6117945313453674,0.4954099059104919,0.6131733655929565,open_video_trim_2,0.4873059391975403,0.4062356650829315,0.03293448686599737,Recovery_Ready
frame_172_trim_2.jpg,0.4569569826126098,0.4831078350543976,0.4716082811355591,0.4852434396743774,0.4673012495040893,0.4104308784008026,0.4745635092258453,0.4136784076690674,0.4604061841964721,0.4903746545314789,0.4900097846984863,0.5181604623794556,0.4558514058589935,0.585112988948822,0.5260701179504395,0.588701069355011,0.4489680528640747,0.600001871585846,0.5225730538368225,0.6071285605430603,open_video_trim_2,0.4709323793649673,0.412054643034935,0.07021871209144598,Recovery_Ready
frame_173_trim_2.jpg,0.4463792443275451,0.4685590267181396,0.4674194157123565,0.4864938855171203,0.4554276168346405,0.400248646736145,0.4647843539714813,0.4109129607677459,0.4521245062351227,0.4923830926418304,0.4837263226509094,0.5107237696647644,0.4514054954051971,0.5886582136154175,0.5113346576690674,0.5758140683174133,0.4462848901748657,0.6011836528778076,0.5073658227920532,0.5985682606697083,open_video_trim_2,0.4601059854030609,0.4055808037519455,0.059929162263870295,Backhand_Backcourt
frame_174_trim_2.jpg,0.4416126608848572,0.4609550237655639,0.4641737639904022,0.487445056438446,0.4476200342178345,0.3986813724040985,0.4608315229415893,0.4278187453746795,0.439946711063385,0.4034103751182556,0.4593454897403717,0.5047571659088135,0.431172639131546,0.368788480758667,0.4563344120979309,0.5728222727775574,0.4270563125610351,0.3693870604038238,0.4512403905391693,0.5973930358886719,open_video_trim_2,0.4542257785797119,0.41325005888938904,0.025161772966384888,Backhand_Backcourt
frame_175_trim_2.jpg,0.4457927644252777,0.4909164905548095,0.450006902217865,0.4923127293586731,0.4466052651405334,0.4048459231853485,0.4507107138633728,0.4177212715148926,0.4337163269519806,0.3504061102867126,0.4540624320507049,0.399709939956665,0.4244706332683563,0.3138285875320434,0.4518047869205475,0.4370857775211334,0.4182933866977691,0.2986872494220733,0.4547603726387024,0.4613000750541687,open_video_trim_2,0.4486579895019531,0.41128359735012054,0.027334153652191162,Backhand_Backcourt
frame_176_trim_2.jpg,0.4347479045391083,0.5187248587608337,0.431460976600647,0.4928636252880096,0.4368796646595001,0.4171194434165954,0.435154378414154,0.4117649793624878,0.4368541836738586,0.3681002259254455,0.4441138207912445,0.3805829584598541,0.4376784563064575,0.3656250834465027,0.449319452047348,0.4015904664993286,0.4369763433933258,0.3694090247154236,0.4524807333946228,0.4203409850597381,open_video_trim_2,0.4360170215368271,0.4144422113895416,0.011640995740890503,Backhand_Backcourt
frame_177_trim_2.jpg,0.4222509562969208,0.5175066590309143,0.4240927398204803,0.4895564913749695,0.429772675037384,0.4237700998783111,0.4339675009250641,0.4096426367759704,0.4344940483570099,0.372908741235733,0.4417718350887298,0.3756918311119079,0.433155357837677,0.4057462513446808,0.4439116716384887,0.4400028586387634,0.4331082105636596,0.4129202663898468,0.4449971616268158,0.4646241664886474,open_video_trim_2,0.43187008798122406,0.41670636832714075,0.010756313800811712,Backhand_Backcourt
frame_178_trim_2.jpg,0.4194081127643585,0.512572705745697,0.4311282932758331,0.48805633187294,0.4316721260547638,0.4092634320259094,0.4327804148197174,0.4032346308231354,0.4395572543144226,0.4235368967056274,0.4350628852844238,0.3897040784358978,0.4323600828647613,0.4581426978111267,0.4364875853061676,0.4569985270500183,0.4291321039199829,0.4887011051177978,0.4356695115566253,0.4830282032489776,open_video_trim_2,0.4322262704372406,0.4062490314245224,0.0041275024414063055,Backhand_Backcourt
frame_179_trim_2.jpg,0.4282589256763458,0.4832709431648254,0.420452207326889,0.4890726804733276,0.4326901137828827,0.4029750227928161,0.4253408312797546,0.4032566249370575,0.4336203038692474,0.4046140015125274,0.4236555397510528,0.4259838759899139,0.4322531521320343,0.4383683502674103,0.4187165796756744,0.4939657747745514,0.4338063895702362,0.4662734568119049,0.4208309352397918,0.5437180399894714,open_video_trim_2,0.42901547253131866,0.40311582386493683,0.013536572456359919,Backhand_Backcourt
frame_18_trim_2.jpg,0.4282589256763458,0.4832709431648254,0.420452207326889,0.4890726804733276,0.4326901137828827,0.4029750227928161,0.4253408312797546,0.4032566249370575,0.4336203038692474,0.4046140015125274,0.4236555397510528,0.4259838759899139,0.4322531521320343,0.4383683502674103,0.4187165796756744,0.4939657747745514,0.4338063895702362,0.4662734568119049,0.4208309352397918,0.5437180399894714,open_video_trim_2,0.42901547253131866,0.40311582386493683,0.013536572456359919,Backhand_Backcourt
frame_180_trim_2.jpg,0.4429717063903808,0.4868713915348053,0.4104911983013153,0.4807641506195068,0.4425759017467499,0.3886907696723938,0.4206081330776214,0.3821321725845337,0.4347476065158844,0.4589598178863525,0.4162744879722595,0.4541387557983398,0.4242021739482879,0.512506902217865,0.4155043959617615,0.5012062191963196,0.4225682914257049,0.5588021874427795,0.4156171083450317,0.5435159206390381,open_video_trim_2,0.43159201741218567,0.38541147112846375,0.008697777986526434,Backhand_Backcourt
frame_181_trim_2.jpg,0.4426893889904022,0.4867307245731354,0.4142481088638305,0.4683424830436706,0.4397765696048736,0.385489284992218,0.4196206331253052,0.3821145594120025,0.4316710531711578,0.4080142676830292,0.4153146147727966,0.4176556169986725,0.4226516783237457,0.4239845871925354,0.4155515134334564,0.3889875411987304,0.4146424829959869,0.4547891318798065,0.4130955636501312,0.3961110413074493,open_video_trim_2,0.4296986013650894,0.3838019222021103,0.007100164890289307,Backhand_Backcourt
frame_182_trim_2.jpg,0.4427570104598999,0.4850719273090362,0.414465993642807,0.4695146083831787,0.4377250671386719,0.384865939617157,0.4178524613380432,0.386588990688324,0.4370771646499634,0.4250836968421936,0.4191250801086426,0.4521449208259582,0.4242999851703644,0.4484429061412811,0.4377087354660034,0.4375395178794861,0.4210878312587738,0.4684666097164154,0.4452804028987884,0.4416393041610718,open_video_trim_2,0.42778876423835754,0.3857274651527405,0.013408750295639038,Backhand_Backcourt
frame_183_trim_2.jpg,0.4466520249843597,0.4855093359947204,0.4159571528434753,0.4928654432296753,0.4373101592063904,0.3968578279018402,0.41798797249794,0.4014548361301422,0.4436774849891662,0.430776983499527,0.4298016130924225,0.4518024325370788,0.4334330558776855,0.4512276649475097,0.4511227607727051,0.438516616821289,0.4309645593166351,0.4710699915885925,0.4569092392921448,0.4496653378009796,open_video_trim_2,0.4276490658521652,0.3991563320159912,0.017689704895019587,Backhand_Backcourt
frame_184_trim_2.jpg,0.4546851217746734,0.4988502860069275,0.4199489951133728,0.5107414722442627,0.4451476335525512,0.4118200838565826,0.4248028695583343,0.4131460785865783,0.464800477027893,0.4343641698360443,0.4376468062400818,0.456437885761261,0.4591927826404571,0.3946652412414551,0.4528366327285766,0.3918763101100921,0.4620659649372101,0.3819919526576996,0.4578301608562469,0.381113588809967,open_video_trim_2,0.43497525155544275,0.41248308122158045,0.006356149911880493,Backhand_Backcourt
frame_185_trim_2.jpg,0.4617252945899963,0.4969931840896606,0.4344682395458221,0.5047734379768372,0.456135630607605,0.4058380126953125,0.4383474588394165,0.4124439656734466,0.4727326333522796,0.4588887095451355,0.436746209859848,0.4847980141639709,0.4679625928401947,0.4367949366569519,0.4407732784748077,0.5364498496055603,0.4779229164123535,0.4524833559989929,0.447959840297699,0.5796982645988464,open_video_trim_2,0.44724154472351074,0.4091409891843796,0.02718931436538702,Backhand_Backcourt
frame_186_trim_2.jpg,0.4786060154438019,0.4961704909801483,0.450242131948471,0.4995629787445068,0.4755125343799591,0.4032643735408783,0.4547740519046783,0.4066780507564544,0.5035436153411865,0.4142055511474609,0.4431346356868744,0.4531435072422027,0.5022239089012146,0.3582879304885864,0.4370945692062378,0.4973203241825104,0.5021517872810364,0.3429521322250366,0.4354902803897857,0.5430576205253601,open_video_trim_2,0.4651432931423187,0.4049712121486664,0.0651293396949768,Recovery_Ready
frame_187_trim_2.jpg,0.4933933019638061,0.4947769045829773,0.4637252688407898,0.4934616088867187,0.4848028719425201,0.3978700339794159,0.4665550291538238,0.4053408503532409,0.5149955749511719,0.3991978764533996,0.4587970376014709,0.4303849041461944,0.505416214466095,0.3415082991123199,0.4452009499073028,0.466167688369751,0.5068672299385071,0.3247343003749847,0.4396103918552398,0.4829313457012176,open_video_trim_2,0.47567895054817194,0.40160544216632843,0.06021526455879217,Recovery_Ready
frame_188_trim_2.jpg,0.5055038928985596,0.491599977016449,0.4747857749462127,0.4919887483119964,0.4994014501571655,0.3970203101634979,0.47974893450737,0.4035097062587738,0.530953586101532,0.3897036910057068,0.47030770778656,0.4246535003185272,0.5193853974342346,0.343757152557373,0.4532666802406311,0.4566217958927154,0.5235650539398193,0.3284462690353393,0.450111836194992,0.4708499610424042,open_video_trim_2,0.48957519233226776,0.40026500821113586,0.06611871719360352,Recovery_Ready
frame_189_trim_2.jpg,0.5132448077201843,0.4905957281589508,0.4868347346782684,0.4928110241889953,0.508847713470459,0.4005815982818603,0.4916571378707886,0.4032483100891113,0.5308530926704407,0.3796476423740387,0.4834872186183929,0.426801860332489,0.5555665493011475,0.3584308624267578,0.4695022702217102,0.4539506733417511,0.5681418180465698,0.3414849042892456,0.4640416800975799,0.4667207300662994,open_video_trim_2,0.5002524256706238,0.4019149541854858,0.08606427907943726,Backhand_Backcourt
frame_19_trim_2.jpg,0.5132448077201843,0.4905957281589508,0.4868347346782684,0.4928110241889953,0.508847713470459,0.4005815982818603,0.4916571378707886,0.4032483100891113,0.5308530926704407,0.3796476423740387,0.4834872186183929,0.426801860332489,0.5555665493011475,0.3584308624267578,0.4695022702217102,0.4539506733417511,0.5681418180465698,0.3414849042892456,0.4640416800975799,0.4667207300662994,open_video_trim_2,0.5002524256706238,0.4019149541854858,0.08606427907943726,Backhand_Backcourt
frame_190_trim_2.jpg,0.5204895734786987,0.4751715660095215,0.4955300092697143,0.4642779231071472,0.5334075689315796,0.4159303307533264,0.5221733450889587,0.3957737684249878,0.5346497893333435,0.5005488395690918,0.536239504814148,0.4179536402225494,0.5518298745155334,0.56473308801651,0.5568559765815735,0.4077570736408233,0.5515784025192261,0.5901772975921631,0.5557770133018494,0.4214801788330078,open_video_trim_2,0.5277904570102692,0.4058520495891571,0.005026102066040039,Recovery_Ready
frame_191_trim_2.jpg,0.5251509547233582,0.4876702725887298,0.4975870847702026,0.4768334925174713,0.5334645509719849,0.4297361969947815,0.5164021253585815,0.4224361479282379,0.5315374732017517,0.5110848546028137,0.504916250705719,0.5146277546882629,0.5531235933303833,0.5744655728340149,0.4912299811840057,0.5811576843261719,0.5536310076713562,0.5955448150634766,0.4792856574058532,0.6054942011833191,open_video_trim_2,0.5249333381652832,0.4260861724615097,0.06189361214637762,Recovery_Ready
frame_192_trim_2.jpg,0.5220645666122437,0.487070083618164,0.5120691657066345,0.4789217412471771,0.5319435596466064,0.4440974593162536,0.5170096158981323,0.4438364505767822,0.5327615141868591,0.5136969089508057,0.5077279210090637,0.5128692984580994,0.5538556575775146,0.5773151516914368,0.4962718188762665,0.5815940499305725,0.5573781728744507,0.595463752746582,0.4994467794895172,0.613268256187439,open_video_trim_2,0.5244765877723694,0.44396695494651794,0.05758383870124817,Recovery_Ready
frame_193_trim_2.jpg,0.5220698714256287,0.4946087300777435,0.4957078695297241,0.4770748019218445,0.5308825969696045,0.4379836618900299,0.5141766667366028,0.4282710552215576,0.5250076651573181,0.5145056843757629,0.5012025833129883,0.5166925191879272,0.5357265472412109,0.5558509826660156,0.4931826591491699,0.5956564545631409,0.5431686043739319,0.5822951793670654,0.4839157462120056,0.6106118559837341,open_video_trim_2,0.5225296318531036,0.43312735855579376,0.042543888092041016,Recovery_Ready
frame_194_trim_2.jpg,0.5142523050308228,0.4918119609355926,0.4871786534786224,0.4757919907569885,0.5230362415313721,0.4331318438053131,0.5030834078788757,0.4244784116744995,0.5221379399299622,0.513484537601471,0.486655056476593,0.5226991772651672,0.5360414981842041,0.569918155670166,0.4858181178569793,0.5958966612815857,0.5456588864326477,0.5925309062004089,0.4803799986839294,0.6182454228401184,open_video_trim_2,0.5130598247051239,0.4288051277399063,0.05022338032722479,Recovery_Ready
frame_195_trim_2.jpg,0.5038356781005859,0.4905986189842224,0.4715846180915832,0.4770635068416595,0.5122087001800537,0.423102468252182,0.4925739169120788,0.4202882349491119,0.5141580700874329,0.505824089050293,0.4729253649711609,0.5201119184494019,0.5350185632705688,0.5778036713600159,0.4748814702033996,0.5925501585006714,0.5336840748786926,0.6013427972793579,0.4747358858585357,0.6188429594039917,open_video_trim_2,0.5023913085460663,0.421695351600647,0.060137093067169245,Recovery_Ready
frame_196_trim_2.jpg,0.5000154972076416,0.4846828877925873,0.4684368968009949,0.4716719090938568,0.49966561794281,0.4386332631111145,0.4809313714504242,0.4327365756034851,0.5023132562637329,0.5198028087615967,0.4649238586425781,0.5241228938102722,0.518526017665863,0.5854601860046387,0.452780544757843,0.6011848449707031,0.5185366272926331,0.6103923916816711,0.4413399994373321,0.6093244552612305,open_video_trim_2,0.4902984946966171,0.4356849193572998,0.06574547290802002,Recovery_Ready
frame_197_trim_2.jpg,0.482279509305954,0.492244005203247,0.4628933668136596,0.4922606945037842,0.4867565333843231,0.4696161448955536,0.4710036814212799,0.4671039283275604,0.4953997731208801,0.522151529788971,0.4498973488807678,0.5381966829299927,0.5159246921539307,0.5866304636001587,0.4382980763912201,0.608941376209259,0.5178648829460144,0.610148549079895,0.4331822097301483,0.6326103806495667,open_video_trim_2,0.4788801074028015,0.468360036611557,0.07762661576271057,Backhand_Backcourt
frame_198_trim_2.jpg,0.4692560732364654,0.5132367610931396,0.4447597861289978,0.5038872957229614,0.4726438224315643,0.4811789095401764,0.4538262188434601,0.4781791269779205,0.4883942306041717,0.5195044875144958,0.4472942948341369,0.5205772519111633,0.5096414089202881,0.5842819809913635,0.4364773333072662,0.6056257486343384,0.5192197561264038,0.6058759093284607,0.4455333352088928,0.6233919262886047,open_video_trim_2,0.4632350206375122,0.47967901825904846,0.0731640756130219,Backhand_Backcourt
frame_199_trim_2.jpg,0.4276785254478454,0.53471440076828,0.4357796609401703,0.5024639964103699,0.4439682066440582,0.476290225982666,0.4457944333553314,0.4679211676120758,0.4554284512996673,0.5181216597557068,0.4529995620250702,0.461721807718277,0.4571443498134613,0.4926465153694153,0.4561791718006134,0.4959191679954529,0.4573788940906524,0.5002758502960205,0.4514216482639313,0.5192533135414124,open_video_trim_2,0.4448813199996948,0.4721056967973709,0.0009651780128479004,Backhand_Backcourt
frame_2_trim_2.jpg,0.4276785254478454,0.53471440076828,0.4357796609401703,0.5024639964103699,0.4439682066440582,0.476290225982666,0.4457944333553314,0.4679211676120758,0.4554284512996673,0.5181216597557068,0.4529995620250702,0.461721807718277,0.4571443498134613,0.4926465153694153,0.4561791718006134,0.4959191679954529,0.4573788940906524,0.5002758502960205,0.4514216482639313,0.5192533135414124,open_video_trim_2,0.4448813199996948,0.4721056967973709,0.0009651780128479004,Backhand_Backcourt
frame_20_trim_2.jpg,0.6152359843254089,0.4091387689113617,0.6516949534416199,0.4135718047618866,0.6221364140510559,0.5226125121116638,0.6443103551864624,0.5280482769012451,0.5891901254653931,0.5801666378974915,0.6365916728973389,0.5700768232345581,0.5823957920074463,0.6631364822387695,0.6367952823638916,0.6360446810722351,0.5652946829795837,0.6731017827987671,0.6333974003791809,0.6450589299201965,open_video_trim_2,0.6332233846187592,0.5253303945064545,0.05439949035644531,Forehand_Mid
frame_200_trim_2.jpg,0.6152359843254089,0.4091387689113617,0.6516949534416199,0.4135718047618866,0.6221364140510559,0.5226125121116638,0.6443103551864624,0.5280482769012451,0.5891901254653931,0.5801666378974915,0.6365916728973389,0.5700768232345581,0.5823957920074463,0.6631364822387695,0.6367952823638916,0.6360446810722351,0.5652946829795837,0.6731017827987671,0.6333974003791809,0.6450589299201965,open_video_trim_2,0.6332233846187592,0.5253303945064545,0.05439949035644531,Forehand_Mid
frame_201_trim_2.jpg,0.4141311943531036,0.447918176651001,0.4125092923641205,0.4625208079814911,0.4027491807937622,0.3432885408401489,0.4002403616905212,0.3336018919944763,0.4175971448421478,0.3835058510303497,0.4136326014995575,0.3159589767456054,0.427775502204895,0.4498971402645111,0.4353991150856018,0.3690920174121856,0.4339604079723358,0.4840174317359924,0.4498216509819031,0.3976413011550903,open_video_trim_2,0.4014947712421417,0.3384452164173126,0.007623612880706787,Backhand_Backcourt
frame_202_trim_2.jpg,0.4159995019435882,0.4593231976032257,0.4101448357105255,0.4722531139850616,0.4037300646305084,0.342355728149414,0.3960932493209839,0.346951425075531,0.4018661677837372,0.3629974722862243,0.3867925703525543,0.377466082572937,0.3905275762081146,0.3650528788566589,0.3826355636119842,0.3657853305339813,0.3856446444988251,0.3758750259876251,0.3794801533222198,0.3814599514007568,open_video_trim_2,0.39991165697574615,0.34465357661247253,0.007892012596130427,Backhand_Backcourt
frame_203_trim_2.jpg,0.3947528004646301,0.48647341132164,0.3891424536705017,0.4925577938556671,0.3916307091712951,0.3751556873321533,0.3863469362258911,0.373005747795105,0.3811599612236023,0.3657244443893432,0.386019617319107,0.3521019220352173,0.3728786408901214,0.3655738830566406,0.370207130908966,0.3357399106025696,0.3639593422412872,0.3546900749206543,0.3580534160137176,0.3303783535957336,open_video_trim_2,0.38898882269859314,0.37408071756362915,0.0026715099811553955,Backhand_Backcourt
frame_204_trim_2.jpg,0.3778227269649505,0.4853790402412414,0.3876886665821075,0.5091007947921753,0.3808988332748413,0.3804425597190857,0.3836391568183899,0.3841186761856079,0.3941561877727508,0.4258036315441131,0.3851681649684906,0.3658407330513,0.3877464234828949,0.506327211856842,0.3869453966617584,0.3551919758319855,0.3837586641311645,0.5449003577232361,0.3875327110290527,0.3572790622711181,open_video_trim_2,0.3822689950466156,0.3822806179523468,0.0008010268211364746,Backhand_Backcourt
frame_205_trim_2.jpg,0.3820336461067199,0.510326623916626,0.3805324733257293,0.5284053087234497,0.3839504420757293,0.3794007897377014,0.383255660533905,0.384106695652008,0.3944977521896362,0.3811023831367492,0.3908489048480987,0.3568226993083954,0.3950910270214081,0.3530173301696777,0.3861443400382995,0.3312990665435791,0.3840276598930359,0.3530247509479522,0.3798332810401916,0.3436095118522644,open_video_trim_2,0.38360305130481714,0.38175374269485474,0.008946686983108576,Backhand_Backcourt
frame_206_trim_2.jpg,0.3814199268817901,0.5161173343658447,0.3780423402786255,0.5275728702545166,0.3865318894386291,0.3849000334739685,0.3858008682727813,0.3869137167930603,0.3976770341396332,0.3713240027427673,0.3969585001468658,0.3547213077545166,0.3988785147666931,0.3894029855728149,0.3912799656391144,0.3143960237503052,0.406343936920166,0.4023227989673614,0.3947180807590484,0.313764750957489,open_video_trim_2,0.3861663788557052,0.3859068751335144,0.007598549127578735,Backhand_Backcourt
frame_207_trim_2.jpg,0.3872296214103699,0.5127910375595093,0.3783722221851349,0.5274757742881775,0.3899011015892029,0.4201933145523071,0.3846771419048309,0.4197812676429748,0.3956676125526428,0.4528742432594299,0.3927551805973053,0.4534185230731964,0.3976559042930603,0.4676613509654999,0.3828132748603821,0.4327514469623565,0.3976693153381347,0.4939910471439361,0.3795869648456573,0.4441209435462951,open_video_trim_2,0.3872891217470169,0.41998729109764094,0.014842629432678223,Backhand_Backcourt
frame_208_trim_2.jpg,0.3990413248538971,0.5049993991851807,0.3812581598758697,0.5051478743553162,0.4014370739459991,0.4060024917125702,0.3848557770252228,0.401938796043396,0.4005936682224273,0.4418909847736358,0.3770336210727691,0.4361113607883453,0.3957656919956207,0.4500974714756012,0.3690889775753021,0.4305401146411896,0.3933702409267425,0.4769324362277984,0.3629941046237945,0.4520332813262939,open_video_trim_2,0.39314642548561096,0.4039706438779831,0.026676714420318604,Backhand_Backcourt
frame_209_trim_2.jpg,0.4121847748756408,0.5037029981613159,0.3836892247200012,0.4762068092823028,0.4071236848831177,0.4035554230213165,0.38729989528656,0.3970047235488891,0.4118062853813171,0.4424751102924347,0.3809667527675628,0.4500685632228851,0.3973774313926697,0.4597647190093994,0.3772914111614227,0.4555992484092712,0.3928848505020141,0.4855227470397949,0.3749653697013855,0.4764140844345093,open_video_trim_2,0.39721179008483887,0.4002800732851028,0.020086020231247004,Backhand_Backcourt
frame_21_trim_2.jpg,0.4121847748756408,0.5037029981613159,0.3836892247200012,0.4762068092823028,0.4071236848831177,0.4035554230213165,0.38729989528656,0.3970047235488891,0.4118062853813171,0.4424751102924347,0.3809667527675628,0.4500685632228851,0.3973774313926697,0.4597647190093994,0.3772914111614227,0.4555992484092712,0.3928848505020141,0.4855227470397949,0.3749653697013855,0.4764140844345093,open_video_trim_2,0.39721179008483887,0.4002800732851028,0.020086020231247004,Backhand_Backcourt
frame_210_trim_2.jpg,0.4191673994064331,0.4816994071006775,0.3892882764339447,0.4684260189533233,0.4198090136051178,0.3964266777038574,0.4039739072322845,0.3843371570110321,0.4183439016342163,0.4329718947410583,0.3902963399887085,0.4892662465572357,0.4166279733181,0.4500294327735901,0.3891605138778686,0.530218243598938,0.4169197678565979,0.4706421792507171,0.3870261013507843,0.5641167163848877,open_video_trim_2,0.41189146041870117,0.39038191735744476,0.02746745944023138,Backhand_Backcourt
frame_211_trim_2.jpg,0.4261289536952972,0.4958018660545349,0.3957437872886657,0.4898301362991333,0.4242630302906036,0.4164378941059112,0.4084809422492981,0.4204180538654327,0.423665702342987,0.4453707635402679,0.39753457903862,0.5085216164588928,0.4114512205123901,0.4705439209938049,0.3958765566349029,0.5791901350021362,0.4125514626502991,0.4776402711868286,0.3918114304542541,0.6060130000114441,open_video_trim_2,0.41637198626995087,0.41842797398567194,0.015574663877487183,Backhand_Backcourt
frame_212_trim_2.jpg,0.4311974346637726,0.5132263898849487,0.4086283147335052,0.513891339302063,0.42790687084198,0.4398636221885681,0.42122882604599,0.4482431709766388,0.4198571145534515,0.4942202568054199,0.4023367464542389,0.5389305353164673,0.4065829217433929,0.5251837372779846,0.3983165025711059,0.6068774461746216,0.4044139683246612,0.5523330569267273,0.3993039429187774,0.649503231048584,open_video_trim_2,0.424567848443985,0.44405339658260345,0.008266419172286987,Backhand_Backcourt
frame_213_trim_2.jpg,0.4114200174808502,0.5042054057121277,0.4258631467819214,0.5177173614501953,0.4165465235710144,0.4386728703975677,0.4253732860088348,0.4558281004428863,0.4125067889690399,0.5201888680458069,0.4228522181510925,0.5393528342247009,0.4035677313804626,0.5865564346313477,0.4403944909572601,0.6143216490745544,0.4015278816223144,0.6028785705566406,0.4434781968593597,0.6515734791755676,open_video_trim_2,0.4209599047899246,0.447250485420227,0.036826759576797485,Backhand_Backcourt
frame_214_trim_2.jpg,0.410711258649826,0.5007835626602173,0.417181521654129,0.5041636824607849,0.4104660451412201,0.4381998777389526,0.4096724390983581,0.4444508552551269,0.4098841547966003,0.5226622223854065,0.4222207963466644,0.5306305885314941,0.4043733179569244,0.6090287566184998,0.4596377909183502,0.5942625999450684,0.3983142673969269,0.6224468946456909,0.4521622955799103,0.6230443120002747,open_video_trim_2,0.4100692421197891,0.44132536649703974,0.05526447296142584,Backhand_Backcourt
frame_215_trim_2.jpg,0.4124325215816498,0.5029128193855286,0.4024209082126617,0.5083781480789185,0.4094946980476379,0.44070965051651,0.4019417762756347,0.4450371861457824,0.4087815880775451,0.5122984051704407,0.3989387154579162,0.5423333048820496,0.4225755929946899,0.5496636033058167,0.4174617528915405,0.6129526495933533,0.4278139770030975,0.5674635767936707,0.4274719059467315,0.6441890001296997,open_video_trim_2,0.4057182371616363,0.44287341833114624,0.0051138401031493586,Backhand_Backcourt
frame_216_trim_2.jpg,0.3944687247276306,0.4875975549221039,0.4065556228160858,0.504845380783081,0.3975273370742798,0.4484892785549164,0.4030046164989471,0.4689631164073944,0.3897680938243866,0.4762572646141052,0.3967370390892029,0.5421590209007263,0.3830864131450653,0.5117905735969543,0.3970330953598022,0.6026442050933838,0.3825111091136932,0.5278816223144531,0.4030817151069641,0.6351534724235535,open_video_trim_2,0.40026597678661346,0.4587261974811554,0.013946682214736883,Backhand_Backcourt
frame_217_trim_2.jpg,0.4019850194454193,0.518860399723053,0.4086355566978454,0.5511410236358643,0.4046167433261871,0.4642756283283233,0.4094059765338897,0.4809150993824005,0.38133704662323,0.4332539141178131,0.3924509882926941,0.4737513363361358,0.3756275177001953,0.4957509338855743,0.386199027299881,0.5262495279312134,0.3735233545303345,0.5213910937309265,0.3867343366146087,0.5533400774002075,open_video_trim_2,0.4070113599300384,0.47259536385536194,0.010571509599685669,Backhand_Backcourt
frame_218_trim_2.jpg,0.3994160592556,0.4989538788795471,0.4066669344902038,0.5250683426856995,0.4024423956871032,0.4637776911258697,0.4093094170093536,0.4796289503574371,0.3847082555294037,0.4235336780548095,0.3946117758750915,0.5382339358329773,0.3732520937919616,0.481455534696579,0.3940295875072479,0.6023197770118713,0.3735493421554565,0.4935503900051117,0.4073370397090912,0.6176808476448059,open_video_trim_2,0.4058759063482284,0.4717033207416534,0.02077749371528631,Backhand_Backcourt
frame_219_trim_2.jpg,0.4005128145217895,0.4913118183612823,0.3972832858562469,0.5237066745758057,0.4044124782085418,0.4715749621391296,0.4059610068798065,0.4930512607097626,0.3843168616294861,0.4254425466060638,0.393642395734787,0.5389590263366699,0.3797747492790222,0.4479431807994842,0.4030094742774963,0.5969288349151611,0.3789073228836059,0.4337478876113891,0.416443794965744,0.6102107167243958,open_video_trim_2,0.4051867425441742,0.4823131114244461,0.023234724998474066,Backhand_Backcourt
frame_22_trim_2.jpg,0.4005128145217895,0.4913118183612823,0.3972832858562469,0.5237066745758057,0.4044124782085418,0.4715749621391296,0.4059610068798065,0.4930512607097626,0.3843168616294861,0.4254425466060638,0.393642395734787,0.5389590263366699,0.3797747492790222,0.4479431807994842,0.4030094742774963,0.5969288349151611,0.3789073228836059,0.4337478876113891,0.416443794965744,0.6102107167243958,open_video_trim_2,0.4051867425441742,0.4823131114244461,0.023234724998474066,Backhand_Backcourt
frame_220_trim_2.jpg,0.3969086110591888,0.4856342375278473,0.3888486325740814,0.4606039524078369,0.413716584444046,0.4266652166843414,0.4077316224575043,0.4200011491775512,0.382525235414505,0.4235166013240814,0.3940251469612121,0.440170556306839,0.3974057137966156,0.4701554179191589,0.3947533667087555,0.487344354391098,0.4003874957561493,0.4939082860946655,0.389814555644989,0.5086954832077026,open_video_trim_2,0.41072410345077515,0.4233331829309463,0.0026523470878601074,Backhand_Backcourt
frame_221_trim_2.jpg,0.3941695094108581,0.4998199045658111,0.3890502154827118,0.511250376701355,0.4083017706871032,0.4529839754104614,0.4076204895973205,0.4739333689212799,0.3800423741340637,0.4185365438461303,0.3884223103523254,0.5175069570541382,0.39980548620224,0.4073767960071563,0.407468169927597,0.5518131256103516,0.4033708572387695,0.3940939307212829,0.4018675684928894,0.5747021436691284,open_video_trim_2,0.40796113014221186,0.46345867216587067,0.007662683725357,Backhand_Backcourt
frame_222_trim_2.jpg,0.3908591866493225,0.5054284930229187,0.3828096985816955,0.5122858285903931,0.4083932340145111,0.4549083411693573,0.4052965044975281,0.4684382081031799,0.3876373171806335,0.4067095518112182,0.3813720345497131,0.4792613387107849,0.4062884151935577,0.4083741307258606,0.4039158225059509,0.533216655254364,0.4112150073051452,0.4046034514904022,0.4135180711746216,0.5426590442657471,open_video_trim_2,0.4068448692560196,0.4616732746362686,0.002372592687606756,Backhand_Backcourt
frame_223_trim_2.jpg,0.391980230808258,0.4860812723636627,0.3839192390441894,0.4995361268520355,0.409219890832901,0.4382793009281158,0.4047426283359527,0.4534004628658294,0.4037631452083587,0.3981638848781585,0.3833745419979095,0.4762915074825287,0.4261641204357147,0.4132064282894134,0.4024775922298431,0.5382285118103027,0.4337057471275329,0.4143860638141632,0.4067608416080475,0.5531215071678162,open_video_trim_2,0.4069812595844269,0.4458398818969726,0.023686528205871638,Backhand_Backcourt
frame_224_trim_2.jpg,0.4117030203342438,0.4215115308761596,0.3823245763778686,0.4168920218944549,0.4105842411518097,0.4034836590290069,0.3993885219097137,0.3995932936668396,0.4094813168048858,0.4414795041084289,0.392095535993576,0.464571475982666,0.4196721613407135,0.4934088885784149,0.4056547582149505,0.5343278050422668,0.4056650102138519,0.518683910369873,0.4059422612190246,0.553293764591217,open_video_trim_2,0.4049863815307617,0.4015384763479233,0.014017403125762995,Backhand_Backcourt
frame_225_trim_2.jpg,0.4117030203342438,0.4215115308761596,0.3823245763778686,0.4168920218944549,0.4105842411518097,0.4034836590290069,0.3993885219097137,0.3995932936668396,0.4094813168048858,0.4414795041084289,0.392095535993576,0.464571475982666,0.4196721613407135,0.4934088885784149,0.4056547582149505,0.5343278050422668,0.4056650102138519,0.518683910369873,0.4059422612190246,0.553293764591217,open_video_trim_2,0.4049863815307617,0.4015384763479233,0.014017403125762995,Backhand_Backcourt
frame_226_trim_2.jpg,0.4320633709430694,0.4777863621711731,0.4040011763572693,0.4822136759757995,0.4281853139400482,0.387567788362503,0.4072442352771759,0.3868195414543152,0.4358381032943725,0.43238365650177,0.4027557373046875,0.4277938306331634,0.4422270953655243,0.4663807153701782,0.4151976406574249,0.4507251977920532,0.4486133754253387,0.4964311420917511,0.4167601764202118,0.4758356213569641,open_video_trim_2,0.41771477460861206,0.3871936649084091,0.027029454708099365,Backhand_Backcourt
frame_227_trim_2.jpg,0.4404490888118744,0.4823965430259704,0.4110836982727051,0.4938651621341705,0.4296741783618927,0.3921359777450561,0.4084449410438537,0.399506002664566,0.4416214823722839,0.4325265884399414,0.4199159443378448,0.4530100226402282,0.4424372911453247,0.4570159018039703,0.4418501853942871,0.4525841176509857,0.4485508799552917,0.4804970026016235,0.4522331655025482,0.4737486243247986,open_video_trim_2,0.41905955970287323,0.39582099020481104,0.0005871057510375977,Backhand_Backcourt
frame_228_trim_2.jpg,0.4404490888118744,0.4823965430259704,0.4110836982727051,0.4938651621341705,0.4296741783618927,0.3921359777450561,0.4084449410438537,0.399506002664566,0.4416214823722839,0.4325265884399414,0.4199159443378448,0.4530100226402282,0.4424372911453247,0.4570159018039703,0.4418501853942871,0.4525841176509857,0.4485508799552917,0.4804970026016235,0.4522331655025482,0.4737486243247986,open_video_trim_2,0.41905955970287323,0.39582099020481104,0.0005871057510375977,Backhand_Backcourt
frame_229_trim_2.jpg,0.500573992729187,0.6341623663902283,0.5214587450027466,0.6285544633865356,0.5151811242103577,0.5095828175544739,0.5301179885864258,0.4867367744445801,0.5079252123832703,0.5731691718101501,0.5308916568756104,0.470009833574295,0.5003063082695007,0.5623641014099121,0.5115206837654114,0.4214860796928406,0.4893948435783386,0.6087685227394104,0.5043653249740601,0.4515220820903778,open_video_trim_2,0.5226495563983917,0.498159795999527,0.011214375495910645,Recovery_Ready
frame_23_trim_2.jpg,0.500573992729187,0.6341623663902283,0.5214587450027466,0.6285544633865356,0.5151811242103577,0.5095828175544739,0.5301179885864258,0.4867367744445801,0.5079252123832703,0.5731691718101501,0.5308916568756104,0.470009833574295,0.5003063082695007,0.5623641014099121,0.5115206837654114,0.4214860796928406,0.4893948435783386,0.6087685227394104,0.5043653249740601,0.4515220820903778,open_video_trim_2,0.5226495563983917,0.498159795999527,0.011214375495910645,Recovery_Ready
frame_230_trim_2.jpg,0.5239312648773193,0.6109123229980469,0.5551966428756714,0.5781320333480835,0.5299620032310486,0.5051924586296082,0.5480888485908508,0.483763575553894,0.5185933709144592,0.6454264521598816,0.5567349195480347,0.5593089461326599,0.5057101249694824,0.7568463683128357,0.5496298670768738,0.5848686695098877,0.5159857273101807,0.7797122001647949,0.5479191541671753,0.6035999655723572,open_video_trim_2,0.5390254259109497,0.4944780170917511,0.04391974210739136,Recovery_Ready
frame_231_trim_2.jpg,0.5505754351615906,0.5431032180786133,0.5695043206214905,0.5623664259910583,0.5536466240882874,0.4551117122173309,0.5667679905891418,0.4688559174537658,0.5380962491035461,0.6154586672782898,0.5488856434822083,0.6087662577629089,0.528891384601593,0.7173135876655579,0.549213171005249,0.693165123462677,0.5339816808700562,0.7563071250915527,0.5542722940444946,0.7465700507164001,open_video_trim_2,0.5602073073387146,0.46198381483554835,0.020321786403656006,Recovery_Ready
frame_232_trim_2.jpg,0.5814101099967957,0.5040842294692993,0.5782744884490967,0.5501975417137146,0.5833308696746826,0.4274322092533111,0.5810724496841431,0.4503586888313293,0.5694167613983154,0.5544652938842773,0.561592698097229,0.5902856588363647,0.5499372482299805,0.6244152784347534,0.5590172410011292,0.6720608472824097,0.5481704473495483,0.6656263470649719,0.5633280277252197,0.7117456793785095,open_video_trim_2,0.5822016596794128,0.4388954490423202,0.009079992771148682,Forehand_Backcourt
frame_233_trim_2.jpg,0.5889654755592346,0.5056657791137695,0.5949483513832092,0.5537766814231873,0.5921006798744202,0.4259989559650421,0.5959015488624573,0.4487568438053131,0.580963671207428,0.461847573518753,0.5962929129600525,0.528012752532959,0.5528845191001892,0.469607263803482,0.604307234287262,0.5984774827957153,0.5390592813491821,0.4840152263641357,0.6154930591583252,0.6586874723434448,open_video_trim_2,0.5940011143684387,0.4373778998851776,0.051422715187072754,Forehand_Backcourt
frame_234_trim_2.jpg,0.6079224348068237,0.5155823826789856,0.6097338199615479,0.5542044043540955,0.6090648770332336,0.4364442825317383,0.6063251495361328,0.4551433324813843,0.5998074412345886,0.5112427473068237,0.5995144248008728,0.5880317687988281,0.583999752998352,0.4534325301647186,0.6036585569381714,0.6992537975311279,0.5831277966499329,0.4564344882965088,0.6149165034294128,0.7501953840255737,open_video_trim_2,0.6076950132846832,0.4457938075065613,0.019658803939819336,Forehand_Backcourt
frame_235_trim_2.jpg,0.643549919128418,0.5208825469017029,0.6087855100631714,0.5481128692626953,0.6322299838066101,0.4344582259654999,0.6102860569953918,0.43121999502182,0.6281117796897888,0.4799889326095581,0.6123554706573486,0.574336051940918,0.5963459610939026,0.4490229189395904,0.6073674559593201,0.695152759552002,0.595791757106781,0.4593186974525451,0.6136249899864197,0.6977381110191345,open_video_trim_2,0.621258020401001,0.43283911049366,0.01102149486541748,Forehand_Backcourt
frame_236_trim_2.jpg,0.6635323762893677,0.5363437533378601,0.6303878426551819,0.547859787940979,0.6545180678367615,0.4220613539218902,0.6288555860519409,0.4316967725753784,0.6523367762565613,0.423390656709671,0.6263527274131775,0.5121353268623352,0.6281313300132751,0.416559636592865,0.651038408279419,0.4717719256877899,0.6146404147148132,0.4230323433876037,0.6525841951370239,0.4649860560894012,open_video_trim_2,0.6416868269443512,0.42687906324863434,0.0229070782661438,Forehand_Backcourt
frame_237_trim_2.jpg,0.6859927773475647,0.542055606842041,0.6518926024436951,0.5481530427932739,0.6785375475883484,0.4206797182559967,0.6515499353408813,0.4295704364776611,0.7001308798789978,0.4111567735671997,0.634416401386261,0.4583809971809387,0.6732347011566162,0.36471688747406,0.6305683851242065,0.4208971560001373,0.6660969257354736,0.348971962928772,0.6265419125556946,0.3857626914978027,open_video_trim_2,0.6650437414646149,0.4251250773668289,0.04266631603240967,Forehand_Backcourt
frame_238_trim_2.jpg,0.7069871425628662,0.541817843914032,0.6704156994819641,0.5505310893058777,0.6990739107131958,0.4152590930461883,0.670304000377655,0.423144668340683,0.732244610786438,0.4470770061016083,0.6445701122283936,0.4412140846252441,0.7301173806190491,0.4034083783626556,0.6209823489189148,0.384614884853363,0.7332878112792969,0.3816334903240204,0.6159398555755615,0.3755419552326202,open_video_trim_2,0.6846889555454254,0.41920188069343567,0.10913503170013428,Forehand_Backcourt
frame_239_trim_2.jpg,0.7147614359855652,0.5388374924659729,0.6792669892311096,0.5391618609428406,0.714241087436676,0.3965902328491211,0.6850377917289734,0.3940045535564422,0.751983106136322,0.421044647693634,0.6576278209686279,0.3919799625873565,0.7546547651290894,0.3721340298652649,0.6281881928443909,0.3441234827041626,0.7562123537063599,0.3609434366226196,0.6223337054252625,0.3432420790195465,open_video_trim_2,0.6996394395828247,0.3952973932027817,0.1264665722846985,Forehand_Backcourt
frame_24_trim_2.jpg,0.707600474357605,0.522473156452179,0.6680805683135986,0.5163015723228455,0.7064710259437561,0.3899500370025635,0.6816931366920471,0.3888072967529297,0.7189986109733582,0.4505012631416321,0.6831856966018677,0.4408300817012787,0.70090651512146,0.4415469169616699,0.6885212659835815,0.4369323253631592,0.6935238242149353,0.4360194802284241,0.6886828541755676,0.4484370052814483,open_video_trim_2,0.6940820813179016,0.3893786668777466,0.012385249137878418,Forehand_Backcourt
frame_240_trim_2.jpg,0.7109085321426392,0.5294046401977539,0.6877090930938721,0.5288566946983337,0.7187409996986389,0.385380744934082,0.7062299251556396,0.3817557692527771,0.7400988936424255,0.3773874044418335,0.6834729313850403,0.3611951470375061,0.7477903962135315,0.3295838534832001,0.6606481075286865,0.3330191373825073,0.7615187168121338,0.3246676325798034,0.6578245162963867,0.2970988154411316,open_video_trim_2,0.7124854624271393,0.38356825709342957,0.08714228868484497,Forehand_Backcourt
frame_241_trim_2.jpg,0.7159796953201294,0.5315882563591003,0.7135637998580933,0.515637993812561,0.722436785697937,0.3737061023712158,0.7244588732719421,0.3767852187156677,0.7073307037353516,0.3161334991455078,0.7658634185791016,0.3695216774940491,0.6837275624275208,0.3009803891181946,0.7591009736061096,0.3126837015151977,0.6593719720840454,0.2717119753360748,0.7644283175468445,0.2898770570755005,open_video_trim_2,0.7234478294849396,0.3752456605434418,0.07537341117858887,Forehand_Backcourt
frame_242_trim_2.jpg,0.723487913608551,0.5353922247886658,0.7274446487426758,0.5241031050682068,0.7319228649139404,0.3841332197189331,0.7332013845443726,0.3849070966243744,0.7034082412719727,0.3207780718803406,0.7641780972480774,0.3554591834545135,0.6750478744506836,0.3080708086490631,0.7807231545448303,0.3086515963077545,0.6589480638504028,0.2748991250991821,0.7975386381149292,0.3015309572219848,open_video_trim_2,0.7325621247291565,0.38452015817165375,0.10567528009414673,Forehand_Backcourt
frame_243_trim_2.jpg,0.723487913608551,0.5353922247886658,0.7274446487426758,0.5241031050682068,0.7319228649139404,0.3841332197189331,0.7332013845443726,0.3849070966243744,0.7034082412719727,0.3207780718803406,0.7641780972480774,0.3554591834545135,0.6750478744506836,0.3080708086490631,0.7807231545448303,0.3086515963077545,0.6589480638504028,0.2748991250991821,0.7975386381149292,0.3015309572219848,open_video_trim_2,0.7325621247291565,0.38452015817165375,0.10567528009414673,Forehand_Backcourt
frame_244_trim_2.jpg,0.7470026612281799,0.4050556421279907,0.7600878477096558,0.3980277776718139,0.7539762854576111,0.5233163833618164,0.7691600322723389,0.5197149515151978,0.7176140546798706,0.5841886401176453,0.7766096591949463,0.5941834449768066,0.7285395264625549,0.6604293584823608,0.798198938369751,0.6637661457061768,0.7118975520133972,0.6966461539268494,0.7850835919380188,0.6777912378311157,open_video_trim_2,0.761568158864975,0.5215156674385071,0.06965941190719604,Forehand_Mid
frame_245_trim_2.jpg,0.7447264194488525,0.4258609414100647,0.7635887265205383,0.4180786907672882,0.7577533721923828,0.5412005186080933,0.7753734588623047,0.5367580652236938,0.7225843071937561,0.5949755907058716,0.7725409865379333,0.5941944718360901,0.7421333193778992,0.671062171459198,0.7988014221191406,0.6652721166610718,0.7215406894683838,0.6951385736465454,0.7852131724357605,0.677997350692749,open_video_trim_2,0.7665634155273438,0.5389792919158936,0.056668102741241455,Forehand_Mid
frame_246_trim_2.jpg,0.7424571514129639,0.4407611191272735,0.7633101940155029,0.4303752779960632,0.7593863606452942,0.5505225658416748,0.7778022885322571,0.5445392727851868,0.7230598330497742,0.5973471403121948,0.7708757519721985,0.5941941142082214,0.746505618095398,0.6693518161773682,0.7987939119338989,0.6652871966362,0.7272046804428101,0.6944707632064819,0.7848348021507263,0.6782371401786804,open_video_trim_2,0.7685943245887756,0.5475309193134308,0.05228829383850098,Forehand_Mid
frame_247_trim_2.jpg,0.7341724038124084,0.4432998895645141,0.7544838786125183,0.4288833141326904,0.7579379677772522,0.5493098497390747,0.7761348485946655,0.5420613884925842,0.7178665399551392,0.5967631936073303,0.7703937292098999,0.5959272980690002,0.747111439704895,0.6683409810066223,0.7987897992134094,0.6651175618171692,0.7287046909332275,0.6945227980613708,0.7849418520927429,0.6774855256080627,open_video_trim_2,0.7670364081859589,0.5456856191158295,0.051678359508514404,Forehand_Mid
frame_248_trim_2.jpg,0.7241159677505493,0.4365945756435394,0.7378914952278137,0.4256986975669861,0.7480399012565613,0.5466181039810181,0.7646297812461853,0.5417205095291138,0.7152926325798035,0.6030192971229553,0.7691991925239563,0.594748854637146,0.7482053637504578,0.6708729863166809,0.7932846546173096,0.6590785384178162,0.7299431562423706,0.6962391138076782,0.7840681076049805,0.6774926781654358,open_video_trim_2,0.7563348412513733,0.5441693067550659,0.04507929086685181,Forehand_Mid
frame_249_trim_2.jpg,0.7152009606361389,0.4021189212799072,0.7162752747535706,0.4015059173107147,0.7387992143630981,0.5237303972244263,0.7482713460922241,0.5183650255203247,0.7151639461517334,0.6016077399253845,0.7508895397186279,0.5907453298568726,0.7475498914718628,0.6710213422775269,0.7769386172294617,0.6565185189247131,0.7291758060455322,0.6971622705459595,0.7671263217926025,0.6814475655555725,open_video_trim_2,0.7435352802276611,0.5210477113723755,0.029388725757598877,Forehand_Mid
frame_25_trim_2.jpg,0.6901037096977234,0.3945404589176178,0.7255315780639648,0.4013986587524414,0.7007178068161011,0.5113818049430847,0.7219625115394592,0.5035055875778198,0.6772653460502625,0.5711603760719299,0.7400240302085876,0.5606633424758911,0.665111780166626,0.6476956605911255,0.7449148297309875,0.6390265822410583,0.6617043614387512,0.6526669263839722,0.7577593326568604,0.6509170532226562,open_video_trim_2,0.7113401591777802,0.5074436962604523,0.07980304956436157,Forehand_Backcourt
frame_250_trim_2.jpg,0.7059195637702942,0.3754993677139282,0.7023213505744934,0.3828209936618805,0.7244375348091125,0.4991590082645416,0.7272485494613647,0.4997794330120086,0.6917451024055481,0.5790678858757019,0.7198168635368347,0.5733271837234497,0.7190150618553162,0.6525393724441528,0.745625376701355,0.6461032032966614,0.7139671444892883,0.6733748316764832,0.7332391738891602,0.6707448363304138,open_video_trim_2,0.7258430421352386,0.49946922063827515,0.02661031484603882,Forehand_Backcourt
frame_251_trim_2.jpg,0.6980125904083252,0.3742505609989166,0.6901111006736755,0.3792216777801513,0.7182671427726746,0.4948806166648865,0.7141225337982178,0.4970926940441131,0.6905727982521057,0.5824674367904663,0.6977352499961853,0.5776901841163635,0.7234351634979248,0.656130850315094,0.7225655913352966,0.6527656316757202,0.7084823846817017,0.688540518283844,0.7051275968551636,0.6914587616920471,open_video_trim_2,0.7161948382854462,0.4959866553544998,0.0008695721626281738,Forehand_Backcourt
frame_252_trim_2.jpg,0.6939269304275513,0.3857852518558502,0.6750670671463013,0.3861874341964721,0.7049720287322998,0.5040013194084167,0.6939464807510376,0.5040332674980164,0.6729919910430908,0.5833481550216675,0.6881169676780701,0.593335747718811,0.7093870639801025,0.6666497588157654,0.7111485004425049,0.681811511516571,0.6981427669525146,0.6944330334663391,0.693670928478241,0.7091420292854309,open_video_trim_2,0.6994592547416687,0.5040172934532166,0.0017614364624023438,Forehand_Backcourt
frame_253_trim_2.jpg,0.6868950724601746,0.4040549695491791,0.660330057144165,0.4053325653076172,0.6863648295402527,0.5166873931884766,0.672328531742096,0.5229148864746094,0.6649081707000732,0.5992447137832642,0.6690115332603455,0.6112927198410034,0.6931589841842651,0.6924084424972534,0.710143506526947,0.6835291385650635,0.6823604702949524,0.7287353277206421,0.6949120759963989,0.7162402272224426,open_video_trim_2,0.6793466806411743,0.519801139831543,0.016984522342681885,Forehand_Mid
frame_254_trim_2.jpg,0.672976553440094,0.4272416234016418,0.6464203596115112,0.4232813715934753,0.6682417988777161,0.5462326407432556,0.6493656039237976,0.5486319661140442,0.659537136554718,0.6229684948921204,0.6343060731887817,0.6392984986305237,0.6909846663475037,0.7082569003105164,0.6817559003829956,0.666056752204895,0.6790649890899658,0.7355104684829712,0.6867058873176575,0.7049551606178284,open_video_trim_2,0.6588037014007568,0.5474323034286499,0.009228765964508057,Forehand_Mid
frame_255_trim_2.jpg,0.6499251127243042,0.4342553615570068,0.6247478723526001,0.4347318708896637,0.6512784957885742,0.5558182597160339,0.6288192272186279,0.5567282438278198,0.657305896282196,0.6317100524902344,0.5926969647407532,0.6247493028640747,0.6901419162750244,0.711347222328186,0.6382631063461304,0.6619605422019958,0.6782518625259399,0.7368555068969727,0.6303327083587646,0.7009881734848022,open_video_trim_2,0.6400488615036011,0.5562732517719269,0.05187880992889404,Forehand_Mid
frame_256_trim_2.jpg,0.6178988218307495,0.4303199648857116,0.59671550989151,0.4263346493244171,0.6236833930015564,0.5491412281990051,0.5985543727874756,0.5483158230781555,0.6471649408340454,0.6330456733703613,0.5530503988265991,0.5925516486167908,0.6864545941352844,0.7056998014450073,0.5797309279441833,0.660085141658783,0.6780549883842468,0.7372087836265564,0.5592597126960754,0.6909099221229553,open_video_trim_2,0.611118882894516,0.5487285256385803,0.10672366619110107,Forehand_Mid
frame_257_trim_2.jpg,0.5830038785934448,0.3986503183841705,0.5596455335617065,0.4241903424263,0.5892857909202576,0.5459731221199036,0.565657377243042,0.5434104800224304,0.6197704076766968,0.6221805214881897,0.5165332555770874,0.5734310746192932,0.6649363040924072,0.6981037855148315,0.5162372589111328,0.6600301861763,0.6714656352996826,0.7345823049545288,0.489988625049591,0.6720324754714966,open_video_trim_2,0.5774715840816498,0.544691801071167,0.14869904518127441,Forehand_Mid
frame_258_trim_2.jpg,0.5467910766601562,0.3920080959796905,0.5231502652168274,0.421282559633255,0.5523857474327087,0.5382735133171082,0.5320249795913696,0.5409820675849915,0.5832163691520691,0.6180822253227234,0.4876273274421692,0.582959771156311,0.6291154026985168,0.6948355436325073,0.4609580636024475,0.6655798554420471,0.6355835795402527,0.7338346838951111,0.4420676231384277,0.6637818813323975,open_video_trim_2,0.5422053635120392,0.5396277904510498,0.16815733909606934,Forehand_Mid
frame_259_trim_2.jpg,0.5091434121131897,0.3991858065128326,0.4851830303668976,0.4267225563526153,0.5112402439117432,0.5457987189292908,0.5130746364593506,0.5476998090744019,0.4583643972873688,0.6196386814117432,0.538524866104126,0.6277976632118225,0.4272589087486267,0.6974127888679504,0.5805816054344177,0.7021635174751282,0.4056533277034759,0.6870250701904297,0.5846847295761108,0.7310991883277893,open_video_trim_2,0.5121574401855469,0.5467492640018463,0.15332269668579102,Backhand_Mid
frame_26_trim_2.jpg,0.5091434121131897,0.3991858065128326,0.4851830303668976,0.4267225563526153,0.5112402439117432,0.5457987189292908,0.5130746364593506,0.5476998090744019,0.4583643972873688,0.6196386814117432,0.538524866104126,0.6277976632118225,0.4272589087486267,0.6974127888679504,0.5805816054344177,0.7021635174751282,0.4056533277034759,0.6870250701904297,0.5846847295761108,0.7310991883277893,open_video_trim_2,0.5121574401855469,0.5467492640018463,0.15332269668579102,Backhand_Mid
frame_260_trim_2.jpg,0.460703581571579,0.4610342383384704,0.4513010680675506,0.4516403675079345,0.4622618854045868,0.4831302762031555,0.4606340527534485,0.4879391193389892,0.4628313183784485,0.4806635081768036,0.4779087007045746,0.5184348821640015,0.4700459837913513,0.5067188739776611,0.4895728826522827,0.5401287078857422,0.4714081585407257,0.507268488407135,0.4921005368232727,0.5438706874847412,open_video_trim_2,0.46144796907901764,0.4855346977710724,0.019526898860931396,Backhand_Backcourt
frame_261_trim_2.jpg,0.4793563485145569,0.5427294969558716,0.4811171889305115,0.5407456755638123,0.4575129747390747,0.484828919172287,0.4620881676673889,0.4894154369831085,0.4336830377578735,0.4566717445850372,0.4754749238491058,0.5151613354682922,0.4283611476421356,0.4917140901088714,0.4912382364273071,0.5451114773750305,0.425887793302536,0.5022908449172974,0.4965943396091461,0.570145845413208,open_video_trim_2,0.4598005712032318,0.48712217807769775,0.06287708878517145,Backhand_Backcourt
frame_262_trim_2.jpg,0.4793563485145569,0.5427294969558716,0.4811171889305115,0.5407456755638123,0.4575129747390747,0.484828919172287,0.4620881676673889,0.4894154369831085,0.4336830377578735,0.4566717445850372,0.4754749238491058,0.5151613354682922,0.4283611476421356,0.4917140901088714,0.4912382364273071,0.5451114773750305,0.425887793302536,0.5022908449172974,0.4965943396091461,0.570145845413208,open_video_trim_2,0.4598005712032318,0.48712217807769775,0.06287708878517145,Backhand_Backcourt
frame_263_trim_2.jpg,0.4408452212810516,0.4516855478286743,0.4206708967685699,0.4701979756355285,0.4545757472515106,0.5752614736557007,0.4377911984920501,0.5755316019058228,0.4127536416053772,0.6316356658935547,0.4064854979515075,0.6122837066650391,0.4574808478355407,0.6927570700645447,0.4114141166210174,0.698768138885498,0.4495370090007782,0.7366417646408081,0.3859660029411316,0.7189206480979919,open_video_trim_2,0.4461834728717804,0.5753965377807617,0.046066731214523315,Backhand_Mid
frame_264_trim_2.jpg,0.440805435180664,0.4313586950302124,0.4216246008872986,0.4532579779624939,0.4568371474742889,0.5604172945022583,0.4437305629253387,0.5622686743736267,0.4203150868415832,0.6307973265647888,0.4154765903949737,0.6146150827407837,0.4610257744789123,0.6973832249641418,0.4118980467319488,0.6959943175315857,0.4498104751110077,0.7366088628768921,0.3863515853881836,0.7189118266105652,open_video_trim_2,0.4502838551998138,0.5613429844379425,0.0491277277469635,Backhand_Mid
frame_265_trim_2.jpg,0.4440777003765106,0.4165526330471039,0.4220186769962311,0.4404926896095276,0.4689115285873413,0.5433605313301086,0.4525696933269501,0.5491942763328552,0.4403997361660003,0.622081995010376,0.4278317093849182,0.6134722828865051,0.4662774503231048,0.6971393823623657,0.4386090338230133,0.6961374282836914,0.4525765478610992,0.7361213564872742,0.4169984459877014,0.7207399010658264,open_video_trim_2,0.4607406109571457,0.5462774038314819,0.027668416500091497,Backhand_Mid
frame_266_trim_2.jpg,0.4551752209663391,0.4150747656822204,0.4221515953540802,0.4357566833496094,0.4783569872379303,0.537391185760498,0.4582181870937347,0.5464929938316345,0.458951473236084,0.6221116185188293,0.4436402022838592,0.6275087594985962,0.4876912236213684,0.6976438164710999,0.4882430136203766,0.6907371878623962,0.4792410731315613,0.7398985028266907,0.4842411577701568,0.7305105924606323,open_video_trim_2,0.4682875871658325,0.5419420897960663,0.0005517899990081787,Recovery_Ready
frame_267_trim_2.jpg,0.4724811017513275,0.4227346777915954,0.4237138628959656,0.4350286424160003,0.477747768163681,0.5456069111824036,0.4551709592342376,0.5536509156227112,0.4768594205379486,0.6335161924362183,0.4609235823154449,0.6468558311462402,0.5091904401779175,0.7161577939987183,0.501508355140686,0.6978656649589539,0.5088129639625549,0.7566669583320618,0.4870739579200744,0.7311254143714905,open_video_trim_2,0.4664593636989593,0.5496289134025574,0.007682085037231445,Recovery_Ready
frame_268_trim_2.jpg,0.4804531931877136,0.4233061075210571,0.4263879358768463,0.4411125481128692,0.4775473177433014,0.5533186197280884,0.4521293640136719,0.5666536688804626,0.4900725483894348,0.6537830829620361,0.4461964666843414,0.6714562773704529,0.516531229019165,0.730927050113678,0.4795964062213897,0.6844760179519653,0.5132550597190857,0.7636590003967285,0.482083797454834,0.7309461832046509,open_video_trim_2,0.46483834087848663,0.5599861443042755,0.036934822797775324,Recovery_Ready
frame_269_trim_2.jpg,0.4813880622386932,0.4398629367351532,0.4257952570915222,0.4417618215084076,0.4740157723426819,0.567041277885437,0.4458907842636108,0.5773950815200806,0.4907248318195343,0.6640194654464722,0.4324197471141815,0.6793120503425598,0.517208993434906,0.7338522672653198,0.4623061716556549,0.6761866211891174,0.5160930752754211,0.7653946280479431,0.4509488046169281,0.724425733089447,open_video_trim_2,0.45995327830314636,0.5722181797027588,0.0549028217792511,Backhand_Mid
frame_27_trim_2.jpg,0.4813880622386932,0.4398629367351532,0.4257952570915222,0.4417618215084076,0.4740157723426819,0.567041277885437,0.4458907842636108,0.5773950815200806,0.4907248318195343,0.6640194654464722,0.4324197471141815,0.6793120503425598,0.517208993434906,0.7338522672653198,0.4623061716556549,0.6761866211891174,0.5160930752754211,0.7653946280479431,0.4509488046169281,0.724425733089447,open_video_trim_2,0.45995327830314636,0.5722181797027588,0.0549028217792511,Backhand_Mid
frame_270_trim_2.jpg,0.4686397612094879,0.4419667720794678,0.4111328125,0.4507176280021667,0.4563861489295959,0.5727545022964478,0.423427015542984,0.5705994963645935,0.4859804809093475,0.6695016026496887,0.3924418687820434,0.6467617750167847,0.5133628249168396,0.7296176552772522,0.4107160270214081,0.7117147445678711,0.5177745819091797,0.7655044198036194,0.3977895677089691,0.7559147477149963,open_video_trim_2,0.43990658223629,0.5716769993305206,0.10264679789543152,Backhand_Mid
frame_271_trim_2.jpg,0.4509994387626648,0.4363587200641632,0.3919511139392853,0.4486773908138275,0.439317911863327,0.5720242261886597,0.4049669802188873,0.5690704584121704,0.4723939597606659,0.6661887764930725,0.3672850430011749,0.6375468969345093,0.5083323121070862,0.7287575006484985,0.3610807359218597,0.7373156547546387,0.5161996483802795,0.7643042802810669,0.3394916951656341,0.7568102478981018,open_video_trim_2,0.4221424460411072,0.570547342300415,0.1472515761852265,Backhand_Mid
frame_272_trim_2.jpg,0.4279274642467499,0.4369810223579407,0.3671616315841675,0.4487595558166504,0.4162047803401947,0.5764191150665283,0.3822714686393738,0.5754415988922119,0.4520506858825683,0.6669487357139587,0.3477542996406555,0.6498109698295593,0.4893018901348114,0.7283024787902832,0.3195149600505829,0.7563040852546692,0.5096827745437622,0.760326623916626,0.2957869470119476,0.7450101971626282,open_video_trim_2,0.39923812448978424,0.5759303569793701,0.16978693008422852,Backhand_Mid
frame_273_trim_2.jpg,0.4030373394489288,0.4564779996871948,0.3419956266880035,0.4601960480213165,0.3952148854732513,0.6018926501274109,0.3608707785606384,0.601478636264801,0.4324744641780853,0.7004618644714355,0.3264035582542419,0.6716163754463196,0.4668149054050445,0.7340379357337952,0.3057668805122375,0.7744024395942688,0.4836814105510711,0.760413408279419,0.2838365733623504,0.8086918592453003,open_video_trim_2,0.3780428320169449,0.601685643196106,0.161048024892807,Backhand_Front
frame_274_trim_2.jpg,0.3833920359611511,0.4772557616233825,0.3231108784675598,0.4819318354129791,0.3840908110141754,0.6168721914291382,0.3495941162109375,0.6170588135719299,0.4000494182109833,0.7294374108314514,0.3209746778011322,0.6706872582435608,0.4334215819835663,0.7400197386741638,0.3057309091091156,0.7780104279518127,0.448719710111618,0.7655594348907471,0.2858181595802307,0.8102820515632629,open_video_trim_2,0.36684246361255646,0.6169655025005341,0.12769067287445068,Backhand_Front
frame_275_trim_2.jpg,0.3777409195899963,0.4843355417251587,0.3148010671138763,0.4955093264579773,0.3802095055580139,0.6225783824920654,0.3467108011245727,0.6214790940284729,0.3753281235694885,0.7315207719802856,0.3155551552772522,0.6722621917724609,0.4071389734745025,0.745421826839447,0.3043625056743622,0.7790961861610413,0.4162061810493469,0.778109610080719,0.2848043441772461,0.811632513999939,open_video_trim_2,0.36346015334129333,0.6220287382602692,0.10277646780014033,Backhand_Front
frame_276_trim_2.jpg,0.3810639679431915,0.4879743158817291,0.3155623376369476,0.4917569160461426,0.3795876204967499,0.6173432469367981,0.345557302236557,0.6155998110771179,0.3670855760574341,0.7168030142784119,0.3147163093090057,0.6708020567893982,0.3922429978847503,0.7432182431221008,0.3049914538860321,0.7764360904693604,0.3961093127727508,0.7875453233718872,0.2854574620723724,0.8104896545410156,open_video_trim_2,0.36257246136665344,0.616471529006958,0.0872515439987182,Backhand_Front
frame_277_trim_2.jpg,0.3916688859462738,0.4797492623329162,0.3306061625480652,0.4912198185920715,0.3847952485084533,0.610530436038971,0.3509956002235412,0.6086427569389343,0.3719331324100494,0.7011927366256714,0.3187860250473022,0.6706467866897583,0.3961375951766968,0.7413878440856934,0.3044842183589935,0.7767361402511597,0.3979219794273376,0.790745735168457,0.2855656445026397,0.8126542568206787,open_video_trim_2,0.36789542436599726,0.6095865964889526,0.0916533768177033,Backhand_Front
frame_278_trim_2.jpg,0.4011560082435608,0.461074560880661,0.3336679339408874,0.4535980820655823,0.3949685394763946,0.5890899896621704,0.3614920973777771,0.5876160264015198,0.3866021931171417,0.6860312223434448,0.3285486996173858,0.6710734367370605,0.4016523957252502,0.7523249387741089,0.3050807416439056,0.7747755646705627,0.3986580669879913,0.7962749600410461,0.2828691601753235,0.8064002394676208,open_video_trim_2,0.3782303184270859,0.5883530080318451,0.0965716540813446,Backhand_Mid
frame_279_trim_2.jpg,0.4157611429691314,0.4271949827671051,0.3690487444400787,0.4272239208221435,0.4088357090950012,0.5669270157814026,0.3788997530937195,0.5657765865325928,0.3950011134147644,0.6694746613502502,0.3520113229751587,0.667197585105896,0.4034582078456878,0.7591078877449036,0.3180920481681824,0.7718144655227661,0.3979986608028412,0.7988178133964539,0.2933621704578399,0.7788386940956116,open_video_trim_2,0.39386773109436035,0.5663518011569977,0.08536615967750544,Backhand_Mid
frame_28_trim_2.jpg,0.4157611429691314,0.4271949827671051,0.3690487444400787,0.4272239208221435,0.4088357090950012,0.5669270157814026,0.3788997530937195,0.5657765865325928,0.3950011134147644,0.6694746613502502,0.3520113229751587,0.667197585105896,0.4034582078456878,0.7591078877449036,0.3180920481681824,0.7718144655227661,0.3979986608028412,0.7988178133964539,0.2933621704578399,0.7788386940956116,open_video_trim_2,0.39386773109436035,0.5663518011569977,0.08536615967750544,Backhand_Mid
frame_280_trim_2.jpg,0.4263088405132293,0.4049534797668457,0.3916158676147461,0.4105312526226043,0.4316646456718445,0.5555230379104614,0.40668785572052,0.5534377098083496,0.4125235378742218,0.6511973142623901,0.3762410879135132,0.6366720795631409,0.4095879197120666,0.7586620450019836,0.3750582635402679,0.749751627445221,0.3959717750549316,0.7964911460876465,0.3467050492763519,0.7739702463150024,open_video_trim_2,0.41917625069618225,0.5544803738594055,0.034529656171798706,Backhand_Mid
frame_281_trim_2.jpg,0.4362945556640625,0.4038698673248291,0.4050251245498657,0.4082752764225006,0.4479311406612396,0.550092875957489,0.4256159961223602,0.5468417406082153,0.423406183719635,0.6431625485420227,0.3957093954086303,0.634480357170105,0.4344511032104492,0.7565487623214722,0.4198917746543884,0.7398046255111694,0.4134393036365509,0.7965354323387146,0.3975558876991272,0.773917555809021,open_video_trim_2,0.4367735683917999,0.5484673082828522,0.014559328556060791,Backhand_Mid
frame_282_trim_2.jpg,0.4496393799781799,0.4109243750572204,0.4304464757442474,0.4143857359886169,0.4623444378376007,0.5542056560516357,0.4507664442062378,0.5508776903152466,0.42779341340065,0.6442183256149292,0.4242434501647949,0.6375343799591064,0.45003542304039,0.7584694027900696,0.4636263251304626,0.7224283814430237,0.4242304265499115,0.7965347766876221,0.4496080577373504,0.7588602900505066,open_video_trim_2,0.45655544102191925,0.5525416731834412,0.013590902090072576,Backhand_Mid
frame_283_trim_2.jpg,0.4635376632213592,0.4160969257354736,0.4611614644527435,0.4164592921733856,0.47072634100914,0.5614270567893982,0.473957747220993,0.5594147443771362,0.4374950230121612,0.6447324156761169,0.4500417411327362,0.6467023491859436,0.4495132863521576,0.7617915868759155,0.4961867928504944,0.7198627591133118,0.4230983853340149,0.7964897155761719,0.4812344014644623,0.7575415968894958,open_video_trim_2,0.47234204411506653,0.5604209005832672,0.04667350649833679,Recovery_Ready
frame_284_trim_2.jpg,0.4800459742546081,0.4099673628807068,0.4931657016277313,0.4096035957336426,0.4883872866630554,0.5581313967704773,0.5020186305046082,0.5588585734367371,0.4651661813259125,0.6446175575256348,0.4742647409439087,0.645426332950592,0.4528728723526001,0.7585664987564087,0.508169949054718,0.7261469960212708,0.4218392670154571,0.7895759344100952,0.4885906875133514,0.757297933101654,open_video_trim_2,0.4952029585838318,0.5584949851036072,0.05529707670211792,Recovery_Ready
frame_285_trim_2.jpg,0.4967885017395019,0.4001554250717163,0.5246960520744324,0.3970929384231567,0.5080364942550659,0.5461438894271851,0.525407612323761,0.5479889512062073,0.4880725145339966,0.6345587372779846,0.4970341026782989,0.6283915638923645,0.4847487509250641,0.748157799243927,0.5092583894729614,0.728627622127533,0.4502663016319275,0.7721458077430725,0.4900107979774475,0.754456102848053,open_video_trim_2,0.5167220532894135,0.5470664203166962,0.02450963854789734,Recovery_Ready
frame_286_trim_2.jpg,0.51496821641922,0.3817769885063171,0.5512629151344299,0.3819779753684997,0.5330353379249573,0.5277856588363647,0.5539406538009644,0.5288950204849243,0.5099414587020874,0.625242292881012,0.5229485034942627,0.6225870847702026,0.5263184905052185,0.7247193455696106,0.5230364799499512,0.7258597612380981,0.5009301900863647,0.7509798407554626,0.5000335574150085,0.7468854188919067,open_video_trim_2,0.5434879958629608,0.5283403396606445,0.003282010555267334,Recovery_Ready
frame_287_trim_2.jpg,0.532520592212677,0.380436897277832,0.5756779909133911,0.3854277431964874,0.5548182725906372,0.5315191149711609,0.5753432512283325,0.5308775901794434,0.5310112237930298,0.623572051525116,0.549956738948822,0.6121417284011841,0.563494861125946,0.7155396342277527,0.5677871108055115,0.7092143297195435,0.5464712381362915,0.742327094078064,0.5539243221282959,0.7326198816299438,open_video_trim_2,0.5650807619094849,0.5311983525753021,0.00429224967956543,Forehand_Mid
frame_288_trim_2.jpg,0.5536941885948181,0.3821326792240143,0.5992130041122437,0.3940823376178741,0.5692521333694458,0.5450411438941956,0.5939241647720337,0.5423671007156372,0.5508548617362976,0.629338264465332,0.5917964577674866,0.6165317893028259,0.579340398311615,0.7259367108345032,0.6182429194450378,0.7017935514450073,0.5575535893440247,0.7493433356285095,0.6128804683685303,0.7225459814071655,open_video_trim_2,0.5815881490707397,0.5437041223049164,0.03890252113342285,Forehand_Mid
frame_289_trim_2.jpg,0.5769160985946655,0.3932520151138305,0.6233932971954346,0.4066268801689148,0.5839484930038452,0.5505985021591187,0.6147669553756714,0.5484653115272522,0.5595282316207886,0.629538357257843,0.6350081562995911,0.6188986301422119,0.5768700242042542,0.7254179120063782,0.659521758556366,0.6993113160133362,0.5588605403900146,0.7513726949691772,0.6533831357955933,0.6956427693367004,open_video_trim_2,0.5993577241897583,0.5495319068431854,0.08265173435211182,Forehand_Mid
frame_29_trim_2.jpg,0.5769160985946655,0.3932520151138305,0.6233932971954346,0.4066268801689148,0.5839484930038452,0.5505985021591187,0.6147669553756714,0.5484653115272522,0.5595282316207886,0.629538357257843,0.6350081562995911,0.6188986301422119,0.5768700242042542,0.7254179120063782,0.659521758556366,0.6993113160133362,0.5588605403900146,0.7513726949691772,0.6533831357955933,0.6956427693367004,open_video_trim_2,0.5993577241897583,0.5495319068431854,0.08265173435211182,Forehand_Mid
frame_290_trim_2.jpg,0.6050576567649841,0.4080550968647003,0.6513139009475708,0.4168165624141693,0.6163131594657898,0.5499224066734314,0.6436212062835693,0.5444444417953491,0.5947818756103516,0.6357194185256958,0.6654853820800781,0.6237901449203491,0.5818313956260681,0.7153877019882202,0.6854321360588074,0.7029650211334229,0.5606672763824463,0.7445937395095825,0.6875317692756653,0.7073031663894653,open_video_trim_2,0.6299671828746796,0.5471834242343903,0.10360074043273926,Forehand_Mid
frame_291_trim_2.jpg,0.6194795370101929,0.4075075089931488,0.6687610745429993,0.4163828194141388,0.6297647356987,0.547925591468811,0.6583355069160461,0.5438826680183411,0.6168479919433594,0.6318694949150085,0.67721027135849,0.6178692579269409,0.6205366849899292,0.710130512714386,0.686040461063385,0.700213611125946,0.6018692255020142,0.7424067854881287,0.6882489323616028,0.711068332195282,open_video_trim_2,0.644050121307373,0.545904129743576,0.06550377607345581,Forehand_Mid
frame_292_trim_2.jpg,0.6337951421737671,0.3822789490222931,0.682248055934906,0.3977110981941223,0.6392920017242432,0.5305101871490479,0.6667267084121704,0.5299422740936279,0.6382119059562683,0.6179083585739136,0.6765716075897217,0.612126350402832,0.6731443405151367,0.6771677136421204,0.6836551427841187,0.6984664797782898,0.6735857129096985,0.7261165976524353,0.6791759133338928,0.7261895537376404,open_video_trim_2,0.6530093550682068,0.5302262306213379,0.010510802268981934,Forehand_Mid
frame_293_trim_2.jpg,0.6404890418052673,0.350370317697525,0.6898123621940613,0.3694343864917755,0.647993803024292,0.4969162046909332,0.6699745655059814,0.4948365390300751,0.6571629643440247,0.5860282778739929,0.6759369969367981,0.5808879733085632,0.6999280452728271,0.6521205902099609,0.6943466067314148,0.6665545701980591,0.6975844502449036,0.7072972655296326,0.6893835663795471,0.7200419902801514,open_video_trim_2,0.6589841842651367,0.49587637186050415,0.0055814385414123535,Forehand_Backcourt
frame_294_trim_2.jpg,0.6478323340415955,0.3358822166919708,0.6926031708717346,0.3500528037548065,0.658292829990387,0.4858399033546448,0.6746504902839661,0.4808956086635589,0.6708215475082397,0.5758636593818665,0.6743919253349304,0.5562464594841003,0.7066732048988342,0.6525365710258484,0.6942301392555237,0.6193431615829468,0.6996685266494751,0.7014773488044739,0.6889517903327942,0.6668142676353455,open_video_trim_2,0.6664716601371765,0.48336775600910187,0.012443065643310547,Forehand_Backcourt
frame_295_trim_2.jpg,0.6568670868873596,0.3485825657844543,0.6860702037811279,0.341168999671936,0.6673945784568787,0.481338769197464,0.6843394041061401,0.4782087504863739,0.6740656495094299,0.5785418748855591,0.6890266537666321,0.5652998089790344,0.699827253818512,0.6631141901016235,0.7089594602584839,0.6462710499763489,0.6920340657234192,0.7084261775016785,0.6974843144416809,0.6752981543540955,open_video_trim_2,0.6758669912815094,0.47977375984191895,0.009132206439971924,Forehand_Backcourt
frame_296_trim_2.jpg,0.6677922606468201,0.353854089975357,0.6845431923866272,0.3592559695243835,0.6790157556533813,0.4978127479553222,0.693581223487854,0.493979275226593,0.6680284738540649,0.5913367867469788,0.6992916464805603,0.5788161158561707,0.7049392461776733,0.6673072576522827,0.7111044526100159,0.6589881777763367,0.6983146071434021,0.7091256380081177,0.7003164887428284,0.6758991479873657,open_video_trim_2,0.6862984895706177,0.49589601159095764,0.006165206432342529,Forehand_Backcourt
frame_297_trim_2.jpg,0.6753136515617371,0.4057182967662811,0.6859773397445679,0.3829984962940216,0.6885918974876404,0.5347514152526855,0.7019724249839783,0.5257806777954102,0.6591282486915588,0.6018920540809631,0.7001311779022217,0.5956565737724304,0.7009141445159912,0.6696978211402893,0.7222012281417847,0.6716010570526123,0.6960954666137695,0.7102200388908386,0.7069342732429504,0.6950898766517639,open_video_trim_2,0.6952821612358093,0.5302660465240479,0.021287083625793457,Forehand_Mid
frame_298_trim_2.jpg,0.6741096377372742,0.4253619015216827,0.6858888268470764,0.4098971486091614,0.6926921010017395,0.5450668334960938,0.7046887278556824,0.538062572479248,0.6527161002159119,0.6012583374977112,0.6949861645698547,0.6019101142883301,0.6897623538970947,0.6605426073074341,0.722512423992157,0.6747850179672241,0.6910081505775452,0.7022655010223389,0.707430899143219,0.6959724426269531,open_video_trim_2,0.6986904144287109,0.5415647029876709,0.032750070095062256,Forehand_Mid
frame_299_trim_2.jpg,0.6710001826286316,0.4354006052017212,0.685077428817749,0.4248634278774261,0.6883977055549622,0.5530948638916016,0.7033847570419312,0.5456889271736145,0.6479738354682922,0.6003724932670593,0.6938035488128662,0.6069409847259521,0.6814480423927307,0.6649473905563354,0.7224055528640747,0.6770287752151489,0.6713181138038635,0.7027362585067749,0.7069418430328369,0.6955581307411194,open_video_trim_2,0.6958912312984467,0.549391895532608,0.040957510471343994,Forehand_Mid
frame_3_trim_2.jpg,0.6710001826286316,0.4354006052017212,0.685077428817749,0.4248634278774261,0.6883977055549622,0.5530948638916016,0.7033847570419312,0.5456889271736145,0.6479738354682922,0.6003724932670593,0.6938035488128662,0.6069409847259521,0.6814480423927307,0.6649473905563354,0.7224055528640747,0.6770287752151489,0.6713181138038635,0.7027362585067749,0.7069418430328369,0.6955581307411194,open_video_trim_2,0.6958912312984467,0.549391895532608,0.040957510471343994,Forehand_Mid
frame_30_trim_2.jpg,0.6710001826286316,0.4354006052017212,0.685077428817749,0.4248634278774261,0.6883977055549622,0.5530948638916016,0.7033847570419312,0.5456889271736145,0.6479738354682922,0.6003724932670593,0.6938035488128662,0.6069409847259521,0.6814480423927307,0.6649473905563354,0.7224055528640747,0.6770287752151489,0.6713181138038635,0.7027362585067749,0.7069418430328369,0.6955581307411194,open_video_trim_2,0.6958912312984467,0.549391895532608,0.040957510471343994,Forehand_Mid
frame_300_trim_2.jpg,0.6710001826286316,0.4354006052017212,0.685077428817749,0.4248634278774261,0.6883977055549622,0.5530948638916016,0.7033847570419312,0.5456889271736145,0.6479738354682922,0.6003724932670593,0.6938035488128662,0.6069409847259521,0.6814480423927307,0.6649473905563354,0.7224055528640747,0.6770287752151489,0.6713181138038635,0.7027362585067749,0.7069418430328369,0.6955581307411194,open_video_trim_2,0.6958912312984467,0.549391895532608,0.040957510471343994,Forehand_Mid
frame_301_trim_2.jpg,0.6767493486404419,0.5808194875717163,0.6562358736991882,0.5379501581192017,0.6707738041877747,0.5049380660057068,0.6620849370956421,0.5051510334014893,0.6521740555763245,0.4432345032691955,0.6739479899406433,0.5490607619285583,0.6496191620826721,0.4333294332027435,0.680219829082489,0.643470287322998,0.6527957916259766,0.4305090606212616,0.6845273971557617,0.6959093809127808,open_video_trim_2,0.6664293706417084,0.505044549703598,0.030600666999816895,Forehand_Backcourt
frame_302_trim_2.jpg,0.6767493486404419,0.5808194875717163,0.6562358736991882,0.5379501581192017,0.6707738041877747,0.5049380660057068,0.6620849370956421,0.5051510334014893,0.6521740555763245,0.4432345032691955,0.6739479899406433,0.5490607619285583,0.6496191620826721,0.4333294332027435,0.680219829082489,0.643470287322998,0.6527957916259766,0.4305090606212616,0.6845273971557617,0.6959093809127808,open_video_trim_2,0.6664293706417084,0.505044549703598,0.030600666999816895,Forehand_Backcourt
frame_303_trim_2.jpg,0.6327713131904602,0.3742829263210296,0.6245000958442688,0.381590723991394,0.6567370891571045,0.5035331845283508,0.6498962044715881,0.504353404045105,0.6318724751472473,0.594865083694458,0.6333323121070862,0.5948646664619446,0.6623276472091675,0.6749948263168335,0.6598507165908813,0.6748732328414917,0.6460508704185486,0.7111185789108276,0.6428125500679016,0.7085533738136292,open_video_trim_2,0.6533166468143463,0.5039432942867279,0.002476930618286133,Forehand_Backcourt
frame_304_trim_2.jpg,0.6264151334762573,0.3870457708835602,0.6069902777671814,0.3995790779590606,0.6512187719345093,0.5054295063018799,0.6382915377616882,0.5088793039321899,0.6201627254486084,0.5950206518173218,0.624452531337738,0.5971317291259766,0.6460195779800415,0.6812432408332825,0.6410240530967712,0.6833561658859253,0.6312289834022522,0.7183828353881836,0.6262384057044983,0.7181020379066467,open_video_trim_2,0.6447551548480988,0.5071544051170349,0.004995524883270264,Forehand_Backcourt
frame_305_trim_2.jpg,0.6232948899269104,0.406242311000824,0.5869649648666382,0.4267467558383941,0.6383183598518372,0.525317370891571,0.6214693188667297,0.5322244763374329,0.6051100492477417,0.6019226908683777,0.6200038194656372,0.6199408173561096,0.6111761927604675,0.7066016793251038,0.6442068815231323,0.6970628499984741,0.5895709991455078,0.7216762900352478,0.6270840764045715,0.7200412154197693,open_video_trim_2,0.6298938393592834,0.528770923614502,0.033030688762664795,Forehand_Mid
frame_306_trim_2.jpg,0.6194368600845337,0.4092644155025482,0.5685452222824097,0.4217471778392792,0.6181003451347351,0.5338186025619507,0.5980032086372375,0.5403673052787781,0.5916379690170288,0.609930157661438,0.6096896529197693,0.6273195147514343,0.5876088738441467,0.7217375040054321,0.642480194568634,0.691132128238678,0.5683651566505432,0.723729133605957,0.6258933544158936,0.7187239527702332,open_video_trim_2,0.6080517768859863,0.5370929539203644,0.054871320724487305,Forehand_Mid
frame_307_trim_2.jpg,0.6087297797203064,0.4137858152389526,0.5535143613815308,0.4158945083618164,0.5960299968719482,0.5371591448783875,0.5701140761375427,0.5446880459785461,0.5772970914840698,0.6213188171386719,0.5842995047569275,0.6413083076477051,0.581394612789154,0.7305921316146851,0.6196688413619995,0.678074836730957,0.5698366165161133,0.7549588084220886,0.6221824288368225,0.7189593315124512,open_video_trim_2,0.5830720365047455,0.5409235954284668,0.03827422857284546,Forehand_Mid
frame_308_trim_2.jpg,0.5933550596237183,0.4271235167980194,0.5374773740768433,0.4234263002872467,0.5741360187530518,0.5514291524887085,0.5472362637519836,0.5550006628036499,0.5656325221061707,0.6388981342315674,0.5434097051620483,0.665207028388977,0.5792468190193176,0.7331505417823792,0.5838077664375305,0.6745483875274658,0.5711361169815063,0.7611148357391357,0.5864633917808533,0.7150307297706604,open_video_trim_2,0.5606861412525177,0.5532149076461792,0.004560947418212891,Recovery_Ready
frame_309_trim_2.jpg,0.5740736126899719,0.4299203157424927,0.516999363899231,0.4275069832801819,0.5542079210281372,0.553712785243988,0.5238180756568909,0.5502719283103943,0.5574918389320374,0.6559942960739136,0.5027971267700195,0.6471988558769226,0.5775178670883179,0.7282881736755371,0.5346262454986572,0.7001002430915833,0.5702932476997375,0.7627267241477966,0.5225570201873779,0.7475599646568298,open_video_trim_2,0.539012998342514,0.5519923567771912,0.042891621589660645,Recovery_Ready
frame_31_trim_2.jpg,0.5740736126899719,0.4299203157424927,0.516999363899231,0.4275069832801819,0.5542079210281372,0.553712785243988,0.5238180756568909,0.5502719283103943,0.5574918389320374,0.6559942960739136,0.5027971267700195,0.6471988558769226,0.5775178670883179,0.7282881736755371,0.5346262454986572,0.7001002430915833,0.5702932476997375,0.7627267241477966,0.5225570201873779,0.7475599646568298,open_video_trim_2,0.539012998342514,0.5519923567771912,0.042891621589660645,Recovery_Ready
frame_310_trim_2.jpg,0.5491171479225159,0.4256590008735657,0.4913668036460876,0.427297830581665,0.5266446471214294,0.5561967492103577,0.4948468208312988,0.5505902767181396,0.547933042049408,0.6618270874023438,0.4668015241622925,0.6247112154960632,0.5732545852661133,0.7195360660552979,0.4696508049964905,0.7341970205307007,0.570925772190094,0.7604691982269287,0.4485855996608734,0.757478654384613,open_video_trim_2,0.5107457339763641,0.5533935129642487,0.1036037802696228,Backhand_Mid
frame_311_trim_2.jpg,0.5269766449928284,0.4295207560062408,0.464802622795105,0.4291587769985199,0.5038330554962158,0.5648425221443176,0.4688954949378967,0.5599639415740967,0.5342632532119751,0.6655610799789429,0.4382336735725403,0.6428321599960327,0.5633546113967896,0.7177614569664001,0.4126713871955871,0.7391622066497803,0.5687810182571411,0.7585706114768982,0.3895193338394165,0.729855477809906,open_video_trim_2,0.4863642752170563,0.5624032318592072,0.15068322420120245,Backhand_Mid
frame_312_trim_2.jpg,0.4930428564548492,0.4492104947566986,0.4328005611896515,0.4474954903125763,0.4745368957519531,0.5975684523582458,0.4407998323440552,0.5944480895996094,0.5074617862701416,0.6871830821037292,0.4071306586265564,0.6734974980354309,0.5397774577140808,0.7232162952423096,0.3814275860786438,0.774002194404602,0.5520726442337036,0.7585075497627258,0.3562722504138946,0.7810594439506531,open_video_trim_2,0.45766836404800415,0.5960082709789276,0.158349871635437,Backhand_Front
frame_313_trim_2.jpg,0.4624797999858856,0.4774792790412903,0.4010626077651977,0.4785400331020355,0.4527203440666199,0.6247274875640869,0.4192504286766052,0.6175550222396851,0.4735130667686462,0.7379502654075623,0.3879360854625702,0.669992208480835,0.5035681128501892,0.730529248714447,0.3735144734382629,0.783550500869751,0.5150477290153503,0.7611026167869568,0.3536525368690491,0.8128944635391235,open_video_trim_2,0.43598538637161255,0.621141254901886,0.13005363941192633,Backhand_Front
frame_314_trim_2.jpg,0.4488668441772461,0.4844367802143097,0.3843127191066742,0.4948221147060394,0.4446854889392853,0.6298216581344604,0.4118049740791321,0.6224091649055481,0.4335724115371704,0.7482295632362366,0.3808706998825073,0.6738843321800232,0.4672473669052124,0.7428866028785706,0.3723912239074707,0.785796046257019,0.4745892584323883,0.7708112001419067,0.3525606989860534,0.8171272873878479,open_video_trim_2,0.4282452315092087,0.6261154115200043,0.0948561429977417,Backhand_Front
frame_315_trim_2.jpg,0.4447106122970581,0.4852542579174042,0.3798442184925079,0.4969805181026459,0.4414510726928711,0.6202912330627441,0.408110648393631,0.613630473613739,0.4120808243751526,0.721126139163971,0.3772773444652557,0.6747180819511414,0.4399765431880951,0.7390562295913696,0.3740601539611816,0.7869729399681091,0.4391629993915558,0.7807219624519348,0.3532015383243561,0.8167009949684143,open_video_trim_2,0.42478086054325104,0.6169608533382416,0.06591638922691351,Backhand_Front
frame_316_trim_2.jpg,0.4499290585517883,0.4778243601322174,0.3851089477539062,0.4861474633216858,0.4403991401195526,0.6095176339149475,0.4054207801818847,0.6051700711250305,0.4141426980495453,0.6900475025177002,0.3769477903842926,0.6703103184700012,0.4371581673622131,0.7366595268249512,0.3720750510692596,0.7843620181083679,0.436078816652298,0.7913249135017395,0.353843629360199,0.8157497644424438,open_video_trim_2,0.4229099601507187,0.607343852519989,0.06508311629295349,Backhand_Front
frame_317_trim_2.jpg,0.4563028514385223,0.4647260904312134,0.395532488822937,0.4734340310096741,0.4446671605110168,0.5934187173843384,0.4109337031841278,0.5954963564872742,0.4255534708499908,0.6742250323295593,0.382425993680954,0.6670255064964294,0.4467516839504242,0.7607710361480713,0.3725131452083587,0.783848762512207,0.4428737759590149,0.8135283589363098,0.3496312499046325,0.8188591003417969,open_video_trim_2,0.4278004318475723,0.5944575369358063,0.07423853874206549,Backhand_Front
frame_318_trim_2.jpg,0.4628733098506927,0.4306320250034332,0.407388299703598,0.4385724365711212,0.455345094203949,0.5724143385887146,0.4226337075233459,0.5732200145721436,0.4389921128749847,0.6682916879653931,0.3907435834407806,0.6679229736328125,0.4523866772651672,0.774779736995697,0.3762827515602112,0.7796904444694519,0.4443883895874023,0.8130204081535339,0.3559432029724121,0.8101122379302979,open_video_trim_2,0.43898940086364746,0.5728171765804291,0.076103925704956,Backhand_Mid
frame_319_trim_2.jpg,0.468087375164032,0.408990740776062,0.415200412273407,0.4173247516155243,0.4670608937740326,0.5550786852836609,0.4383271932601928,0.5559908151626587,0.4499106109142303,0.6516643762588501,0.4168803095817566,0.6584479808807373,0.459049254655838,0.7746071815490723,0.4089466333389282,0.7735946774482727,0.4454320967197418,0.8111170530319214,0.3810821175575256,0.8009099364280701,open_video_trim_2,0.45269404351711273,0.5555347502231598,0.05010262131690979,Backhand_Mid
frame_32_trim_2.jpg,0.468087375164032,0.408990740776062,0.415200412273407,0.4173247516155243,0.4670608937740326,0.5550786852836609,0.4383271932601928,0.5559908151626587,0.4499106109142303,0.6516643762588501,0.4168803095817566,0.6584479808807373,0.459049254655838,0.7746071815490723,0.4089466333389282,0.7735946774482727,0.4454320967197418,0.8111170530319214,0.3810821175575256,0.8009099364280701,open_video_trim_2,0.45269404351711273,0.5555347502231598,0.05010262131690979,Backhand_Mid
frame_320_trim_2.jpg,0.4778458476066589,0.4115443527698517,0.442935973405838,0.4099225699901581,0.488895982503891,0.5511327981948853,0.4673229157924652,0.5528959035873413,0.4820741415023803,0.651915967464447,0.4363464117050171,0.640927791595459,0.5113207101821899,0.7649700045585632,0.4616990089416504,0.7361330986022949,0.4914233982563019,0.8076144456863403,0.4360129237174988,0.7736347317695618,open_video_trim_2,0.4781094491481781,0.5520143508911133,0.04962170124053955,Recovery_Ready
frame_321_trim_2.jpg,0.4810075759887695,0.4291031956672668,0.4626778364181518,0.4261486232280731,0.4974278211593628,0.575636625289917,0.4905944466590881,0.5731183886528015,0.5091056227684021,0.6834278702735901,0.4512363076210022,0.6422755718231201,0.5494582056999207,0.7753767371177673,0.4827906787395477,0.730650782585144,0.5279380679130554,0.8098346590995789,0.4617021977901459,0.7602367997169495,open_video_trim_2,0.49401113390922546,0.5743775069713593,0.06666752696037298,Recovery_Ready
frame_322_trim_2.jpg,0.4862060546875,0.4437137544155121,0.4699019491672516,0.4460916519165039,0.5108937621116638,0.5885857343673706,0.4973824918270111,0.5873923897743225,0.5102322101593018,0.686591386795044,0.4715601801872253,0.6453107595443726,0.5538628697395325,0.7795708775520325,0.5105176568031311,0.7262182235717773,0.5321279168128967,0.8098379373550415,0.4918710589408874,0.7573971748352051,open_video_trim_2,0.5041381269693375,0.5879890620708466,0.04334521293640137,Recovery_Ready
frame_323_trim_2.jpg,0.4858136177062988,0.4410971701145172,0.4723485708236694,0.4431181848049164,0.5070727467536926,0.5832448601722717,0.4997991323471069,0.5817480087280273,0.5172235369682312,0.68040531873703,0.4883051216602325,0.6564957499504089,0.5517467260360718,0.7776094675064087,0.5311293005943298,0.7319220900535583,0.5324463248252869,0.8093673586845398,0.5134274959564209,0.7598958015441895,open_video_trim_2,0.5034359395503998,0.5824964344501495,0.020617425441741943,Recovery_Ready
frame_324_trim_2.jpg,0.4794248342514038,0.4360798001289367,0.4694404900074005,0.4392854273319244,0.5036318898200989,0.5710549354553223,0.4975103139877319,0.5713112950325012,0.5096712708473206,0.6698012351989746,0.4878405034542084,0.6585327982902527,0.5514113306999207,0.7552729845046997,0.5312891602516174,0.7339468598365784,0.5392009019851685,0.7966547012329102,0.5124860405921936,0.7612091898918152,open_video_trim_2,0.5005711019039154,0.5711831152439117,0.020122170448303223,Recovery_Ready
frame_325_trim_2.jpg,0.4731744527816772,0.4192672669887543,0.4655660986900329,0.4247326254844665,0.5014063119888306,0.5569693446159363,0.4914833307266235,0.5622661709785461,0.5010755658149719,0.6641420125961304,0.4735269844532013,0.6572933197021484,0.5496143102645874,0.7134032249450684,0.5217399597167969,0.7161101698875427,0.5330671668052673,0.7665806412696838,0.5169902443885803,0.7610014081001282,open_video_trim_2,0.49644482135772705,0.5596177577972412,0.027874350547790527,Recovery_Ready
frame_326_trim_2.jpg,0.4625475108623504,0.4160665869712829,0.4639019966125488,0.4204660654067993,0.4801186323165893,0.5596423745155334,0.4915347695350647,0.5604653358459473,0.4635849297046661,0.6519972681999207,0.4880069196224212,0.6557732224464417,0.52177894115448,0.7126880884170532,0.5101302266120911,0.709322988986969,0.4964043796062469,0.7448683977127075,0.501457154750824,0.7484526634216309,open_video_trim_2,0.485826700925827,0.5600538551807404,0.011648714542388916,Recovery_Ready
frame_327_trim_2.jpg,0.4479750096797943,0.4125784933567047,0.4473814666271209,0.4193648397922516,0.4691360592842102,0.5589653253555298,0.4658538103103637,0.5598130822181702,0.4778744876384735,0.6543470025062561,0.4314659535884857,0.6208349466323853,0.5372329950332642,0.7253420352935791,0.4473462998867035,0.7011941075325012,0.5212402939796448,0.7611105442047119,0.424192875623703,0.7179924845695496,open_video_trim_2,0.467494934797287,0.55938920378685,0.08988669514656067,Backhand_Mid
frame_328_trim_2.jpg,0.4274959564208984,0.4101386368274688,0.4301003813743591,0.4194939434528351,0.4419673085212707,0.5565135478973389,0.454571783542633,0.5551666021347046,0.413640558719635,0.6302304267883301,0.4778653681278229,0.621220588684082,0.3995171189308166,0.696776270866394,0.5247158408164978,0.7088093757629395,0.3751192390918731,0.6789214611053467,0.5242072939872742,0.7421244382858276,open_video_trim_2,0.44826954603195185,0.5558400750160217,0.1251987218856812,Backhand_Mid
frame_329_trim_2.jpg,0.3916417360305786,0.4350731670856476,0.418983906507492,0.4232029616832733,0.4276059567928314,0.5632615685462952,0.4377828538417816,0.5596182346343994,0.393220841884613,0.6277267336845398,0.4727179408073425,0.6253283023834229,0.411544919013977,0.6974118947982788,0.5121546983718872,0.7120866179466248,0.3930562138557434,0.705452024936676,0.5003026127815247,0.740726888179779,open_video_trim_2,0.4326944053173065,0.5614399015903473,0.10060977935791021,Backhand_Mid
frame_33_trim_2.jpg,0.3916417360305786,0.4350731670856476,0.418983906507492,0.4232029616832733,0.4276059567928314,0.5632615685462952,0.4377828538417816,0.5596182346343994,0.393220841884613,0.6277267336845398,0.4727179408073425,0.6253283023834229,0.411544919013977,0.6974118947982788,0.5121546983718872,0.7120866179466248,0.3930562138557434,0.705452024936676,0.5003026127815247,0.740726888179779,open_video_trim_2,0.4326944053173065,0.5614399015903473,0.10060977935791021,Backhand_Mid
frame_330_trim_2.jpg,0.397465169429779,0.4501625895500183,0.3683731853961944,0.4682594835758209,0.4209435880184173,0.5787850618362427,0.4035018682479858,0.5804145932197571,0.4396207928657532,0.6671107411384583,0.3755283951759338,0.6145257949829102,0.4909955859184265,0.7211666107177734,0.3686986267566681,0.6976470947265625,0.4981210827827453,0.7635300755500793,0.3466967940330505,0.7179716229438782,open_video_trim_2,0.41222272813320154,0.5795998275279999,0.12229695916175842,Backhand_Mid
frame_331_trim_2.jpg,0.3831283450126648,0.4503727257251739,0.3648609817028045,0.4762783348560333,0.4176998436450958,0.5788127183914185,0.4030644595623016,0.580383837223053,0.4196891188621521,0.6715635657310486,0.3715899288654327,0.6111474633216858,0.4711665511131286,0.7168035507202148,0.3687274158000946,0.6979871392250061,0.4830887019634247,0.7579007744789124,0.3475187122821808,0.7179737687110901,open_video_trim_2,0.41038215160369873,0.5795982778072357,0.102439135313034,Backhand_Mid
frame_34_trim_2.jpg,0.3831283450126648,0.4503727257251739,0.3648609817028045,0.4762783348560333,0.4176998436450958,0.5788127183914185,0.4030644595623016,0.580383837223053,0.4196891188621521,0.6715635657310486,0.3715899288654327,0.6111474633216858,0.4711665511131286,0.7168035507202148,0.3687274158000946,0.6979871392250061,0.4830887019634247,0.7579007744789124,0.3475187122821808,0.7179737687110901,open_video_trim_2,0.41038215160369873,0.5795982778072357,0.102439135313034,Backhand_Mid
frame_35_trim_2.jpg,0.8812466263771057,0.5553175806999207,0.8552807569503784,0.5516903400421143,0.8771788477897644,0.5236680507659912,0.8645226955413818,0.5223546624183655,0.8770758509635925,0.4762820899486542,0.8630135655403137,0.4769423305988312,0.8633397221565247,0.5275207757949829,0.8579732775688171,0.5660338997840881,0.8576264977455139,0.5531681180000305,0.85503089427948,0.6000416874885559,open_video_trim_2,0.8708507716655731,0.5230113565921783,0.0053664445877075195,Forehand_Mid
frame_36_trim_2.jpg,0.8806844353675842,0.549721360206604,0.8547345399856567,0.5466254949569702,0.87766432762146,0.5131492614746094,0.8651303648948669,0.510789692401886,0.8767441511154175,0.4735079109668731,0.8690294623374939,0.480758398771286,0.8695307970046997,0.5435543656349182,0.8564449548721313,0.5510241985321045,0.8704096078872681,0.570889413356781,0.8513652682304382,0.5758154988288879,open_video_trim_2,0.8713973462581635,0.5119694769382477,0.01308584213256836,Forehand_Backcourt
frame_37_trim_2.jpg,0.8617454171180725,0.5484861135482788,0.8604665398597717,0.5391205549240112,0.8669668436050415,0.511178195476532,0.8652830123901367,0.511062502861023,0.8424708247184753,0.4434283375740051,0.8687020540237427,0.5692628026008606,0.8362003564834595,0.4919717311859131,0.8519715070724487,0.6318851709365845,0.8427194952964783,0.4991621673107147,0.8519887328147888,0.6702425479888916,open_video_trim_2,0.8661249279975891,0.5111203491687775,0.015771150588989258,Forehand_Backcourt
frame_38_trim_2.jpg,0.8590170741081238,0.5487234592437744,0.8426744341850281,0.5368672013282776,0.8570717573165894,0.4913771450519562,0.849753737449646,0.4899152517318725,0.835448682308197,0.4263777434825897,0.8342896699905396,0.4359778761863708,0.8253515362739563,0.4849205315113067,0.828193724155426,0.4799856543540954,0.8201096653938293,0.5066591501235962,0.8235532641410828,0.4818727970123291,open_video_trim_2,0.8534127473831177,0.49064619839191437,0.0028421878814697266,Forehand_Backcourt
frame_39_trim_2.jpg,0.8590170741081238,0.5487234592437744,0.8426744341850281,0.5368672013282776,0.8570717573165894,0.4913771450519562,0.849753737449646,0.4899152517318725,0.835448682308197,0.4263777434825897,0.8342896699905396,0.4359778761863708,0.8253515362739563,0.4849205315113067,0.828193724155426,0.4799856543540954,0.8201096653938293,0.5066591501235962,0.8235532641410828,0.4818727970123291,open_video_trim_2,0.8534127473831177,0.49064619839191437,0.0028421878814697266,Forehand_Backcourt
frame_4_trim_2.jpg,0.4053490459918976,0.3651745319366455,0.3630617558956146,0.3827394247055053,0.360078364610672,0.5619462132453918,0.3400465250015259,0.5705817341804504,0.3617689907550812,0.698215663433075,0.3525501191616058,0.7178769111633301,0.3588833510875702,0.8365760445594788,0.3484228551387787,0.8603183031082153,0.3931280970573425,0.8588540554046631,0.3835719227790832,0.8954825401306152,open_video_trim_2,0.35006244480609894,0.5662639737129211,0.010460495948791504,Backhand_Mid
frame_40_trim_2.jpg,0.4053490459918976,0.3651745319366455,0.3630617558956146,0.3827394247055053,0.360078364610672,0.5619462132453918,0.3400465250015259,0.5705817341804504,0.3617689907550812,0.698215663433075,0.3525501191616058,0.7178769111633301,0.3588833510875702,0.8365760445594788,0.3484228551387787,0.8603183031082153,0.3931280970573425,0.8588540554046631,0.3835719227790832,0.8954825401306152,open_video_trim_2,0.35006244480609894,0.5662639737129211,0.010460495948791504,Backhand_Mid
frame_41_trim_2.jpg,0.7866641879081726,0.5944808721542358,0.7885032296180725,0.5966928005218506,0.7952565550804138,0.4773473143577575,0.7994988560676575,0.4818300604820251,0.7884483337402344,0.3778002262115478,0.7975666522979736,0.4027960002422333,0.7721238732337952,0.4479608535766601,0.7831329107284546,0.4210145771503448,0.7643483281135559,0.4491993486881256,0.7807434797286987,0.428997665643692,open_video_trim_2,0.7973777055740356,0.4795886874198913,0.011009037494659424,Forehand_Backcourt
frame_42_trim_2.jpg,0.776182234287262,0.5121641159057617,0.7716464400291443,0.5123378038406372,0.7801882028579712,0.4427957236766815,0.7804854512214661,0.4523334801197052,0.7591480612754822,0.4783740639686584,0.7556756734848022,0.5483148097991943,0.7554815411567688,0.4824047386646271,0.7595041990280151,0.6179465651512146,0.7480944395065308,0.4864378869533539,0.7576395273208618,0.6620822548866272,open_video_trim_2,0.7803368270397186,0.44756460189819336,0.004022657871246338,Forehand_Backcourt
frame_43_trim_2.jpg,0.7418451309204102,0.5241387486457825,0.7467553615570068,0.533287763595581,0.7575713396072388,0.4333634972572326,0.7616115212440491,0.4511854350566864,0.7452996373176575,0.4410023391246795,0.7522780895233154,0.5427567362785339,0.7193821668624878,0.5059743523597717,0.7404439449310303,0.6539829969406128,0.7137563228607178,0.5222254395484924,0.7455195784568787,0.685543954372406,open_video_trim_2,0.7595914304256439,0.44227446615695953,0.02106177806854248,Forehand_Backcourt
frame_44_trim_2.jpg,0.719321608543396,0.5950811505317688,0.7153436541557312,0.5963543653488159,0.7344126105308533,0.4907653331756592,0.735281765460968,0.4937023520469665,0.7238971590995789,0.4414155781269073,0.7420536875724792,0.4253242909908294,0.700139045715332,0.4939513504505157,0.7418730854988098,0.4532644152641296,0.6917747855186462,0.4985356628894806,0.7470139265060425,0.4610552489757538,open_video_trim_2,0.7348471879959106,0.49223384261131287,0.04173403978347778,Forehand_Backcourt
frame_45_trim_2.jpg,0.7030685544013977,0.5814981460571289,0.7108388543128967,0.5952138304710388,0.7152369022369385,0.4826698005199432,0.7197239398956299,0.4901916086673736,0.7106049656867981,0.419748455286026,0.7365809082984924,0.5296171307563782,0.6919713616371155,0.4497455060482025,0.7302871942520142,0.6364495754241943,0.679277241230011,0.4572204351425171,0.7187765836715698,0.6606122851371765,open_video_trim_2,0.7174804210662842,0.4864307045936584,0.03831583261489868,Forehand_Backcourt
frame_46_trim_2.jpg,0.6867159008979797,0.5660692453384399,0.6828832030296326,0.5162064433097839,0.6986001133918762,0.4798647761344909,0.6948403120040894,0.4554630517959595,0.6868622899055481,0.505444347858429,0.7093430757522583,0.3949118554592132,0.6739127039909363,0.4523498713970184,0.6860930323600769,0.3813529312610626,0.6692556738853455,0.4479182064533233,0.6769948601722717,0.3701295554637909,open_video_trim_2,0.6967202126979828,0.4676639139652252,0.012180328369140625,Forehand_Backcourt
frame_47_trim_2.jpg,0.6740144491195679,0.5632918477058411,0.6584867238998413,0.53187495470047,0.6828398108482361,0.4781918525695801,0.674172580242157,0.4553296864032745,0.6712443232536316,0.4780050814151764,0.6894251108169556,0.3997478187084198,0.6457749605178833,0.451246976852417,0.6721943616867065,0.3585240244865417,0.6354981064796448,0.4668908715248108,0.6704421639442444,0.3431824445724487,open_video_trim_2,0.6785061955451965,0.4667607694864273,0.026419401168823242,Forehand_Backcourt
frame_48_trim_2.jpg,0.6579025983810425,0.4970206320285797,0.6368328928947449,0.5094037652015686,0.655117928981781,0.4979561567306518,0.6422337293624878,0.4788973331451416,0.6639072299003601,0.5571147203445435,0.6563717126846313,0.4175412058830261,0.6890631318092346,0.6105549931526184,0.6501433253288269,0.4092016220092773,0.6811991930007935,0.6389079689979553,0.6487200260162354,0.4117324650287628,open_video_trim_2,0.6486758291721344,0.48842674493789673,0.038919806480407715,Forehand_Backcourt
frame_49_trim_2.jpg,0.6274277567863464,0.5033624768257141,0.6230161786079407,0.4931045472621918,0.6301621198654175,0.4943126440048218,0.6264743804931641,0.4729104042053222,0.6469528079032898,0.5522930026054382,0.6377382874488831,0.4091350138187408,0.688071072101593,0.6097421646118164,0.6373517513275146,0.3888673782348633,0.6875510811805725,0.6423584818840027,0.6374630331993103,0.3882611393928528,open_video_trim_2,0.6283182501792908,0.483611524105072,0.05071932077407837,Forehand_Backcourt
frame_5_trim_2.jpg,0.6274277567863464,0.5033624768257141,0.6230161786079407,0.4931045472621918,0.6301621198654175,0.4943126440048218,0.6264743804931641,0.4729104042053222,0.6469528079032898,0.5522930026054382,0.6377382874488831,0.4091350138187408,0.688071072101593,0.6097421646118164,0.6373517513275146,0.3888673782348633,0.6875510811805725,0.6423584818840027,0.6374630331993103,0.3882611393928528,open_video_trim_2,0.6283182501792908,0.483611524105072,0.05071932077407837,Forehand_Backcourt
frame_50_trim_2.jpg,0.6274277567863464,0.5033624768257141,0.6230161786079407,0.4931045472621918,0.6301621198654175,0.4943126440048218,0.6264743804931641,0.4729104042053222,0.6469528079032898,0.5522930026054382,0.6377382874488831,0.4091350138187408,0.688071072101593,0.6097421646118164,0.6373517513275146,0.3888673782348633,0.6875510811805725,0.6423584818840027,0.6374630331993103,0.3882611393928528,open_video_trim_2,0.6283182501792908,0.483611524105072,0.05071932077407837,Forehand_Backcourt
frame_51_trim_2.jpg,0.5936124324798584,0.5130844712257385,0.5907619595527649,0.521431565284729,0.594612717628479,0.5457613468170166,0.5944879055023193,0.5459502339363098,0.5800710320472717,0.5573915243148804,0.5870152711868286,0.5578940510749817,0.5725536942481995,0.5797188878059387,0.5807413458824158,0.5748106837272644,0.5697558522224426,0.5834547877311707,0.5773151516914368,0.5788092017173767,open_video_trim_2,0.5945503115653992,0.5458557903766632,0.008187651634216309,Forehand_Mid
frame_52_trim_2.jpg,0.5936124324798584,0.5130844712257385,0.5907619595527649,0.521431565284729,0.594612717628479,0.5457613468170166,0.5944879055023193,0.5459502339363098,0.5800710320472717,0.5573915243148804,0.5870152711868286,0.5578940510749817,0.5725536942481995,0.5797188878059387,0.5807413458824158,0.5748106837272644,0.5697558522224426,0.5834547877311707,0.5773151516914368,0.5788092017173767,open_video_trim_2,0.5945503115653992,0.5458557903766632,0.008187651634216309,Forehand_Mid
frame_53_trim_2.jpg,0.5851053595542908,0.5200805068016052,0.5831636786460876,0.5144802927970886,0.5931795835494995,0.4835582077503204,0.5901991724967957,0.4815195798873901,0.5865480303764343,0.4147985279560089,0.5860525965690613,0.4261603653430938,0.5699150562286377,0.447156012058258,0.5749649405479431,0.4318959712982178,0.5630336999893188,0.4669854938983917,0.5710589289665222,0.4365215897560119,open_video_trim_2,0.5916893780231476,0.48253889381885523,0.00504988431930542,Forehand_Backcourt
frame_54_trim_2.jpg,0.5851053595542908,0.5200805068016052,0.5831636786460876,0.5144802927970886,0.5931795835494995,0.4835582077503204,0.5901991724967957,0.4815195798873901,0.5865480303764343,0.4147985279560089,0.5860525965690613,0.4261603653430938,0.5699150562286377,0.447156012058258,0.5749649405479431,0.4318959712982178,0.5630336999893188,0.4669854938983917,0.5710589289665222,0.4365215897560119,open_video_trim_2,0.5916893780231476,0.48253889381885523,0.00504988431930542,Forehand_Backcourt
frame_55_trim_2.jpg,0.5632373690605164,0.4940314292907715,0.5758587718009949,0.5247772336006165,0.5717297792434692,0.4242482781410217,0.5793642401695251,0.4451014697551727,0.5787703990936279,0.4219367802143097,0.5782897472381592,0.4769977629184723,0.5800068378448486,0.4351784288883209,0.5738958716392517,0.5063195824623108,0.5821069478988647,0.4423002600669861,0.5799921154975891,0.5372267961502075,open_video_trim_2,0.5755470097064972,0.4346748739480972,0.006110966205596924,Forehand_Backcourt
frame_56_trim_2.jpg,0.5646408796310425,0.4982022941112518,0.5682390928268433,0.491024374961853,0.5719085931777954,0.4007848799228668,0.5758523941040039,0.3994012773036957,0.5742989182472229,0.4219631254673004,0.5775725841522217,0.4830642640590668,0.5757998824119568,0.3973330557346344,0.5739253759384155,0.5823703408241272,0.5743943452835083,0.3911699950695038,0.5718780755996704,0.6130959987640381,open_video_trim_2,0.5738804936408997,0.40009307861328125,0.0018745064735412598,Forehand_Backcourt
frame_57_trim_2.jpg,0.5756819248199463,0.55331951379776,0.5641267895698547,0.5587081909179688,0.5806220173835754,0.4585675299167633,0.5743815898895264,0.4624707996845245,0.5662656426429749,0.3698805868625641,0.5661900639533997,0.3871686160564422,0.576334536075592,0.3882500529289245,0.5739965438842773,0.4000432193279266,0.5747953653335571,0.3953734040260315,0.5732817053794861,0.4065494537353515,open_video_trim_2,0.5775018036365509,0.4605191648006439,0.0023379921913146973,Forehand_Backcourt
frame_58_trim_2.jpg,0.5803555846214294,0.5316984057426453,0.5611717104911804,0.5572828054428101,0.5837714076042175,0.4474975168704986,0.5718852877616882,0.4705522358417511,0.5634245276451111,0.3522682189941406,0.5648469924926758,0.5416958928108215,0.5583801865577698,0.350610077381134,0.5737495422363281,0.6021537184715271,0.5551244020462036,0.3410014808177948,0.5726581811904907,0.6330890655517578,open_video_trim_2,0.5778283476829529,0.4590248763561249,0.01536935567855835,Forehand_Backcourt
frame_59_trim_2.jpg,0.5760484337806702,0.5189185738563538,0.5617796182632446,0.5405104756355286,0.575434148311615,0.4574300050735473,0.5689564347267151,0.4843659102916717,0.5620300769805908,0.3628282248973846,0.5655990839004517,0.5643947720527649,0.5541849136352539,0.3587936460971832,0.5691808462142944,0.6321154236793518,0.5525099039077759,0.3353448212146759,0.5591194033622742,0.659515380859375,open_video_trim_2,0.572195291519165,0.4708979576826095,0.014995932579040527,Forehand_Backcourt
frame_6_trim_2.jpg,0.5760484337806702,0.5189185738563538,0.5617796182632446,0.5405104756355286,0.575434148311615,0.4574300050735473,0.5689564347267151,0.4843659102916717,0.5620300769805908,0.3628282248973846,0.5655990839004517,0.5643947720527649,0.5541849136352539,0.3587936460971832,0.5691808462142944,0.6321154236793518,0.5525099039077759,0.3353448212146759,0.5591194033622742,0.659515380859375,open_video_trim_2,0.572195291519165,0.4708979576826095,0.014995932579040527,Forehand_Backcourt
frame_60_trim_2.jpg,0.5524803400039673,0.5727769732475281,0.5594555139541626,0.5656630992889404,0.5561719536781311,0.4877543747425079,0.5594462752342224,0.4915570914745331,0.5567132830619812,0.4195707440376282,0.5457723736763,0.437349408864975,0.5420054793357849,0.3759266436100006,0.5177049040794373,0.463443398475647,0.5390674471855164,0.356459230184555,0.5049960017204285,0.4646688103675842,open_video_trim_2,0.5578091144561768,0.4896557331085205,0.024300575256347656,Recovery_Ready
frame_61_trim_2.jpg,0.5524803400039673,0.5727769732475281,0.5594555139541626,0.5656630992889404,0.5561719536781311,0.4877543747425079,0.5594462752342224,0.4915570914745331,0.5567132830619812,0.4195707440376282,0.5457723736763,0.437349408864975,0.5420054793357849,0.3759266436100006,0.5177049040794373,0.463443398475647,0.5390674471855164,0.356459230184555,0.5049960017204285,0.4646688103675842,open_video_trim_2,0.5578091144561768,0.4896557331085205,0.024300575256347656,Recovery_Ready
frame_62_trim_2.jpg,0.5366517305374146,0.4932882189750671,0.540466845035553,0.5140793919563293,0.5302461385726929,0.4279207289218902,0.5328101515769958,0.4517939388751983,0.513749897480011,0.4342893958091736,0.5380813479423523,0.5582699775695801,0.5036131143569946,0.3835369646549225,0.5367153286933899,0.6449288129806519,0.5079249143600464,0.3685635924339294,0.5455703735351562,0.7086194753646851,open_video_trim_2,0.5315281450748444,0.43985733389854426,0.033102214336395264,Recovery_Ready
frame_63_trim_2.jpg,0.5222135782241821,0.496074378490448,0.5304513573646545,0.5273770093917847,0.5151763558387756,0.4385832250118255,0.5197672247886658,0.4575539231300354,0.4913874268531799,0.4439956545829773,0.5099037885665894,0.4773480594158172,0.4482683837413788,0.4059087038040161,0.5099342465400696,0.4016740918159485,0.430867850780487,0.4045684337615967,0.5090316534042358,0.3653204143047333,open_video_trim_2,0.5174717903137207,0.4480685740709305,0.061665862798690796,Recovery_Ready
frame_64_trim_2.jpg,0.5124117732048035,0.5460198521614075,0.4949635565280914,0.5421800017356873,0.5120607018470764,0.4558022618293762,0.4962865114212036,0.4554102122783661,0.5073906779289246,0.4476357996463775,0.4873621165752411,0.4367812871932983,0.5047298073768616,0.4306339025497436,0.4771028161048889,0.3913162052631378,0.5019060969352722,0.4309720695018768,0.469110906124115,0.3862119317054748,open_video_trim_2,0.50417360663414,0.45560623705387115,0.027626991271972656,Recovery_Ready
frame_65_trim_2.jpg,0.4934540390968323,0.5598416924476624,0.5097601413726807,0.5347824096679688,0.4908783733844757,0.4690646529197693,0.5029314756393433,0.4506451785564422,0.4714902639389038,0.5728488564491272,0.4776778221130371,0.4487485885620117,0.4537312388420105,0.6595028638839722,0.4596285820007324,0.3983884155750274,0.4369161427021026,0.6825774908065796,0.4478664696216583,0.388711929321289,open_video_trim_2,0.4969049245119095,0.4598549157381058,0.005897343158721924,Recovery_Ready
frame_66_trim_2.jpg,0.4875108301639557,0.5359271764755249,0.5052877068519592,0.5460816025733948,0.4890142381191253,0.4718634486198425,0.5024958848953247,0.4599021375179291,0.4638833701610565,0.5834387540817261,0.4830702841281891,0.4621755182743072,0.4512341916561126,0.6675447821617126,0.4852155745029449,0.3977054357528686,0.4376757740974426,0.6846306920051575,0.4754503071308136,0.3760381937026977,open_video_trim_2,0.49575506150722504,0.4658827930688858,0.033981382846832275,Recovery_Ready
frame_67_trim_2.jpg,0.5014302134513855,0.5281229615211487,0.4951772689819336,0.5448554158210754,0.499906837940216,0.4649994075298309,0.5022496581077576,0.4714205265045166,0.4809823036193847,0.4507557153701782,0.4864851534366607,0.569421112537384,0.4806013405323028,0.3788984417915344,0.489531934261322,0.6768624186515808,0.4822145700454712,0.3458654880523681,0.487524151802063,0.6980497241020203,open_video_trim_2,0.5010782480239868,0.46820996701717377,0.00893059372901922,Recovery_Ready
frame_68_trim_2.jpg,0.4909934401512146,0.5923716425895691,0.4844072759151459,0.5776836276054382,0.4994314014911651,0.5010676383972168,0.5013459920883179,0.4810945391654968,0.4862001836299896,0.5269390940666199,0.5163059830665588,0.4424991309642792,0.4656331241130829,0.6195761561393738,0.496093213558197,0.3794259428977966,0.4473301768302917,0.6587569713592529,0.4943169951438904,0.3550207018852234,open_video_trim_2,0.5003886967897415,0.4910810887813568,0.030460089445114136,Recovery_Ready
frame_69_trim_2.jpg,0.5001599192619324,0.5681331753730774,0.4998072981834411,0.5571613311767578,0.5119927525520325,0.4791307747364044,0.5115090012550354,0.4549739062786102,0.5112276673316956,0.5496302843093872,0.5248880386352539,0.3894222974777221,0.4985646605491638,0.567069947719574,0.5000052452087402,0.3646368980407715,0.4887707829475403,0.5896680355072021,0.4969660639762878,0.3623318076133728,open_video_trim_2,0.5117508769035339,0.4670523405075073,0.001440584659576416,Recovery_Ready
frame_7_trim_2.jpg,0.5001599192619324,0.5681331753730774,0.4998072981834411,0.5571613311767578,0.5119927525520325,0.4791307747364044,0.5115090012550354,0.4549739062786102,0.5112276673316956,0.5496302843093872,0.5248880386352539,0.3894222974777221,0.4985646605491638,0.567069947719574,0.5000052452087402,0.3646368980407715,0.4887707829475403,0.5896680355072021,0.4969660639762878,0.3623318076133728,open_video_trim_2,0.5117508769035339,0.4670523405075073,0.001440584659576416,Recovery_Ready
frame_70_trim_2.jpg,0.5247901678085327,0.3788000047206878,0.5389360189437866,0.3791484832763672,0.5438252091407776,0.5019684433937073,0.5516548752784729,0.5015366077423096,0.5167232155799866,0.5792810320854187,0.5242834091186523,0.5740610361099243,0.5174031853675842,0.6771047115325928,0.5376989245414734,0.6558331251144409,0.4952447712421417,0.696117103099823,0.5220779180526733,0.6742755174636841,open_video_trim_2,0.5477400422096252,0.5017525255680084,0.02029573917388916,Recovery_Ready
frame_71_trim_2.jpg,0.5304000973701477,0.3826720714569092,0.5532852411270142,0.3817506730556488,0.552550733089447,0.5054253339767456,0.5688727498054504,0.503377377986908,0.5261203050613403,0.5859195590019226,0.5560287237167358,0.5775679349899292,0.5410749912261963,0.6800951957702637,0.5824166536331177,0.6554720997810364,0.5198273658752441,0.7086207866668701,0.5713074207305908,0.6756808161735535,open_video_trim_2,0.5607117414474487,0.5044013559818268,0.04134166240692139,Recovery_Ready
frame_72_trim_2.jpg,0.540726900100708,0.4089013338088989,0.5744720697402954,0.4019694924354553,0.5632215142250061,0.5302051901817322,0.5833618640899658,0.5238615870475769,0.5417360663414001,0.6172875761985779,0.5896664261817932,0.5870509743690491,0.5585039854049683,0.703823447227478,0.6228269934654236,0.656096875667572,0.5376565456390381,0.7212860584259033,0.6206958889961243,0.6713185906410217,open_video_trim_2,0.573291689157486,0.5270333886146545,0.06432300806045532,Forehand_Mid
frame_73_trim_2.jpg,0.5599867701530457,0.4160374999046325,0.5915263891220093,0.4136150181293487,0.5784636735916138,0.54050612449646,0.599951982498169,0.5352677702903748,0.5518919229507446,0.6201172471046448,0.6188344955444336,0.603149950504303,0.5594862699508667,0.7085494995117188,0.6568666100502014,0.6623498797416687,0.5377024412155151,0.7223395109176636,0.6532878875732422,0.6869404315948486,open_video_trim_2,0.5892078280448914,0.5378869473934174,0.09738034009933472,Forehand_Mid
frame_74_trim_2.jpg,0.5782290101051331,0.4093841314315796,0.6111811995506287,0.4063126742839813,0.5984668135643005,0.5340250730514526,0.6200129985809326,0.5275940895080566,0.5796328783035278,0.6129899024963379,0.6360820531845093,0.6099776029586792,0.5739030838012695,0.703099250793457,0.6652899384498596,0.6785233020782471,0.5486392974853516,0.7174320220947266,0.6578192114830017,0.6945918798446655,open_video_trim_2,0.6092399060726166,0.5308095812797546,0.09138685464859009,Forehand_Mid
frame_75_trim_2.jpg,0.5904738903045654,0.4041306674480438,0.6255500316619873,0.4022464454174042,0.6132086515426636,0.5283942222595215,0.6343749761581421,0.5233784914016724,0.593888521194458,0.6084810495376587,0.6363630294799805,0.6004331707954407,0.6308431625366211,0.6834549903869629,0.6641256809234619,0.6675235033035278,0.6143274307250977,0.7155615091323853,0.6618718504905701,0.695343554019928,open_video_trim_2,0.6237918138504028,0.5258863568305969,0.03328251838684082,Forehand_Mid
frame_76_trim_2.jpg,0.6032205820083618,0.4019795954227447,0.639758288860321,0.4054622650146484,0.6234124898910522,0.526503324508667,0.6425897479057312,0.521569550037384,0.6177051663398743,0.6119630932807922,0.6455446481704712,0.5847340822219849,0.6512870192527771,0.6855948567390442,0.6714500784873962,0.6444867253303528,0.6307884454727173,0.7151368856430054,0.6679033041000366,0.6733703017234802,open_video_trim_2,0.6330011188983917,0.5240364372730255,0.02016305923461914,Forehand_Mid
frame_77_trim_2.jpg,0.6189796328544617,0.4015977382659912,0.6514806151390076,0.4105516076087951,0.6316750645637512,0.5235995054244995,0.6513422131538391,0.5185193419456482,0.6281700730323792,0.6090720891952515,0.659234881401062,0.573888897895813,0.6490840911865234,0.6811651587486267,0.6749882102012634,0.6338651180267334,0.6330966353416443,0.7142972946166992,0.6709274649620056,0.6477495431900024,open_video_trim_2,0.6415086388587952,0.5210594236850739,0.02590411901473999,Forehand_Mid
frame_78_trim_2.jpg,0.6388863921165466,0.4104664623737335,0.6616522073745728,0.4182117283344269,0.6460288166999817,0.5265331864356995,0.6654719114303589,0.5241893529891968,0.6313174962997437,0.6080320477485657,0.6688981652259827,0.5728593468666077,0.6461595296859741,0.6692742109298706,0.67782062292099,0.6213886737823486,0.631025493144989,0.7104357481002808,0.6744242310523987,0.6378276944160461,open_video_trim_2,0.6557503640651703,0.5253612697124481,0.03166109323501587,Forehand_Mid
frame_79_trim_2.jpg,0.6446700692176819,0.4171105921268463,0.6723697781562805,0.4296741187572479,0.6556277871131897,0.5301125645637512,0.6739400029182434,0.5285842418670654,0.6345092058181763,0.6073681116104126,0.6734049916267395,0.5686759948730469,0.6508104205131531,0.6579912900924683,0.6770069003105164,0.6207868456840515,0.6384333372116089,0.6971659064292908,0.6728644967079163,0.6332913637161255,open_video_trim_2,0.6647838950157166,0.5293484032154083,0.02619647979736328,Forehand_Mid
frame_8_trim_2.jpg,0.6446700692176819,0.4171105921268463,0.6723697781562805,0.4296741187572479,0.6556277871131897,0.5301125645637512,0.6739400029182434,0.5285842418670654,0.6345092058181763,0.6073681116104126,0.6734049916267395,0.5686759948730469,0.6508104205131531,0.6579912900924683,0.6770069003105164,0.6207868456840515,0.6384333372116089,0.6971659064292908,0.6728644967079163,0.6332913637161255,open_video_trim_2,0.6647838950157166,0.5293484032154083,0.02619647979736328,Forehand_Mid
frame_80_trim_2.jpg,0.6446700692176819,0.4171105921268463,0.6723697781562805,0.4296741187572479,0.6556277871131897,0.5301125645637512,0.6739400029182434,0.5285842418670654,0.6345092058181763,0.6073681116104126,0.6734049916267395,0.5686759948730469,0.6508104205131531,0.6579912900924683,0.6770069003105164,0.6207868456840515,0.6384333372116089,0.6971659064292908,0.6728644967079163,0.6332913637161255,open_video_trim_2,0.6647838950157166,0.5293484032154083,0.02619647979736328,Forehand_Mid
frame_81_trim_2.jpg,0.6698161959648132,0.5326658487319946,0.6657164692878723,0.5266416072845459,0.6631801128387451,0.4696126878261566,0.6609606146812439,0.4646488726139068,0.6420438885688782,0.4469607472419739,0.6456814408302307,0.4335037767887115,0.6418964862823486,0.5030676126480103,0.6428661942481995,0.4930779933929443,0.6404956579208374,0.5366013646125793,0.640065610408783,0.5189183950424194,open_video_trim_2,0.6620703637599945,0.46713078022003174,0.0009697079658508301,Forehand_Backcourt
frame_82_trim_2.jpg,0.6698161959648132,0.5326658487319946,0.6657164692878723,0.5266416072845459,0.6631801128387451,0.4696126878261566,0.6609606146812439,0.4646488726139068,0.6420438885688782,0.4469607472419739,0.6456814408302307,0.4335037767887115,0.6418964862823486,0.5030676126480103,0.6428661942481995,0.4930779933929443,0.6404956579208374,0.5366013646125793,0.640065610408783,0.5189183950424194,open_video_trim_2,0.6620703637599945,0.46713078022003174,0.0009697079658508301,Forehand_Backcourt
frame_83_trim_2.jpg,0.6698161959648132,0.5326658487319946,0.6657164692878723,0.5266416072845459,0.6631801128387451,0.4696126878261566,0.6609606146812439,0.4646488726139068,0.6420438885688782,0.4469607472419739,0.6456814408302307,0.4335037767887115,0.6418964862823486,0.5030676126480103,0.6428661942481995,0.4930779933929443,0.6404956579208374,0.5366013646125793,0.640065610408783,0.5189183950424194,open_video_trim_2,0.6620703637599945,0.46713078022003174,0.0009697079658508301,Forehand_Backcourt
frame_84_trim_2.jpg,0.6338979601860046,0.3763729929924011,0.6625890731811523,0.3805947601795196,0.6488819122314453,0.4990110099315643,0.6682860255241394,0.4995894134044647,0.6211267709732056,0.5671753287315369,0.6610209941864014,0.5597061514854431,0.644538938999176,0.6378514170646667,0.6734806299209595,0.6274836659431458,0.6351158022880554,0.6796706318855286,0.6607493758201599,0.643699049949646,open_video_trim_2,0.6585839688777924,0.4993002116680145,0.028941690921783447,Forehand_Backcourt
frame_85_trim_2.jpg,0.6334956288337708,0.3859632015228271,0.6525267362594604,0.3897867798805237,0.6468150615692139,0.5080785155296326,0.6643526554107666,0.5055532455444336,0.618453323841095,0.5747395753860474,0.6567842960357666,0.5671559572219849,0.6286548972129822,0.6570818424224854,0.6745262742042542,0.6390777826309204,0.6092156767845154,0.6890926957130432,0.6614680886268616,0.6504695415496826,open_video_trim_2,0.6555838584899902,0.5068158805370331,0.04587137699127197,Forehand_Backcourt
frame_86_trim_2.jpg,0.6334982514381409,0.3962187170982361,0.6361791491508484,0.3971874415874481,0.6389206051826477,0.5167255997657776,0.6487450003623962,0.5140560865402222,0.6099927425384521,0.5830944776535034,0.64775151014328,0.5732939839363098,0.6223183274269104,0.6743501424789429,0.6745115518569946,0.6418025493621826,0.6004562377929688,0.6994078755378723,0.6607574820518494,0.6541829705238342,open_video_trim_2,0.643832802772522,0.5153908431529999,0.05219322443008423,Forehand_Backcourt
frame_87_trim_2.jpg,0.6359506249427795,0.3966835141181946,0.608909010887146,0.4062181711196899,0.6315256953239441,0.5184200406074524,0.623869776725769,0.5169735550880432,0.604653000831604,0.5888336896896362,0.6368094086647034,0.5790318250656128,0.6214944124221802,0.6796001195907593,0.6687043309211731,0.6398382782936096,0.598425567150116,0.7046831846237183,0.6595354676246643,0.6548850536346436,open_video_trim_2,0.6276977360248566,0.5176967978477478,0.04720991849899292,Forehand_Mid
frame_88_trim_2.jpg,0.6309770941734314,0.3945929110050201,0.5893163681030273,0.4044100642204284,0.6233474016189575,0.5150115489959717,0.6080175638198853,0.5154061913490295,0.6043924689292908,0.5906651616096497,0.6162586212158203,0.5835890173912048,0.6215347647666931,0.6823660135269165,0.6504579186439514,0.6385400295257568,0.6001797914505005,0.7044454216957092,0.6389340758323669,0.6594226956367493,open_video_trim_2,0.6156824827194214,0.5152088701725006,0.0289231538772583,Forehand_Backcourt
frame_89_trim_2.jpg,0.6204451322555542,0.3942131400108337,0.5740318894386292,0.3916699290275574,0.6173625588417053,0.5041598677635193,0.5966616272926331,0.509668231010437,0.6070353388786316,0.589866042137146,0.5962029695510864,0.5844964981079102,0.6196556091308594,0.6790013909339905,0.6203967332839966,0.6469466090202332,0.600447952747345,0.7052655220031738,0.6046440601348877,0.6679670214653015,open_video_trim_2,0.6070120930671692,0.5069140493869781,0.000741124153137207,Forehand_Backcourt
frame_9_trim_2.jpg,0.6204451322555542,0.3942131400108337,0.5740318894386292,0.3916699290275574,0.6173625588417053,0.5041598677635193,0.5966616272926331,0.509668231010437,0.6070353388786316,0.589866042137146,0.5962029695510864,0.5844964981079102,0.6196556091308594,0.6790013909339905,0.6203967332839966,0.6469466090202332,0.600447952747345,0.7052655220031738,0.6046440601348877,0.6679670214653015,open_video_trim_2,0.6070120930671692,0.5069140493869781,0.000741124153137207,Forehand_Backcourt
frame_90_trim_2.jpg,0.6070370078086853,0.380799651145935,0.561636209487915,0.3742410540580749,0.6114565134048462,0.4990203976631164,0.5873340964317322,0.5032894015312195,0.6082765460014343,0.5924360156059265,0.5724414587020874,0.5838589668273926,0.612126350402832,0.6727772355079651,0.579854428768158,0.6540544033050537,0.602965772151947,0.7057135701179504,0.5602729916572571,0.6779951453208923,open_video_trim_2,0.5993953049182892,0.501154899597168,0.03227192163467407,Forehand_Backcourt
frame_91_trim_2.jpg,0.5990887880325317,0.3814897835254669,0.5503160357475281,0.3753869235515594,0.6006397008895874,0.503200888633728,0.5743043422698975,0.5049726366996765,0.599259078502655,0.5982692241668701,0.5514822602272034,0.5855928063392639,0.6101884245872498,0.6703779101371765,0.5370546579360962,0.6611023545265198,0.6030070781707764,0.7057297229766846,0.5192203521728516,0.6843713521957397,open_video_trim_2,0.5874720215797424,0.5040867626667023,0.07313376665115356,Forehand_Backcourt
frame_92_trim_2.jpg,0.5873737335205078,0.3961244523525238,0.5414100885391235,0.3956506252288818,0.583964467048645,0.5173510909080505,0.558103621006012,0.5172807574272156,0.5792330503463745,0.6127811074256897,0.5297027826309204,0.5997182726860046,0.6013525128364563,0.6632001996040344,0.5051447153091431,0.6779021620750427,0.6020326614379883,0.706406831741333,0.4902555644512176,0.7050142884254456,open_video_trim_2,0.5710340440273285,0.5173159241676331,0.09620779752731323,Forehand_Mid
frame_93_trim_2.jpg,0.579980194568634,0.4192059934139251,0.5386456251144409,0.4173189401626587,0.5699280500411987,0.5365643501281738,0.5440332889556885,0.5337754487991333,0.5515310764312744,0.614224910736084,0.5151005387306213,0.6082363724708557,0.5819271206855774,0.6638738512992859,0.5012248158454895,0.6821240186691284,0.5745441317558289,0.7093701362609863,0.4883248209953308,0.7081336379051208,open_video_trim_2,0.5569806694984436,0.5351698994636536,0.08070230484008789,Forehand_Mid
frame_94_trim_2.jpg,0.5784929394721985,0.4137460887432098,0.5436484813690186,0.4161864817142486,0.5706251859664917,0.534918487071991,0.5493349432945251,0.5295464992523193,0.5404894948005676,0.6130365133285522,0.5205817818641663,0.604477047920227,0.5558205246925354,0.6909056901931763,0.5023654699325562,0.683265745639801,0.5380507111549377,0.7208763360977173,0.4869279861450195,0.7074090242385864,open_video_trim_2,0.5599800646305084,0.5322324931621552,0.05345505475997925,Recovery_Ready
frame_95_trim_2.jpg,0.5703321695327759,0.4068432450294494,0.5684813857078552,0.4067078828811645,0.5755138993263245,0.5310768485069275,0.5608760118484497,0.5296370983123779,0.5409753918647766,0.6040163636207581,0.5336344838142395,0.6016035676002502,0.5536991357803345,0.6947898268699646,0.5185258388519287,0.6808127760887146,0.5346291065216064,0.7235392928123474,0.4935941398143768,0.7040802240371704,open_video_trim_2,0.5681949555873871,0.5303569734096527,0.03517329692840576,Forehand_Mid
frame_96_trim_2.jpg,0.5711535215377808,0.3973978757858276,0.5808795094490051,0.3990378081798553,0.5819326639175415,0.5267269611358643,0.5837488174438477,0.526374340057373,0.5556894540786743,0.6017763018608093,0.5503115057945251,0.5847693085670471,0.5560397505760193,0.6932799816131592,0.5529844760894775,0.6779798865318298,0.53221595287323,0.7211119532585144,0.5318560600280762,0.7039180994033813,open_video_trim_2,0.5828407406806946,0.5265506505966187,0.003055274486541748,Forehand_Mid
frame_97_trim_2.jpg,0.576161801815033,0.3917538821697235,0.5976535677909851,0.3922295868396759,0.5897589325904846,0.5261055827140808,0.6068772673606873,0.52617347240448,0.5637803673744202,0.5962241888046265,0.58160400390625,0.5787131190299988,0.5653997659683228,0.6958910226821899,0.6010622382164001,0.6703588366508484,0.5426732301712036,0.7205492258071899,0.5835592150688171,0.6923533082008362,open_video_trim_2,0.5983180999755859,0.5261395275592804,0.03566247224807739,Forehand_Mid
frame_98_trim_2.jpg,0.5769355893135071,0.3987444937229156,0.612833559513092,0.3985987603664398,0.600287675857544,0.5313989520072937,0.6214130520820618,0.529201328754425,0.566639244556427,0.6085832118988037,0.6131414175033569,0.5812884569168091,0.5732192993164062,0.7071593999862671,0.6381452679634094,0.6636130213737488,0.5550222992897034,0.7240630984306335,0.634557843208313,0.6780288219451904,open_video_trim_2,0.6108503639698029,0.5303001403808594,0.06492596864700317,Forehand_Mid
frame_99_trim_2.jpg,0.5936279892921448,0.4057237505912781,0.6317960619926453,0.4021512866020202,0.6124191284179688,0.5354261994361877,0.6345552206039429,0.5329649448394775,0.5778543949127197,0.6099292039871216,0.6360647082328796,0.5878157615661621,0.5755690336227417,0.7076753377914429,0.6660885214805603,0.6638975143432617,0.5585567355155945,0.7245028018951416,0.6674988865852356,0.6810417175292969,open_video_trim_2,0.6234871745109558,0.5341955721378326,0.0905194878578186,Forehand_Mid
frame_10_trim_1.jpg,1005.7288360595704,550.353045463562,1011.5411043167114,545.4684448242188,1015.639853477478,637.5927734375,1018.3486366271972,634.0070962905884,1017.131621837616,675.265645980835,1020.6697916984558,673.020224571228,1053.8860630989077,743.7814998626709,1055.5936360359192,744.1296768188477,1024.5508909225464,768.9496898651123,1025.7064962387085,767.7219438552856,open_video_mp_1,1016.9942450523376,635.7999348640442,1.7075729370114914,Forehand_Front
frame_100_trim_1.jpg,949.4674038887024,491.2709879875183,998.2421088218688,493.5277652740479,963.1759667396544,581.8159580230713,991.4756870269777,577.8315925598145,974.0879893302916,639.064211845398,992.9743242263794,637.8397178649902,988.697292804718,705.9063720703125,999.2914009094238,702.5573062896729,968.3764982223512,720.0380659103394,986.6056799888612,713.4393310546875,open_video_mp_1,977.325826883316,579.8237752914429,10.59410810470581,Forehand_Front
frame_101_trim_1.jpg,945.1847338676451,486.3135051727295,995.1555395126344,486.9591116905213,964.341516494751,569.4391536712646,987.5314354896544,567.7578544616699,969.8797488212584,635.6184244155884,989.0210509300232,632.7100610733032,984.9064111709596,702.4389219284058,997.1162343025208,697.555422782898,965.4732346534728,716.5124988555908,982.5601387023926,708.8440561294556,open_video_mp_1,975.9364759922028,568.5985040664673,12.209823131561166,Forehand_Front
frame_102_trim_1.jpg,1033.793478012085,550.4093790054321,993.075511455536,553.1822061538696,1016.9247364997864,594.1002368927002,993.1915640830994,605.9380435943604,1021.8013048171996,621.8660116195679,991.3791131973268,628.935661315918,1005.9476137161256,668.7738084793091,1013.6160063743592,663.4692239761353,1031.1188340187073,687.5684404373169,1002.7476572990416,681.2790155410767,open_video_mp_1,1005.0581502914429,600.0191402435303,7.668392658233643,Forehand_Front
frame_103_trim_1.jpg,1007.803635597229,557.110185623169,952.8639936447144,558.1696128845215,987.961814403534,611.198148727417,964.2136740684508,618.4751415252686,1008.5218906402588,619.1463708877563,995.6451749801636,616.2351226806641,1014.6765756607056,660.5908107757568,998.6968874931335,664.8474025726318,1029.8399996757507,671.3974618911743,1002.007360458374,683.2836818695068,open_video_mp_1,976.0877442359924,614.8366451263428,15.979688167572021,Forehand_Front
frame_104_trim_1.jpg,988.1410193443298,551.9887638092041,943.0293023586272,554.7462749481201,978.1425523757936,606.2234878540039,953.06401014328,610.2295684814453,996.1979627609252,623.8689470291138,952.078741788864,624.9431133270264,1001.211907863617,665.0641345977783,954.3071675300598,668.0569982528687,1011.9102787971495,679.1401767730713,956.3753545284272,686.0862493515015,open_video_mp_1,965.6032812595367,608.2265281677246,46.90474033355713,Forehand_Front
frame_107_trim_1.jpg,1698.5035610198977,414.3191599845886,1769.9793696403503,440.4805040359497,1719.33931350708,600.4309940338135,1762.8400826454165,603.6274242401123,1705.4935789108276,755.2253913879395,1725.9101271629331,754.0033102035522,1815.94113111496,863.0205154418945,1715.581955909729,894.6435117721558,1798.8828301429749,919.0711307525636,1659.5776438713074,917.5512790679932,open_video_mp_1,1741.0896980762482,602.0292091369629,100.35917520523094,Forehand_Front
frame_108_trim_1.jpg,1681.0607075691223,412.0778822898865,1745.8867621421814,431.83424949646,1700.3909540176392,605.285120010376,1746.8542432785034,607.8931951522827,1669.667251110077,754.6373510360718,1716.570966243744,753.7937641143799,1725.7817721366882,880.5908107757568,1717.681667804718,891.3105487823486,1678.0713272094729,925.4584312438964,1661.224935054779,919.4637870788574,open_video_mp_1,1723.6225986480713,606.5891575813293,8.100104331970215,Forehand_Front
frame_109_trim_1.jpg,1657.137975692749,416.1098217964173,1745.239758491516,432.8715419769287,1672.612547874451,610.3590202331543,1731.5804052352903,615.4117298126221,1654.1070747375488,757.9858922958374,1694.894242286682,755.4309511184692,1682.227590084076,903.9794063568116,1714.5270252227783,894.5763731002808,1641.676218509674,948.8833236694336,1667.7136301994324,930.2705430984496,open_video_mp_1,1702.0964765548706,612.8853750228882,32.29943513870239,Forehand_Front
frame_110_trim_1.jpg,1634.4290804862976,432.7660346031189,1746.6131162643433,440.4843330383301,1657.1964120864868,620.6887245178223,1721.512839794159,618.9609003067017,1660.789635181427,772.4365997314453,1705.6208062171936,764.324254989624,1688.5433340072632,928.1268787384032,1720.861427783966,903.8125562667848,1642.8561210632324,950.0275659561156,1699.15189743042,917.7568912506104,open_video_mp_1,1689.3546259403229,619.824812412262,32.31809377670288,Forehand_Front
frame_112_trim_1.jpg,786.3146328926086,534.2184686660767,817.7012813091278,535.84144115448,824.0045177936554,602.6165151596069,846.0037696361542,600.4907894134521,783.6673617362976,640.9724187850952,850.7965278625488,637.5151443481445,805.2336204051971,701.124472618103,878.1623935699463,684.8000717163086,778.0684888362885,714.4158840179443,855.6440830230713,695.6525659561157,open_video_mp_1,835.0041437149048,601.5536522865295,72.92877316474915,Forehand_Front
frame_113_trim_1.jpg,780.4905235767365,536.3449287414551,812.9097533226013,534.2484712600708,825.208410024643,602.0060777664185,847.0090806484222,596.8137407302856,783.4991264343262,641.1267852783203,847.0140528678894,635.9697484970093,805.2227020263672,701.2632608413696,876.3578879833221,681.7311000823975,778.0816626548767,714.7592353820801,856.327840089798,693.5370683670044,open_video_mp_1,836.1087453365326,599.409909248352,71.13518595695496,Forehand_Front
frame_114_trim_1.jpg,776.3146281242371,536.5852642059326,810.5530750751495,530.865626335144,824.3824064731598,600.2748441696167,846.995804309845,593.7543678283691,783.2045352458954,641.2552404403687,847.3316597938538,636.351809501648,804.8948431015015,701.2605333328247,876.4527702331543,682.8767585754395,778.0734610557556,714.9063634872437,858.4655356407166,693.6864519119263,open_video_mp_1,835.6891053915024,597.0146059989929,71.55792713165283,Forehand_Front
frame_115_trim_1.jpg,778.9848124980927,528.2691431045532,811.5244519710541,522.569568157196,823.5280561447144,592.6135873794556,846.8394613265991,587.4680376052856,785.7222723960876,641.0585451126099,848.5869145393372,636.2169027328491,804.8951506614685,701.5233707427979,876.7632007598877,683.0075216293335,777.8371524810791,715.165319442749,862.9048049449921,693.6958408355713,open_video_mp_1,835.1837587356567,590.0408124923706,71.86805009841919,Forehand_Front
frame_116_trim_1.jpg,791.7466032505035,513.8662457466125,815.6229448318481,511.0224509239197,825.4342615604401,578.0300188064575,847.8272926807404,575.839409828186,785.5557286739349,624.1541814804077,847.9481637477875,620.8526372909546,798.0773150920868,684.5016717910767,877.886768579483,669.8369073867798,776.8835628032684,706.8947267532349,868.2218503952026,692.507643699646,open_video_mp_1,836.6307771205902,576.9347143173218,79.80945348739624,Forehand_Front
frame_117_trim_1.jpg,794.6257746219635,533.0949449539185,808.2251536846161,524.9122881889343,825.6788229942322,596.2712287902832,846.159805059433,593.8366651535034,770.2113056182861,625.2568817138672,852.1274936199188,636.1783504486084,775.5013370513916,686.6661596298218,893.2519519329071,672.0393705368042,750.852302312851,700.4556035995483,878.2998216152191,691.4821004867554,open_video_mp_1,835.9193140268326,595.0539469718933,117.7506148815155,Forehand_Front
frame_118_trim_1.jpg,724.859127998352,521.6460967063904,755.0993466377258,516.0743737220764,774.7488403320312,586.5721035003662,792.8036868572235,578.3572149276733,751.2185037136078,629.0125560760498,821.0586059093475,621.0571479797363,777.611095905304,683.1881141662598,855.443195104599,661.6091680526733,755.111802816391,697.7508068084717,858.757973909378,682.7337217330933,open_video_mp_1,783.7762635946274,582.4646592140198,77.83209919929504,Forehand_Front
frame_119_trim_1.jpg,669.9936592578888,512.5372934341431,695.2533543109894,494.8018789291382,725.6185448169708,568.3395481109619,744.4420349597931,561.4292478561401,685.3083515167236,611.1859798431396,751.7764174938202,604.260573387146,711.451461315155,665.4681205749512,779.070109128952,650.2187252044678,694.0965187549591,689.0399312973022,765.7279527187347,669.3537187576294,open_video_mp_1,735.030289888382,564.884397983551,67.618647813797,Forehand_Front
frame_120_trim_1.jpg,935.9270250797272,495.25949716567993,974.2266988754272,489.8686027526856,964.2326402664183,601.7017507553101,997.687885761261,596.8018865585327,919.9703013896942,667.939977645874,1025.8582258224487,659.0850687026978,899.5461666584015,757.4731206893921,1077.118220329285,715.2697515487671,865.093504190445,775.2742052078247,1075.7581901550293,749.2329502105713,open_video_mp_1,980.9602630138397,599.2518186569214,177.5720536708834,Forehand_Front
frame_121_trim_1.jpg,937.7690017223358,509.6941018104553,976.241011619568,496.8980741500855,976.624128818512,611.2998008728027,1007.9438829421996,603.8994407653809,920.590752363205,669.6638679504395,1032.1498775482178,663.2132053375244,935.2312219142914,756.5803337097168,1074.3722224235537,724.3446445465088,900.5999183654785,775.2466678619385,1069.7917318344116,745.6109762191772,open_video_mp_1,992.2840058803558,607.5996208190918,139.1410005092623,Forehand_Front
frame_122_trim_1.jpg,917.843370437622,507.4527192115784,965.2092456817628,497.8422117233277,963.9301037788392,615.1673030853271,990.09925365448,606.6478776931763,901.81067943573,676.6611862182617,1031.296398639679,667.4710559844971,936.8988120555878,756.7405223846436,1070.7872009277344,727.142596244812,902.7068066596984,775.5143308639526,1070.5183935165403,743.1444692611694,open_video_mp_1,977.0146787166595,610.9075903892517,133.8883888721466,Forehand_Front
frame_123_trim_1.jpg,880.2569794654846,505.95757246017456,946.2585282325743,491.3643002510071,919.5225965976716,612.5843524932861,962.9551386833192,605.2470922470093,859.8079323768616,672.5559186935425,1001.2376403808594,668.672366142273,854.3837535381317,754.4680881500244,1041.0186767578125,741.1521816253662,821.785523891449,773.7207841873169,1053.205125331879,758.693470954895,open_video_mp_1,941.2388676404954,608.9157223701477,186.6349232196808,Forehand_Front
frame_124_trim_1.jpg,865.5906236171722,514.8470997810364,937.005740404129,500.9344983100891,902.4212884902954,618.2739877700806,941.8080842494963,615.2045440673828,843.1342351436615,672.3042011260986,953.7702190876008,661.9108200073242,837.0979607105255,754.6713924407959,975.1530694961548,696.0165309906006,806.0194873809814,771.571192741394,961.1610388755798,711.4111137390137,open_video_mp_1,922.1146863698959,616.7392659187317,138.05510878562927,Forehand_Front
frame_125_trim_1.jpg,899.4182729721069,491.1507153511048,974.8258256912231,487.7448177337647,925.795999765396,599.5110368728638,961.492383480072,601.1364221572876,847.4353075027466,669.5711851119995,985.652756690979,663.8485050201416,847.8020215034485,746.5338706970215,1007.2144532203674,736.7447900772095,823.4749507904053,767.429051399231,1014.725375175476,751.190357208252,open_video_mp_1,943.6441916227341,600.3237295150757,159.41243171691895,Forehand_Front
frame_126_trim_1.jpg,961.5456938743592,470.8998036384583,1025.2249598503113,469.1816830635071,988.8737297058104,579.8914384841919,1020.9017944335938,577.0099830627441,950.765870809555,642.0061445236206,1033.742115497589,639.9440431594849,966.4070892333984,724.1670417785645,1056.701467037201,719.6260023117065,941.0507690906524,756.4820909500122,1049.8793768882751,724.9513578414917,open_video_mp_1,1004.8877620697021,578.450710773468,90.29437780380249,Forehand_Front
frame_127_trim_1.jpg,1005.6300067901612,505.1018166542053,1074.894151687622,496.1451506614685,1034.4399690628052,611.8844842910767,1073.6072182655334,603.0591583251953,1001.5054225921632,665.9138584136963,1119.5051097869873,644.6303224563599,1009.431653022766,731.4364814758301,1149.588062763214,720.1517820358276,985.1584053039552,759.6911096572876,1162.9692792892456,726.3933181762695,open_video_mp_1,1054.0235936641693,607.471821308136,140.1564097404481,Forehand_Front
frame_128_trim_1.jpg,1102.5952577590942,491.357638835907,1150.8943724632263,491.3666343688965,1094.4547605514526,597.3488569259644,1125.4018545150757,597.01819896698,1076.101939678192,651.6659307479858,1160.8188199996948,647.8208255767822,1044.4968724250791,712.0923614501953,1138.1090021133425,720.241527557373,1029.4028544425964,743.0546712875366,1158.7848234176636,729.9620008468628,open_video_mp_1,1109.9283075332642,597.1835279464722,93.6121296882634,Forehand_Front
frame_129_trim_1.jpg,1195.3674411773682,443.4939551353455,1223.261182308197,454.01870250701904,1179.2017817497251,548.6559057235718,1194.653799533844,549.784255027771,1178.8232779502869,615.3464794158936,1197.9189586639404,617.3378229141235,1168.1105542182922,678.5171508789062,1172.083511352539,685.0737142562866,1161.7259168624878,709.3907117843628,1169.7725057601929,720.083909034729,open_video_mp_1,1186.9277906417847,549.2200803756714,3.972957134246826,Forehand_Front
frame_131_trim_1.jpg,1311.5857410430908,513.6312341690063,1363.8955402374268,516.1768913269043,1290.6771993637085,596.0233402252197,1312.83105134964,601.2764692306519,1318.1888484954834,651.4510869979858,1332.3019552230835,665.3118133544922,1293.7949347496033,681.7191410064697,1270.0507926940918,686.3697528839111,1294.7472429275513,703.2936811447144,1251.8715381622314,718.6354446411133,open_video_mp_1,1301.7541253566742,598.6499047279358,23.744142055511475,Forehand_Front
frame_132_trim_1.jpg,1326.9327783584597,492.208936214447,1381.5994095802307,496.9600462913513,1314.7619128227234,575.9252214431763,1345.6370377540588,574.9637746810913,1319.4121170043943,634.5585250854492,1380.4749703407288,621.1016798019409,1331.2952089309692,686.7315673828125,1372.829132080078,683.027400970459,1341.1432790756226,703.3022832870483,1386.213116645813,704.5818519592285,open_video_mp_1,1330.199475288391,575.4444980621338,41.53392314910866,Forehand_Front
frame_133_trim_1.jpg,1340.2424359321594,499.1017961502075,1397.9306387901306,502.88466691970825,1346.0015988349917,581.7492914199829,1381.0975742340088,582.1220684051514,1310.2837371826172,629.9309921264648,1426.4686155319214,633.1368637084961,1318.8782954216003,687.3674440383911,1455.1604747772217,694.2649459838867,1302.274670600891,702.9292440414429,1453.6230850219729,708.4698104858398,open_video_mp_1,1363.5495865345001,581.9356799125671,136.28217935562134,Forehand_Front
frame_134_trim_1.jpg,1336.4309477806091,500.3910160064697,1376.6465663909912,504.7594356536865,1339.863624572754,588.9244747161865,1369.1340041160583,584.109058380127,1297.646098136902,634.7566890716553,1413.7575721740725,641.8061447143555,1315.283944606781,699.0347290039062,1454.3268847465515,696.8670415878296,1279.7523617744446,711.6341400146484,1451.6868925094604,711.8085432052612,open_video_mp_1,1354.4988143444061,586.5167665481567,139.0429401397705,Forehand_Front
frame_135_trim_1.jpg,1292.494878768921,495.432825088501,1342.1344423294067,499.9747562408447,1326.5480208396912,580.8610153198242,1353.1632351875303,577.9808187484741,1278.9555764198303,621.1961460113525,1369.306237697601,622.6658535003662,1285.2787017822266,693.6577081680298,1384.045331478119,673.0878353118896,1265.94322681427,711.2864351272583,1379.5293259620669,693.831377029419,open_video_mp_1,1339.8556280136108,579.4209170341492,98.76662969589233,Forehand_Front
frame_136_trim_1.jpg,1265.3760862350464,505.0078749656677,1310.9838461875916,501.9882082939148,1301.0987663269043,583.576774597168,1330.2071642875671,583.8253974914551,1255.5455470085144,631.9136810302734,1330.2414059638977,633.2183742523193,1257.3221158981323,705.8490419387817,1355.5490803718567,680.3171491622925,1228.097767829895,717.8493452072144,1347.4573826789856,694.825291633606,open_video_mp_1,1315.6529653072357,583.7010860443115,98.22696447372437,Forehand_Front
frame_137_trim_1.jpg,1239.0015888214111,474.087028503418,1288.8230228424072,476.0397934913635,1285.3147888183594,555.6333446502686,1309.9103593826294,552.1299648284912,1270.8201026916504,622.9628896713257,1313.6401391029358,622.9422235488892,1271.9134783744812,699.4757461547852,1342.9335856437683,681.5675020217896,1252.5472474098206,721.225528717041,1330.1189970970154,696.6452741622925,open_video_mp_1,1297.6125741004944,553.8816547393799,71.02010726928711,Forehand_Front
frame_138_trim_1.jpg,1227.3910975456238,482.482430934906,1273.666775226593,476.38007640838623,1268.771035671234,566.0517454147339,1293.1667947769165,561.4875745773315,1243.372323513031,627.4864625930786,1307.6480507850647,629.5242786407471,1239.7856616973877,699.2815685272217,1340.9024596214294,689.705810546875,1209.3088269233704,720.164475440979,1324.672622680664,699.360089302063,open_video_mp_1,1280.9689152240753,563.7696599960327,101.11679792404175,Forehand_Front
frame_139_trim_1.jpg,1191.7634534835815,492.14255809783936,1230.5284142494202,485.7059264183045,1235.066359043121,577.5465154647827,1257.5406885147097,563.7833499908447,1188.2305121421814,638.5509157180786,1290.326068401337,633.4680986404419,1212.7009057998655,713.598575592041,1327.9686403274536,693.1016111373901,1179.9578666687012,727.548680305481,1326.1705422401428,702.3488616943359,open_video_mp_1,1246.3035237789154,570.6649327278137,115.26773452758812,Forehand_Front
frame_140_trim_1.jpg,876.1705839633942,495.7393550872803,923.1212532520294,504.41312074661255,907.3136961460114,592.6793098449707,940.1874995231628,591.2838745117188,863.2732105255127,666.0149335861206,925.5907034873962,655.8916807174683,898.3505272865295,747.238039970398,971.0102367401124,716.964111328125,876.765763759613,781.1799955368042,961.3257884979248,744.7677040100098,open_video_mp_1,923.7505978345871,591.9815921783447,72.65970945358288,Forehand_Front
frame_141_trim_1.jpg,862.1805012226105,527.6190519332886,915.3795075416564,527.1535658836365,896.4891743659973,621.4288234710693,928.1733357906342,619.4997406005859,854.2570900917053,690.6508922576904,903.5103583335876,672.7075052261353,872.1734833717346,772.7771186828613,935.2908372879028,729.3808841705322,837.3709201812744,792.2683143615723,908.020007610321,746.0791635513306,open_video_mp_1,912.3312550783157,620.4642820358276,63.11735391616821,Forehand_Front
frame_142_trim_1.jpg,836.430914402008,526.2409257888794,903.7715280056,525.3210473060608,868.5520160198212,619.9977207183838,908.80433678627,615.1863956451416,830.5909657478333,692.193455696106,943.4269261360168,670.4193353652954,866.0415577888489,774.5169544219971,966.8572545051576,730.3071880340576,832.4171030521393,795.8892917633057,963.0171632766724,744.3186092376709,open_video_mp_1,888.6781764030457,617.5920581817627,100.81569671630871,Forehand_Front
frame_143_trim_1.jpg,826.8602120876312,519.8605751991272,892.0516991615295,513.2720160484314,863.8768482208252,612.8244256973267,899.5380675792694,612.2400045394897,823.3367538452148,685.3829717636108,942.835795879364,667.3804712295532,857.5262987613678,768.454384803772,959.2833852767944,735.2745580673218,828.054313659668,797.3629331588745,958.6831307411194,750.0203084945679,open_video_mp_1,881.7074579000473,612.5322151184082,101.75708651542664,Forehand_Front
frame_144_trim_1.jpg,821.7150413990021,512.6916074752808,881.0067081451416,507.0932650566101,862.4586379528046,610.087423324585,897.2824227809906,608.3198928833008,829.6334803104401,683.6823177337646,912.0713412761688,664.7405576705933,858.6666798591614,770.9995174407959,916.372003555298,732.9148435592651,824.654186964035,799.8322200775146,907.6640582084656,744.3819713592529,open_video_mp_1,879.8705303668976,609.2036581039429,57.70532369613659,Forehand_Front
frame_145_trim_1.jpg,823.1871771812439,517.2870397567749,873.1103110313416,515.949878692627,866.5578997135162,619.3949937820435,897.3199450969696,614.049391746521,834.2238640785217,695.0407123565674,883.7010872364044,671.0031270980835,879.7096765041351,773.1497383117676,890.95299243927,745.1482963562012,838.2499265670776,799.2593383789062,875.1935172080994,754.3036508560181,open_video_mp_1,881.9389224052429,616.7221927642822,11.243315935134888,Forehand_Front
frame_146_trim_1.jpg,827.6093769073486,502.5511503219605,864.5676791667938,503.3198356628418,872.5651609897614,609.5281791687012,888.8693761825562,603.1747627258301,849.1093051433563,689.6141242980957,855.5358219146729,669.8462438583374,888.6799192428589,771.8925666809082,879.4917702674866,738.962516784668,852.0320987701416,797.3555374145508,854.8701596260071,755.0168943405151,open_video_mp_1,880.7172685861588,606.3514709472656,9.188148975372314,Forehand_Front
frame_147_trim_1.jpg,830.7291114330292,513.490846157074,866.8781208992004,510.4056668281555,873.7219965457916,614.5528793334961,879.4988441467285,611.6134119033813,869.1641628742218,699.7297716140747,829.0576767921448,671.69921875,937.5758028030396,771.4072275161743,867.6108312606812,736.0409355163574,908.634717464447,796.891074180603,840.528484582901,754.1232681274414,open_video_mp_1,876.6104203462601,613.0831456184387,69.9649715423584,Forehand_Front
frame_148_trim_1.jpg,813.0709660053253,512.4878573417664,863.6240339279175,508.9509344100952,853.4050977230072,612.9664134979248,878.0290150642395,610.1346302032471,815.3128731250763,692.3224878311157,848.1974923610687,674.5913743972778,876.4488744735718,745.2694606781006,867.2805631160736,736.791262626648,858.5924553871155,776.6167163848877,847.6741278171539,761.0489892959595,open_video_mp_1,865.7170563936234,611.5505218505859,9.168311357498169,Forehand_Front
frame_149_trim_1.jpg,799.1029250621796,519.2489838600159,855.9818863868713,516.3172268867493,830.154128074646,619.851222038269,863.7168145179749,616.4906692504883,792.6040291786194,693.5750961303711,848.4608662128448,672.9834032058716,820.1393604278564,766.4776229858398,878.5045540332794,735.651478767395,787.3225581645966,784.7945737838745,859.9671459197998,756.0522985458374,open_video_mp_1,846.9354712963104,618.1709456443787,58.365193605422974,Forehand_Front
frame_15_trim_1.jpg,707.1215295791626,531.1136198043823,791.667662858963,519.2127656936646,758.28782081604,626.084418296814,806.2105846405029,620.2027034759521,743.076776266098,666.4018201828003,811.6649043560028,672.9370355606079,710.3762829303741,734.841513633728,792.8528964519501,753.0104970932007,688.2708203792572,742.1713256835938,796.9419574737549,771.7932748794556,open_video_mp_1,782.2492027282715,623.143560886383,82.47661352157593,Forehand_Front
frame_150_trim_1.jpg,768.5336685180664,500.1334762573242,838.7761616706848,500.0027394294739,811.1580455303192,598.2276916503906,845.4709219932556,597.2653007507324,790.0808072090149,667.9304313659668,840.9726524353027,669.7858715057373,803.7696349620819,742.6527309417725,821.8172538280487,748.0644750595093,777.8562724590302,747.163610458374,839.5655655860901,764.6411180496216,open_video_mp_1,828.3144837617874,597.7464962005615,18.047618865966797,Forehand_Front
frame_151_trim_1.jpg,815.8793985843658,468.0072546005249,866.8002569675446,471.2160110473633,831.4238893985748,565.1854991912842,861.2201964855194,565.1216125488281,832.0036399364471,646.3711547851562,852.1610689163208,640.3796577453613,842.3035156726837,724.2316102981567,874.9460339546204,710.0890064239502,821.0029375553131,748.4647369384766,861.5887558460236,736.3685512542725,open_video_mp_1,846.3220429420471,565.1535558700562,32.642518281936646,Forehand_Front
frame_152_trim_1.jpg,823.6347794532776,491.10379695892334,876.8498301506042,490.2934384346008,842.8223180770874,565.6777095794678,875.1372849941254,572.252631187439,838.0171549320221,657.3645877838135,879.1110110282898,647.9492807388306,868.0231153964996,731.6187524795532,892.0096659660339,704.0112781524658,841.8924105167389,748.3813905715942,885.7806026935577,715.5559301376343,open_video_mp_1,858.9798015356064,568.9651703834534,23.9865505695343,Forehand_Front
frame_153_trim_1.jpg,838.1195724010468,506.7460584640503,889.7435128688812,505.05340337753296,857.5381910800934,582.565393447876,886.3717842102051,582.6778507232666,853.5181260108948,647.7060604095459,882.9635584354401,644.1508054733276,863.2175421714783,713.2281589508057,892.8307998180389,703.0415439605713,846.1400699615479,741.6598653793335,886.6644275188446,712.9537296295166,open_video_mp_1,871.9549876451492,582.6216220855713,29.61325764656067,Forehand_Front
frame_154_trim_1.jpg,847.1740353107452,488.1272196769714,897.5372874736786,490.44869661331177,862.5122046470642,569.4560956954956,891.7181503772736,569.3599510192871,855.1033413410187,630.9017753601074,887.1944558620453,629.0259313583374,870.0164115428925,690.7139921188354,894.6899485588074,692.883095741272,855.881826877594,716.2737369537354,883.4073674678802,708.4983968734741,open_video_mp_1,877.1151775121689,569.4080233573914,24.673537015914917,Forehand_Front
frame_155_trim_1.jpg,846.5950536727905,489.3462324142456,892.7991211414337,491.1929392814636,864.1915845870972,565.409049987793,893.1255447864532,565.4284572601318,850.636340379715,624.7314691543579,898.7783432006836,619.6239995956421,847.7262079715729,686.9434213638306,915.5942356586456,674.819016456604,837.0790457725525,689.8246669769287,910.1381731033324,687.7243804931641,open_video_mp_1,878.6585646867752,565.4187536239624,67.86802768707275,Forehand_Front
frame_156_trim_1.jpg,861.389764547348,507.3601675033569,908.1268846988678,501.6883134841919,871.2138450145721,568.5143184661865,898.0123138427734,570.6545209884644,849.9318742752075,628.7607336044312,909.2543482780457,624.6173334121704,845.1014399528503,686.1941432952881,919.811600446701,673.8010263442993,832.4653387069702,695.4634237289429,925.91774225235,675.6892490386963,open_video_mp_1,884.6130794286728,569.5844197273254,74.71016049385071,Forehand_Front
frame_157_trim_1.jpg,890.4439294338226,506.42738580703735,936.2421202659608,503.8905930519104,896.6737103462219,571.3581132888794,921.632970571518,573.0321741104126,880.69868683815,620.929479598999,919.0970361232758,622.7726984024048,865.9131002426147,667.1013736724854,923.590897321701,675.3568077087402,855.5769836902618,682.1384429931641,922.192678451538,681.1336708068848,open_video_mp_1,909.1533404588699,572.195143699646,57.677797079086304,Forehand_Front
frame_158_trim_1.jpg,909.6873927116394,494.36880826950073,952.66228556633,498.5582876205444,916.3069546222688,562.3836135864258,939.9366843700408,562.2829580307007,918.0376970767976,612.7118110656738,931.6535818576812,615.6459808349609,920.8531010150908,662.424430847168,923.5585522651672,667.2530651092529,923.5695731639862,676.1282730102539,924.674482345581,679.4691038131714,open_video_mp_1,928.1218194961548,562.3332858085632,2.7054512500764076,Forehand_Front
frame_159_trim_1.jpg,921.7482542991638,501.5967321395874,962.5246572494508,502.39473819732666,931.3104474544524,569.0130853652954,953.115782737732,568.6578273773193,943.949419260025,614.5974111557007,954.14656996727,616.359748840332,942.8591191768646,656.3903427124023,936.521692276001,655.4569053649902,945.1478266716005,670.017237663269,935.5490338802338,672.5829315185547,open_video_mp_1,942.2131150960922,568.8354563713074,6.3374269008636475,Forehand_Front
frame_160_trim_1.jpg,1265.5669784545898,453.147394657135,1231.3105392456057,455.6893014907837,1253.9889860153198,570.9682369232178,1234.4678473472595,573.0572986602783,1247.024803161621,655.7514238357544,1249.386146068573,655.9144973754883,1255.4469227790833,747.9348659515381,1267.4825644493103,737.2877740859985,1209.5633840560913,766.8357133865356,1258.6731243133545,764.1790151596069,open_video_mp_1,1244.2284166812897,572.012767791748,12.03564167022705,Forehand_Front
frame_161_trim_1.jpg,1270.0695538520813,451.5197014808655,1247.38454580307,452.8560757637024,1250.2016925811768,573.7687587738037,1241.2815308570862,573.1389665603638,1243.828845024109,656.8239641189575,1253.0938839912417,656.5638017654419,1255.4037618637085,746.7706918716431,1267.0852994918823,737.6289749145508,1214.2755103111267,766.7586612701416,1242.104151248932,758.4422254562378,open_video_mp_1,1245.7416117191315,573.4538626670837,11.681537628173828,Forehand_Front
frame_162_trim_1.jpg,1269.6725964546204,452.254056930542,1258.2055306434631,452.1551585197449,1244.9564623832705,581.3157224655151,1248.7995266914368,576.7625665664673,1240.1340246200562,658.0805063247681,1253.7464237213137,657.7227306365967,1255.3985333442688,746.1475610733032,1267.8610682487488,737.6066303253174,1215.1163792610168,766.4962959289551,1240.6308364868164,756.2615823745728,open_video_mp_1,1246.8779945373535,579.0391445159912,12.46253490447998,Forehand_Front
frame_163_trim_1.jpg,1264.4089126586914,458.5132956504822,1282.358112335205,455.00587701797485,1245.39719581604,586.5475034713745,1264.5136880874634,582.6967334747314,1240.2658653259275,659.5101928710938,1260.6969714164734,658.5437631607056,1255.1780128479004,746.1816549301147,1271.9394159317017,739.7021436691284,1214.9115443229675,764.7472286224365,1241.9272017478943,754.6280145645142,open_video_mp_1,1254.9554419517517,584.622118473053,16.76140308380127,Forehand_Front
frame_164_trim_1.jpg,1216.638903617859,659.7869825363159,1101.346256732941,646.800947189331,1201.139419078827,624.5480966567993,1140.9377336502075,618.9787340164185,1197.2687768936155,586.5258407592773,1125.442759990692,584.428071975708,1186.1380791664124,511.25247955322266,1149.226577281952,524.2800569534302,1182.0028328895569,498.78713607788086,1153.9496731758118,509.8517465591431,open_video_mp_1,1171.0385763645172,621.7634153366089,36.91150188446045,Forehand_Front
frame_165_trim_1.jpg,1191.099944114685,623.0669546127319,1134.9390840530396,616.6786050796509,1175.457546710968,646.2332057952881,1145.2713561058044,637.690806388855,1194.5902371406555,585.2545595169067,1147.539713382721,569.6295547485352,1178.082673549652,518.3345603942871,1135.8261895179749,522.8735280036926,1179.7667694091797,500.2001428604126,1136.5664863586426,504.1954708099365,open_video_mp_1,1160.3644514083862,641.9620060920715,42.256484031677246,Forehand_Front
frame_17_trim_1.jpg,851.4141082763672,531.9632911682129,913.4905767440796,527.6629543304443,819.5306992530823,633.9489793777466,860.6204032897949,637.0931148529053,802.6095187664032,706.0902690887451,928.0367279052734,687.7166700363159,738.9201033115387,754.4206190109253,901.1414289474488,775.6950283050537,722.605687379837,791.8668460845947,939.3057250976562,792.2956418991089,open_video_mp_1,840.0755512714386,635.5210471153259,162.22132563591015,Forehand_Front
frame_170_trim_1.jpg,803.8572895526886,506.9597482681274,800.5988967418671,510.10459184646606,772.7890169620514,591.2447452545166,771.4336001873016,589.2578601837158,740.0717616081238,650.2454233169556,776.7858099937439,656.6672372817993,694.4419085979462,703.8246536254883,772.4356305599213,731.7728042602539,713.067432641983,725.677924156189,804.0080451965332,745.8459091186523,open_video_mp_1,772.1113085746765,590.2513027191162,77.9937219619751,Forehand_Front
frame_171_trim_1.jpg,798.7203204631805,497.0157504081726,809.9757850170135,510.7213234901428,755.8278024196625,582.1686458587646,761.6316640377045,587.2472143173218,734.6123671531677,636.5237474441528,768.561041355133,654.7855710983276,679.3604493141174,679.1524505615234,769.3006205558777,727.9446411132812,694.377269744873,710.425329208374,799.7087156772614,743.9642953872681,open_video_mp_1,758.7297332286835,584.7079300880432,89.94017124176025,Forehand_Front
frame_172_trim_1.jpg,796.6532099246979,489.7483825683594,804.7313237190247,499.64386224746704,752.0434820652008,578.9121580123901,755.307000875473,583.2505226135254,736.1865615844727,638.0197334289551,766.6791331768036,652.4550199508667,695.568962097168,689.7710609436035,767.8944051265717,726.6963863372803,707.6153683662415,716.9616460800171,796.0774064064026,741.7794036865234,open_video_mp_1,753.6752414703369,581.0813403129578,72.32544302940369,Forehand_Front
frame_173_trim_1.jpg,794.1327559947968,489.25740480422974,792.0708227157593,492.2907614707947,761.5449833869934,579.621205329895,757.541834115982,582.4438095092773,746.5007388591766,640.4371452331543,771.3033998012543,650.0149488449097,727.5086545944214,700.7276201248169,768.3645105361938,726.8855810165405,748.2386577129364,721.9548749923706,799.4978833198547,742.3532819747925,open_video_mp_1,759.5434087514877,581.0325074195862,40.85585594177246,Forehand_Front
frame_174_trim_1.jpg,786.7568528652191,497.2205758094788,766.4149904251099,495.0132083892822,760.9880435466766,579.7113704681396,749.6965432167053,580.6098747253418,762.4864757061005,636.4002752304077,776.2828981876373,647.5284576416016,744.6055543422699,700.3422021865845,762.8861498832703,720.8499717712402,762.3941564559937,720.1038932800293,792.9205083847046,742.8786420822144,open_video_mp_1,755.342293381691,580.1606225967407,18.280595541000366,Forehand_Front
frame_179_trim_1.jpg,908.3779048919678,479.3448781967163,970.895721912384,485.672173500061,922.9611682891846,575.7235431671143,960.0496196746826,576.8673133850098,899.7980582714081,633.2947444915771,984.3421411514282,632.311635017395,879.9632084369659,693.8104486465454,990.781626701355,699.5542669296265,867.4663293361664,701.8131160736084,1010.6167840957642,723.499903678894,open_video_mp_1,941.5053939819336,576.295428276062,110.81841826438904,Forehand_Front
frame_18_trim_1.jpg,853.6068570613861,508.9966464042664,920.4318976402284,504.7943425178528,855.4183852672577,610.6201267242432,889.5158672332764,618.0312919616699,837.1028816699982,667.1083498001099,930.564306974411,683.735294342041,803.4996485710144,734.0515851974487,906.1495304107666,762.7012300491333,795.8914351463318,747.8175830841064,923.9910328388214,776.6935062408447,open_video_mp_1,872.467126250267,614.3257093429565,102.6498818397522,Forehand_Front
frame_180_trim_1.jpg,928.89564037323,505.6585693359375,988.0403447151184,504.8696112632752,929.2098641395568,600.6658744812012,966.6044402122498,604.2878484725952,898.320027589798,658.6693334579468,1012.5294995307922,668.2429933547974,873.0935490131378,718.4382772445679,1037.9466652870178,727.9769515991211,866.3137996196747,722.963056564331,1064.7093033790588,730.2332305908203,open_video_mp_1,947.9071521759033,602.4768614768982,164.85311627388,Forehand_Front
frame_181_trim_1.jpg,986.050329208374,503.2123351097107,1042.1833038330078,500.7651305198669,978.2425093650818,598.6949872970581,1014.6078872680664,600.5672121047974,926.7060697078704,626.9784641265869,1050.860698223114,631.4226245880127,869.0760469436646,680.8719348907471,1065.6298303604126,708.3595037460327,854.3137836456299,699.2614269256592,1075.530903339386,725.8355951309204,open_video_mp_1,996.4251983165741,599.6310997009277,196.55378341674805,Forehand_Front
frame_182_trim_1.jpg,968.1220436096193,512.2573828697205,1040.1763725280762,519.2530226707458,962.4112701416016,598.6065006256104,1004.451026916504,600.6999158859253,915.1538097858428,648.321008682251,1039.807403087616,634.3368101119995,893.4228014945984,712.7378368377686,1075.621633529663,690.480055809021,857.393227815628,719.8363876342773,1087.0293402671814,695.8709764480591,open_video_mp_1,983.4311485290527,599.6532082557678,182.1988320350647,Forehand_Front
frame_183_trim_1.jpg,896.7265594005585,534.3392133712769,939.6311235427856,536.228301525116,899.3087816238403,606.5565586090088,927.3979258537292,608.0504989624023,859.5762372016907,640.686240196228,955.939644575119,634.9942445755005,845.1014912128448,688.9310932159424,981.100664138794,679.3327283859253,828.9077925682068,697.189884185791,995.8785104751588,685.6151247024536,open_video_mp_1,913.3533537387848,607.3035287857056,135.9991729259491,Forehand_Front
frame_184_trim_1.jpg,872.4017441272736,524.7193956375122,913.0212914943696,530.2337884902954,877.6034033298492,575.9912586212158,903.6968421936036,577.691125869751,851.9697153568268,628.3282661437988,919.5457661151886,625.6856775283813,838.2291662693024,683.9241743087769,936.5659809112548,673.202075958252,823.817880153656,697.2963094711304,935.3379452228546,682.498369216919,open_video_mp_1,890.6501227617264,576.8411922454834,98.3368146419524,Forehand_Front
frame_185_trim_1.jpg,866.0118269920349,512.5894570350647,903.7892639636992,517.2481989860535,874.4608581066132,575.2360534667969,897.9926300048828,577.2105073928833,850.1619291305542,624.9525022506714,879.9360918998718,626.1752128601074,842.4090600013733,685.9168291091919,886.8362510204315,681.349983215332,819.149581193924,699.9392652511597,870.541980266571,690.6319570541382,open_video_mp_1,886.226744055748,576.2232804298401,44.42719101905823,Forehand_Front
frame_186_trim_1.jpg,862.3630893230438,514.4256210327148,897.6752281188965,517.2525525093079,876.9633197784424,578.5712718963623,900.2629864215851,580.9354972839355,858.734701871872,632.3446798324585,878.3522093296051,628.6065769195557,876.0363340377808,695.8690357208252,905.3696095943452,679.7643566131592,853.4404671192169,714.6605730056763,887.5565564632416,693.6331605911255,open_video_mp_1,888.6131531000137,579.7533845901489,29.333275556564445,Forehand_Front
frame_187_trim_1.jpg,861.8106091022491,523.4058904647827,895.5618298053741,522.311897277832,878.8811612129211,593.8253355026245,903.3504784107208,592.8654623031616,851.7482209205627,645.5299282073975,885.8510339260101,632.7353954315186,879.5702493190765,700.9325504302979,909.808007478714,682.6812171936035,856.1871314048767,718.2043933868408,892.7500653266907,693.9523839950562,open_video_mp_1,891.115819811821,593.3453989028931,30.23775815963745,Forehand_Front
frame_188_trim_1.jpg,869.3972933292389,522.6718759536743,899.6867728233337,524.439537525177,884.1824185848236,599.3969011306763,906.7311263084412,596.9363212585449,842.1834647655487,644.1524839401245,902.5906002521516,636.7448854446411,853.0230057239532,701.5158176422119,929.491127729416,679.7167301177979,826.4462876319885,722.1220922470093,923.413383960724,693.6544036865234,open_video_mp_1,895.4567724466324,598.1666111946106,76.46812200546276,Forehand_Front
frame_189_trim_1.jpg,874.4686496257782,562.5705003738403,906.921762228012,558.033709526062,885.0608098506927,633.3811855316162,908.9699065685272,630.9196090698242,835.0828278064728,666.5038394927979,910.1122868061066,654.1397285461426,850.4400146007538,710.2114820480347,935.982539653778,683.5533380508423,824.2854225635529,725.2837991714478,929.4397139549257,695.0616407394409,open_video_mp_1,897.01535820961,632.1503973007202,85.54252505302418,Forehand_Front
frame_19_trim_1.jpg,817.0848286151886,603.3455991744995,867.1763515472412,600.392336845398,831.3324415683746,620.7039880752563,867.25754737854,616.8813323974609,822.3133480548859,672.3413896560669,882.4358367919922,674.0408372879028,807.3445582389832,732.1771049499512,871.6089570522308,740.722599029541,804.5305895805359,747.4013757705688,887.807320356369,753.997802734375,open_video_mp_1,849.2949944734573,618.7926602363586,64.26439881324768,Forehand_Front
frame_190_trim_1.jpg,871.0072672367096,562.3278045654297,897.4229264259338,560.1313209533691,880.2419602870941,629.074239730835,902.9830467700958,626.3947248458862,832.9961359500885,664.3965244293213,896.2678337097168,658.8950347900391,827.9051470756531,718.9727115631104,932.787606716156,699.4788408279419,817.4076128005981,738.0273485183716,906.9485712051392,703.3843183517456,open_video_mp_1,891.612503528595,627.7344822883606,104.88245964050293,Forehand_Front
frame_191_trim_1.jpg,875.7595300674438,520.977988243103,907.7332079410552,524.6819710731506,886.8426072597504,601.0766792297363,911.0927367210388,599.9767065048218,838.3707463741302,646.1915063858032,910.7664155960084,643.4689283370972,838.2708919048309,713.4188747406006,939.914129972458,689.5368099212646,821.6304111480713,734.8122453689575,919.496966600418,697.5182867050171,open_video_mp_1,898.9676719903946,600.526692867279,101.64323806762707,Forehand_Front
frame_192_trim_1.jpg,876.6577589511871,519.2708826065063,911.0425531864166,517.8910517692566,887.3280394077301,598.5542058944702,912.803077697754,596.5869903564453,844.828634262085,646.292896270752,911.8814742565156,642.1817541122437,859.7574412822723,713.2243299484253,940.7729399204254,691.0887098312378,835.6426894664764,732.0510625839233,920.1087546348572,699.9976968765259,open_video_mp_1,900.065558552742,597.5705981254578,81.01549863815308,Forehand_Front
frame_193_trim_1.jpg,863.1658208370209,507.2145867347717,907.8241944313048,506.98492527008057,875.6623411178589,586.5594625473022,903.528299331665,585.0106573104858,845.1948356628418,645.1557874679565,915.2280855178832,639.5501804351807,863.822512626648,711.9186401367188,939.7551214694976,691.7750978469849,837.855122089386,729.0899848937988,929.518654346466,698.9264154434204,open_video_mp_1,889.595320224762,585.785059928894,75.93260884284962,Forehand_Front
frame_194_trim_1.jpg,852.192850112915,493.96445512771606,904.734754562378,495.723934173584,866.998735666275,580.1384878158569,897.7006018161774,578.1825494766235,850.1166152954102,642.7336025238037,909.6381318569184,636.4338445663452,865.3393983840942,711.0041904449463,935.9755682945251,693.0460119247437,837.8146266937256,727.4611902236938,929.1725981235504,709.9207401275635,open_video_mp_1,882.3496687412262,579.1605186462402,70.63616991043091,Forehand_Front
frame_195_trim_1.jpg,856.8323409557343,487.6296591758728,910.610533952713,492.4708819389343,868.0531024932861,577.0980501174927,899.8055422306061,575.3484058380127,859.5797228813171,641.5435695648193,916.1630165576936,636.2517833709717,865.3757417201996,710.5530500411987,935.8365511894226,696.7759323120117,839.3457114696503,725.6992721557617,946.1335563659668,718.652491569519,open_video_mp_1,883.9293223619461,576.2232279777527,70.46080946922302,Forehand_Front
frame_196_trim_1.jpg,876.2794601917267,492.086329460144,931.4706349372864,489.19312477111816,892.0348346233368,575.9468841552734,924.6791470050812,574.025616645813,879.1469955444336,642.6391363143921,929.3657457828522,641.3506507873535,867.2927117347717,711.8786716461182,929.9705111980438,715.9034776687622,839.8821473121643,723.7403964996338,946.2011170387268,726.5538740158081,open_video_mp_1,908.356990814209,574.9862504005432,62.677799463272095,Forehand_Front
frame_197_trim_1.jpg,910.268168449402,491.7687058448792,950.1680767536164,486.5405178070069,922.053917646408,579.7734212875366,948.5881412029266,579.0218877792358,919.2069888114928,643.2199907302856,943.0699515342712,645.6315803527832,894.128190279007,710.1093578338623,928.1480646133424,719.2129945755005,910.3017950057985,718.9827823638916,950.2967393398284,729.3102312088013,open_video_mp_1,935.3210294246674,579.3976545333862,34.01987433433544,Forehand_Front
frame_198_trim_1.jpg,956.3337314128876,485.4494094848633,969.7083353996276,483.8720965385437,961.6769194602966,578.9873218536377,958.4203720092772,577.6278162002563,985.2143812179564,637.9090070724487,947.30828166008,646.8411254882812,977.2310471534728,709.00954246521,926.338279247284,717.7084589004517,1005.628468990326,718.5071468353271,952.602618932724,731.6610813140869,open_video_mp_1,960.048645734787,578.307569026947,50.89276790618874,Forehand_Front
frame_199_trim_1.jpg,984.8598670959472,490.43450832366943,994.5879888534546,486.4471793174744,990.8729720115662,580.6521511077881,985.7594799995422,582.5533819198608,1020.4584980010986,639.8386669158936,967.333459854126,650.6997632980347,1040.1661205291748,709.5390462875366,926.4971852302552,715.7570314407349,1070.1983261108398,717.3445463180542,955.7841217517852,732.5592708587646,open_video_mp_1,988.3162260055542,581.6027665138245,113.66893529891956,Forehand_Front
frame_2_trim_1.jpg,942.2041189670564,511.6576194763184,985.697968006134,525.1912021636963,946.80521607399,582.1163511276245,973.849732875824,583.5181331634521,868.7128186225891,628.3667135238647,949.6151864528656,636.4278650283813,874.7013700008392,693.8277053833008,936.1694848537444,704.6228694915771,855.2018630504608,708.7816905975342,935.55513381958,722.1733379364014,open_video_mp_1,960.3274744749069,582.8172421455383,61.46811485290516,Forehand_Front
frame_20_trim_1.jpg,933.0593872070312,530.5363583564758,944.3866670131684,520.7742643356323,937.919911146164,603.1829452514648,942.7759754657744,602.2426891326904,909.39838886261,632.9872179031372,918.633953332901,656.8276357650757,884.9691569805145,681.4946460723877,879.2899596691132,707.7922344207764,879.5321118831635,703.9149761199951,874.7759532928467,722.814040184021,open_video_mp_1,940.3479433059692,602.7128171920776,5.679197311401367,Forehand_Front
frame_200_trim_1.jpg,1005.1202774047852,497.4228572845459,1034.147171974182,487.4434542655945,1012.212507724762,584.5895719528198,1028.0028414726255,584.7161388397217,1034.8109889030457,638.2625865936279,1036.2371444702148,655.9685230255127,1042.2318983078003,702.0283794403076,982.8089547157288,693.2407665252686,1066.3137412071228,707.2721195220947,978.9515376091005,722.5486326217651,open_video_mp_1,1020.1076745986937,584.6528553962708,59.42294359207153,Forehand_Front
frame_201_trim_1.jpg,1037.9495358467102,483.6953330039978,1078.1987810134888,483.0054569244385,1042.334315776825,577.5860643386841,1068.7833452224731,575.9158849716187,1050.773043632507,637.3226976394653,1086.561849117279,640.3026580810547,1049.270408153534,703.2332038879395,1082.3219299316406,693.6301708221436,1063.4002256393433,709.307050704956,1101.985468864441,719.4798707962036,open_video_mp_1,1055.558830499649,576.7509746551514,33.05152177810669,Forehand_Front
frame_202_trim_1.jpg,1053.4794688224792,484.4797015190125,1110.4037952423096,485.45554637908936,1068.2657217979431,576.0338497161865,1100.3693437576294,574.6628046035767,1066.591980457306,637.5513887405396,1119.585587978363,641.065731048584,1054.588017463684,704.0083408355713,1145.0556540489197,697.6099729537964,1041.18629693985,709.4424819946289,1145.8806324005127,722.3171615600586,open_video_mp_1,1084.3175327777863,575.3483271598816,90.4676365852356,Forehand_Front
frame_203_trim_1.jpg,1073.0140376091003,479.67010736465454,1141.841037273407,485.63860416412354,1090.0020098686218,575.0956916809082,1126.904797554016,574.8778581619263,1079.924294948578,639.7097396850586,1139.4021892547607,642.4700832366943,1071.7236185073853,710.4867506027222,1150.037612915039,712.8142595291138,1060.0869846343994,718.2897853851318,1145.8217859268188,726.1209869384766,open_video_mp_1,1108.453403711319,574.9867749214172,78.31399440765381,Forehand_Front
frame_204_trim_1.jpg,1103.852152824402,482.25072383880615,1145.2143549919128,485.43304443359375,1117.2438263893127,574.1977119445801,1126.093556880951,573.0769681930542,1123.057427406311,640.5837488174438,1111.817545890808,640.1215934753418,1127.4091958999634,714.5577144622803,1118.6465048789978,707.8462076187134,1099.3899703025818,725.8916139602661,1091.7832946777344,718.8899421691895,open_video_mp_1,1121.6686916351318,573.6373400688171,8.762691020965576,Forehand_Front
frame_205_trim_1.jpg,1113.9409399032593,476.9547152519226,1147.8940224647522,486.1394953727722,1131.515121459961,575.9031915664673,1127.024540901184,572.9729557037354,1132.2236371040344,641.6729688644409,1066.8878531455994,623.5335159301758,1147.539918422699,716.5015363693237,1034.2495894432068,673.6452436447144,1124.0273690223694,741.0441303253174,1005.2556037902832,688.3833360671997,open_video_mp_1,1129.2698311805725,574.4380736351013,113.29032897949219,Forehand_Front
frame_206_trim_1.jpg,1119.301197528839,475.962872505188,1133.7293481826782,484.3779969215393,1129.895408153534,573.2355833053589,1123.057222366333,572.74085521698,1135.562405586243,645.0015783309937,1076.8990325927734,627.3668718338013,1152.8774166107178,726.0829591751099,1045.5847120285034,684.0337467193604,1120.8555030822754,746.4228296279907,1010.7960915565492,689.4076728820801,open_video_mp_1,1126.4763152599335,572.9882192611694,107.29270458221436,Forehand_Front
frame_207_trim_1.jpg,1116.685810089111,472.99261569976807,1132.70117521286,480.97988843917847,1123.7110948562622,570.6720399856567,1124.8173880577087,571.755805015564,1128.4368562698364,646.70485496521,1101.4366793632507,632.240719795227,1151.5159511566162,727.4988508224487,1096.7343950271606,702.4830865859985,1118.678798675537,741.777515411377,1061.6773772239685,707.2048759460449,open_video_mp_1,1124.2642414569855,571.2139225006104,54.781556129455566,Forehand_Front
frame_208_trim_1.jpg,1103.653264045715,473.1444120407105,1125.7614946365356,479.7919273376465,1117.3926854133606,572.2518444061279,1113.2324242591858,572.2052145004272,1126.858766078949,649.3976926803589,1087.2204375267029,632.396764755249,1153.274168968201,727.3515129089355,1072.9334568977356,703.0981922149658,1124.1399359703064,747.1576309204102,1057.406804561615,708.2418012619019,open_video_mp_1,1115.3125548362732,572.2285294532776,80.34071207046532,Forehand_Front
frame_209_trim_1.jpg,1088.9807057380676,475.1065921783447,1111.0840153694153,480.08468866348267,1101.8057513237,573.0951690673828,1102.3869371414185,572.8846788406372,1118.0662417411804,651.2313652038574,1093.3369851112366,643.0372476577759,1151.8778467178345,727.3149538040161,1080.1256442070007,718.3800554275513,1124.0600728988647,748.8169002532959,1052.074739933014,726.318678855896,open_video_mp_1,1102.0963442325592,572.98992395401,71.75220251083374,Forehand_Front
frame_210_trim_1.jpg,1071.849000453949,527.6443600654602,1052.5945162773132,523.0458331108093,1044.9631333351135,577.5941944122314,1032.7792477607727,574.8030090332031,1042.752187252045,628.4506893157959,1032.3506116867063,616.4860010147095,1055.9314393997192,676.7871761322021,1030.4777765274048,673.6715745925903,1051.6290855407717,697.5804948806763,1016.5050196647644,670.0477647781372,open_video_mp_1,1038.8711905479431,576.1986017227173,25.453662872314453,Forehand_Front
frame_211_trim_1.jpg,1058.3119535446167,495.9032940864563,1032.9138565063477,496.5773558616638,1034.7769522666931,565.6914520263672,1021.091456413269,562.6004505157471,1033.3799123764038,622.4467086791992,1025.9163546562197,615.7853984832764,1049.270613193512,676.7712831497192,1032.3061180114746,674.6361684799194,1033.3876013755798,698.2115983963013,1013.0809545516968,677.1322059631348,open_video_mp_1,1027.934204339981,564.1459512710571,16.964495182037354,Forehand_Front
frame_212_trim_1.jpg,1026.3956356048584,483.08573484420776,1050.1729941368103,492.7936720848084,1021.2984442710876,569.3816137313843,1037.3437452316284,572.7356624603271,1016.2280106544496,633.9560604095459,1058.8265013694763,643.9482879638672,1017.8285527229308,695.0613784790039,1072.79372215271,710.5659008026123,996.53217792511,701.0542392730713,1060.1227641105652,713.2974481582642,open_video_mp_1,1029.321094751358,571.0586380958557,54.965169429779166,Forehand_Front
frame_213_trim_1.jpg,1036.1922407150269,490.3125834465027,1026.4687323570251,493.1862235069275,1028.4231734275818,573.984808921814,1019.6833443641664,575.846700668335,1022.7640700340272,641.7807054519653,1020.349621772766,640.5498123168945,1054.017903804779,697.4745416641235,1032.6799058914185,702.7860498428345,1046.4999079704285,721.6801834106445,1019.3559980392456,719.4754648208618,open_video_mp_1,1024.053258895874,574.9157547950745,21.337997913360596,Forehand_Front
frame_214_trim_1.jpg,985.0341510772704,483.1072402000427,1016.9492387771606,486.30571603775024,996.7938089370728,573.7190866470337,1008.5480332374572,575.919189453125,986.0516619682312,641.1262083053589,1021.25661611557,634.4664192199707,1002.2650957107544,707.0339345932007,1021.6331720352172,696.4064073562622,983.6671495437622,721.2148284912109,1019.2433285713196,714.9872970581055,open_video_mp_1,1002.670921087265,574.8191380500793,19.368076324462777,Forehand_Front
frame_215_trim_1.jpg,982.5361490249634,483.8300824165344,995.6727528572084,485.78219175338745,994.8222470283508,573.9408016204834,991.8634176254272,576.1852264404297,980.3335070610046,643.9075326919556,963.1837582588196,638.4503126144409,1026.5553617477417,706.525936126709,945.0571477413176,700.7226371765137,1012.4790596961976,728.8856315612793,920.9069240093232,708.7800645828247,open_video_mp_1,993.342832326889,575.0630140304565,81.49821400642406,Forehand_Front
frame_216_trim_1.jpg,974.533233642578,485.7345914840698,991.6268014907836,488.9882469177246,990.3938961029052,577.7991247177124,986.9702410697936,580.6710863113403,990.0517868995668,646.794285774231,946.033753156662,641.6601181030273,1028.5109305381775,690.2980995178223,929.821037054062,707.479567527771,1019.8262572288512,725.2131462097168,907.9311740398408,714.2950344085693,open_video_mp_1,988.6820685863494,579.2351055145264,98.68989348411549,Forehand_Front
frame_217_trim_1.jpg,1007.4125218391418,480.8627104759216,1008.470015525818,485.72438955307007,1021.8961358070374,571.3849687576294,1008.4147572517396,572.2936487197876,1001.4284300804138,632.3593139648438,978.109335899353,628.744683265686,1022.5790214538574,689.9090623855591,1013.4094285964966,695.4155349731445,975.9130501747132,717.4923038482666,969.4044661521912,712.1782779693604,open_video_mp_1,1015.1554465293884,571.8393087387085,9.16959285736084,Forehand_Front
frame_218_trim_1.jpg,1013.7685561180116,479.5815420150757,1011.9023847579956,480.870578289032,1019.5593976974488,572.396559715271,1013.9047026634216,572.1448421478271,1001.8236446380616,634.871506690979,970.5489993095398,634.9020862579346,1028.942539691925,703.5284042358398,933.8177275657654,705.7890367507935,998.8313937187196,720.2535915374756,915.1886665821075,714.1653203964233,open_video_mp_1,1016.7320501804352,572.2707009315491,95.12481212615967,Forehand_Front
frame_219_trim_1.jpg,1012.3571634292604,478.493082523346,1026.0147738456726,477.8901982307434,1019.5132637023926,573.0500602722168,1028.020474910736,572.7206611633301,1014.4747138023376,638.5054397583008,988.05992603302,636.6365718841553,1030.396683216095,706.3289785385132,989.7375631332396,702.8843450546265,1001.1310195922852,718.8124179840088,982.5438380241394,710.7933855056763,open_video_mp_1,1023.7668693065643,572.8853607177734,40.65912008285534,Forehand_Front
frame_222_trim_1.jpg,1009.3450236320496,475.96187591552734,1065.872495174408,475.86803913116455,1028.4880685806274,577.8047370910645,1057.54243850708,576.6876125335693,1025.380790233612,637.0794773101807,1062.4802112579346,640.4118633270264,1031.7269825935364,705.8049821853638,1069.1019773483276,707.6818227767944,1002.4082136154176,720.4760932922363,1047.7374267578125,719.9119186401367,open_video_mp_1,1043.0152535438538,577.2461748123169,37.37499475479126,Forehand_Front
frame_223_trim_1.jpg,1015.4766416549684,475.9610366821289,1074.8774409294128,475.1841950416565,1034.9603605270386,574.8908138275146,1066.375765800476,573.9744234085083,1026.1095023155212,636.8055200576782,1066.9537734985352,640.1926136016846,1032.7841687202454,706.2378692626953,1069.156210422516,707.2711229324341,1004.428164958954,719.944281578064,1058.6466813087463,718.8121557235718,open_video_mp_1,1050.6680631637573,574.4326186180115,36.372041702270735,Forehand_Front
frame_224_trim_1.jpg,988.8063740730286,497.3821020126343,1038.960587978363,502.77428150177,1007.5509238243104,588.9665937423706,1042.281928062439,588.3912467956543,983.1287145614624,636.8291759490967,1056.4832019805908,645.0556039810181,983.710310459137,700.5073738098145,1067.6173853874209,704.247260093689,965.3923463821412,710.8594751358032,1068.31698179245,718.8340282440186,open_video_mp_1,1024.9164259433746,588.6789202690125,83.90707492828392,Forehand_Front
frame_225_trim_1.jpg,973.8552689552308,500.6668090820313,1021.5661239624023,507.1754050254822,992.5842356681824,590.8101272583008,1025.575065612793,590.8628940582275,967.4133229255676,635.3130483627319,1039.7636270523071,644.5306634902954,980.6579828262328,697.3194932937622,1061.306357383728,698.504490852356,963.531095981598,707.8501415252686,1067.36487865448,716.2695407867432,open_video_mp_1,1009.0796506404877,590.8365106582642,80.64837455749523,Forehand_Front
frame_226_trim_1.jpg,973.1594657897948,496.0764646530152,1019.5489406585692,498.94840002059937,992.2988200187684,589.0111255645752,1024.0776586532593,586.8516731262207,969.544713497162,633.6067295074463,1038.4487056732178,639.1496562957764,979.728434085846,695.7256841659546,1059.0396404266355,691.0107660293579,963.5290455818176,706.8914747238159,1067.9620575904846,714.6745777130127,open_video_mp_1,1008.1882393360138,587.931399345398,79.31120634078957,Forehand_Front
frame_227_trim_1.jpg,981.4517951011658,493.98648500442505,1032.849473953247,495.5431580543518,1000.1218128204346,587.2938442230225,1033.0080723762512,585.9978580474854,977.8217673301696,632.3716926574707,1046.6358494758606,631.3553285598755,978.003945350647,695.7614040374756,1059.971034526825,686.5984439849854,967.3305892944336,705.9538412094116,1075.2480506896973,710.1890325546265,open_video_mp_1,1016.5649425983429,586.6458511352539,81.96708917617798,Forehand_Front
frame_228_trim_1.jpg,1020.6874251365662,497.34994888305664,1054.6956634521484,496.6634297370911,1031.537628173828,588.9198589324951,1060.4250955581665,587.2624254226685,995.8673357963562,633.4487438201904,1071.1183404922483,634.3668127059937,979.9297833442688,695.8680391311646,1093.28675031662,689.258131980896,967.9140305519104,698.0022621154785,1088.4156155586245,710.2649307250977,open_video_mp_1,1045.9813618659973,588.0911421775818,113.3569669723513,Forehand_Front
frame_229_trim_1.jpg,1042.964916229248,492.9662132263184,1079.6455430984497,490.6030368804932,1068.75146150589,580.2797412872314,1095.7953119277954,578.7818670272827,1024.1547536849976,632.2022724151611,1109.237322807312,630.7474613189697,1025.9838128089905,700.6729650497437,1132.8683853149414,689.2628002166748,997.7838444709778,715.1177453994751,1126.5263962745669,704.3227386474609,open_video_mp_1,1082.2733867168427,579.5308041572571,106.88457250595093,Forehand_Front
frame_230_trim_1.jpg,1063.21763753891,525.8988332748413,1080.569965839386,520.6741070747375,1100.8329391479492,615.4231119155884,1120.710642337799,610.831298828125,1054.6130323410034,665.3164291381836,1142.5032138824463,660.3853559494019,1078.2636761665344,733.1822967529297,1185.0960659980774,708.333854675293,1045.633819103241,750.0127553939819,1173.840088844299,718.3285999298096,open_video_mp_1,1110.7717907428741,613.1272053718567,106.83238983154297,Forehand_Front
frame_231_trim_1.jpg,1050.7459783554075,513.7458157539368,1052.315866947174,510.9140062332153,1088.975989818573,603.7086200714111,1100.6723928451538,600.2962446212769,1044.826576709747,663.0755710601807,1117.4741888046265,659.1465950012207,1077.4843192100525,732.1750068664551,1165.6438207626345,710.405764579773,1045.5453443527222,751.8856620788574,1151.236379146576,724.8979616165161,open_video_mp_1,1094.8241913318634,602.002432346344,88.15950155258201,Forehand_Front
frame_232_trim_1.jpg,1037.6666831970217,484.718542098999,1041.7838859558103,482.8058242797852,1071.6806626319883,578.9074897766113,1080.3428840637207,577.4443912506104,1027.8687453269958,647.77503490448,1068.13716173172,650.0401258468628,1068.0516600608826,719.0698003768921,1103.771469593048,711.85622215271,1045.4828071594238,751.5300893783569,1088.818826675415,732.8022813796997,open_video_mp_1,1076.0117733478546,578.1759405136108,35.71980953216553,Forehand_Front
frame_233_trim_1.jpg,1024.5388960838318,495.84179401397705,1036.3404846191406,491.9838643074036,1049.0050864219666,592.0372438430786,1065.416383743286,589.144458770752,1012.543134689331,662.5098752975464,1048.5708117485046,650.728874206543,1023.3983612060548,746.83274269104,1071.7617559432983,720.4853773117065,991.1591053009032,769.4725322723389,1046.2877941131592,734.0392065048218,open_video_mp_1,1057.2107350826263,590.5908513069153,48.36339473724354,Forehand_Front
frame_234_trim_1.jpg,1007.1158289909364,496.9725561141968,1030.6131029129028,492.24064350128174,1043.572654724121,594.7315502166748,1066.607666015625,590.9907722473145,1006.724817752838,665.3591775894165,1051.6377997398376,652.613844871521,1024.9102234840393,754.0100765228271,1070.7862782478333,724.618444442749,989.1933870315552,771.0724258422852,1045.1056361198423,733.1592178344727,open_video_mp_1,1055.090160369873,592.8611612319946,45.876054763793945,Forehand_Front
frame_235_trim_1.jpg,1001.2172389030457,494.87486600875854,1032.706868648529,490.3822922706604,1044.9084901809692,595.1554155349731,1070.3439044952393,590.2872848510742,1011.822111606598,666.9433355331421,1061.8123960494995,652.6016759872437,1026.7211365699768,756.7802810668945,1080.2134013175964,721.7351531982422,989.9687457084656,773.2882118225098,1056.364893913269,732.9584836959839,open_video_mp_1,1057.6261973381042,592.7213501930237,53.49226474761963,Forehand_Front
frame_236_trim_1.jpg,1004.8026704788208,511.397168636322,1037.3465132713318,505.0717878341675,1053.4117031097412,606.462197303772,1078.4383702278135,599.978437423706,1005.8748245239258,671.205644607544,1062.9828667640686,653.563175201416,1023.9512515068054,756.2252855300903,1084.394679069519,721.5290689468384,991.0010194778442,773.7776947021484,1062.9289412498474,731.63658618927,open_video_mp_1,1065.9250366687775,603.220317363739,60.44342756271362,Forehand_Front
frame_237_trim_1.jpg,1010.5100607872008,506.6785526275635,1042.247173786163,502.196626663208,1059.3218779563904,600.6580591201782,1080.2881383895874,595.8667182922363,1015.1471424102784,665.2639770507812,1061.6779923439026,649.8500394821167,1019.8901271820068,751.7411041259766,1085.661826133728,715.875678062439,990.1935720443726,771.7818403244019,1062.6303005218506,730.4660129547119,open_video_mp_1,1069.805008172989,598.2623887062073,65.77169895172119,Forehand_Front
frame_238_trim_1.jpg,1012.3458862304688,508.68353366851807,1043.820035457611,503.8882851600647,1067.9186916351318,600.7933855056763,1085.3122329711914,596.1714124679565,1018.047740459442,663.7611198425293,1070.5229043960571,650.8400726318359,1025.4202604293823,749.7853755950928,1094.6781516075134,712.1114015579224,995.6944870948792,769.6479845046997,1079.489200115204,730.0514316558838,open_video_mp_1,1076.6154623031616,598.4823989868164,69.2578911781311,Forehand_Front
frame_239_trim_1.jpg,1049.1241121292114,499.80557203292847,1048.6837887763977,501.9547438621521,1078.9156007766724,597.44384765625,1084.6153020858765,595.2807235717773,1032.8349161148071,662.460412979126,1064.177737236023,651.5368461608887,1035.5428791046145,749.3557929992676,1100.77880859375,712.2159910202026,1002.53892660141,768.794641494751,1078.4898352622986,730.0143480300903,open_video_mp_1,1081.7654514312744,596.3622856140137,65.23592948913551,Forehand_Front
frame_240_trim_1.jpg,640.0882709026337,497.35918045043945,721.8889701366425,496.3197636604309,680.2539110183716,610.4985427856445,727.456830739975,607.296290397644,653.036904335022,708.4220790863037,747.676899433136,690.5960273742676,645.984810590744,818.6420106887817,782.57208943367,772.1993589401245,601.4479231834412,843.7964057922363,776.823844909668,796.242241859436,open_video_mp_1,703.8553708791733,608.8974165916443,136.58727884292603,Forehand_Front
frame_241_trim_1.jpg,664.1775977611542,518.3350324630737,735.9871089458466,509.2129850387573,708.8704693317413,633.2579755783081,750.6664335727692,626.5454721450806,675.5890464782715,723.9778470993042,751.8090188503265,695.9193897247314,712.40771651268,826.2185049057007,797.6928651332855,772.531590461731,670.1696348190308,848.2459163665771,792.1687805652618,793.8734531402588,open_video_mp_1,729.7684514522552,629.9017238616943,85.28514862060547,Forehand_Front
frame_242_trim_1.jpg,716.3902080059052,517.8866457939148,789.1993403434753,503.3902788162232,751.4437913894653,618.1565475463867,792.2104036808014,614.4116258621216,727.0876562595367,699.9495458602905,777.6211428642273,693.3818101882935,732.2205245494843,792.8398847579956,804.6335196495056,772.854905128479,698.2303297519684,831.1196279525757,793.7740898132324,792.3754739761353,open_video_mp_1,771.8270975351334,616.2840867042542,72.41299510002136,Forehand_Front
frame_243_trim_1.jpg,749.3119394779205,483.3526110649109,817.9003751277924,483.1159996986389,780.3585803508759,588.0648899078369,818.62872838974,584.9947643280029,770.0195419788361,674.421534538269,803.8550853729248,664.2950820922852,813.3362877368927,753.5872077941895,831.9168567657471,741.191782951355,794.1038453578949,785.7037258148193,814.7732079029083,767.1163845062256,open_video_mp_1,799.4936543703079,586.5298271179199,18.58056902885437,Forehand_Front
frame_244_trim_1.jpg,775.1642513275146,491.29388332366943,844.2460131645203,496.7499756813049,802.5620007514954,592.8707599639893,841.7517018318176,590.4528760910034,802.9241526126862,678.8014936447144,844.8688733577728,667.9798936843872,833.3235847949982,756.9201707839966,863.8846397399902,735.2006006240845,806.0609567165375,781.3441705703735,853.7873947620392,740.4957437515259,open_video_mp_1,822.1568512916565,591.6618180274963,30.561054944992065,Forehand_Front
frame_245_trim_1.jpg,796.9911670684814,492.16673851013184,853.7642765045166,490.7945132255554,814.4747722148895,586.571946144104,849.7674322128296,583.5098457336426,797.9908394813538,655.299916267395,857.2073590755463,653.2256460189819,808.9770865440369,725.1809930801392,868.5567831993103,723.8890981674194,788.079206943512,749.8166370391846,864.2721652984619,736.9198226928711,open_video_mp_1,832.1211022138596,585.0408959388733,59.57969665527344,Forehand_Front
frame_246_trim_1.jpg,800.1796412467957,506.9273591041565,860.7175922393799,506.7393708229065,814.549765586853,588.9158725738525,853.6684203147888,586.3354396820068,791.3088428974152,660.0550127029419,885.7089412212372,645.9382152557373,776.3727056980133,724.7066688537598,904.1590023040771,707.7978992462158,765.2179670333862,730.6797027587891,914.073966741562,712.1371555328369,open_video_mp_1,834.1090929508209,587.6256561279297,127.78629660606384,Forehand_Front
frame_247_trim_1.jpg,851.8897497653961,518.8572978973389,907.4915170669556,512.7213478088379,861.5593838691711,593.8035678863525,896.1741304397583,589.6142721176147,819.2544078826904,654.878830909729,905.0224769115448,648.3237361907959,779.8375737667084,712.6983404159546,916.7839801311492,706.0402822494507,763.4071564674377,730.7110691070557,918.3880591392516,709.2440032958984,open_video_mp_1,878.8667571544647,591.7089200019836,136.9464063644408,Forehand_Front
frame_248_trim_1.jpg,901.5477669239044,488.1342744827271,946.071480512619,489.12821531295776,911.9275569915771,569.4846820831299,939.7686541080476,573.5667657852173,887.9615104198456,628.1580591201782,926.6903841495514,632.580189704895,907.9102087020874,692.6333713531494,921.2722027301788,695.6412887573242,889.4924926757812,716.0688591003418,906.6074359416962,711.8678665161133,open_video_mp_1,925.8481055498123,571.5257239341736,13.36199402809143,Forehand_Front
frame_249_trim_1.jpg,936.3825213909148,491.09493255615234,982.5241541862488,491.613028049469,958.3032429218292,575.7293653488159,983.4503197669984,574.250111579895,956.9227087497712,637.1887874603271,988.2410788536072,630.5884790420532,986.237940788269,698.854923248291,1011.8568658828736,685.0513172149658,961.0823035240172,715.7398796081543,998.4818005561827,697.2048330307007,open_video_mp_1,970.8767813444138,574.9897384643555,25.618925094604606,Forehand_Front
frame_25_trim_1.jpg,899.610241651535,556.0887336730957,933.121052980423,544.4802474975586,924.9319612979888,612.4587297439575,942.3510813713074,608.405966758728,919.5364367961884,616.8451404571533,939.6500897407532,611.1791086196899,927.5042903423308,654.4304704666138,934.9643623828888,656.3612842559814,916.4885687828064,657.6891088485718,930.8671510219574,662.0054960250854,open_video_mp_1,933.6415213346481,610.4323482513428,7.460072040557975,Forehand_Front
frame_250_trim_1.jpg,977.3098850250244,547.2643518447876,1009.0989756584167,529.6829104423523,989.4750094413756,602.6398038864136,1008.8634872436523,596.4837121963501,966.9264554977416,634.9546432495117,1037.2590637207031,628.564772605896,986.994948387146,692.8531980514526,1072.5200963020325,685.006890296936,962.1410274505616,706.3434553146362,1058.6684155464172,693.20641040802,open_video_mp_1,999.169248342514,599.5617580413818,85.52514791488647,Forehand_Front
frame_251_trim_1.jpg,990.3961515426636,496.5405607223511,1024.9991083145142,496.19109869003296,1010.1473450660706,572.2495365142822,1034.9455976486206,571.0492753982544,975.536289215088,621.2997913360596,1050.5863547325134,627.8049516677856,985.2844023704528,686.8444442749023,1073.873257637024,684.5742130279541,962.9426312446594,707.7457094192505,1061.7925071716309,697.5555801391602,open_video_mp_1,1022.5464713573456,571.6494059562683,88.58885526657116,Forehand_Front
frame_252_trim_1.jpg,990.4337763786316,499.83667612075806,1026.6538834571838,497.2861933708191,1009.1970872879028,580.2387762069702,1036.043791770935,578.9406394958496,976.646990776062,632.0232534408569,1054.4643783569336,630.8155965805054,973.0498719215392,698.0280685424805,1084.7451949119568,690.6034755706787,947.3444712162018,714.7855138778687,1070.0538754463196,701.9931840896606,open_video_mp_1,1022.620439529419,579.5897078514099,111.6953229904176,Forehand_Front
frame_253_trim_1.jpg,971.7086029052734,493.7865376472473,1007.4643969535828,498.2183456420898,988.9566683769226,575.0763893127441,1013.7517428398132,574.3392276763916,954.0877747535706,625.7820320129395,1014.3828558921814,627.4767065048218,959.1314506530762,693.0241918563843,1050.7010746002195,675.2819061279297,942.504861354828,716.4660787582397,1048.083739280701,694.279842376709,open_video_mp_1,1001.3542056083679,574.7078084945679,91.56962394714333,Forehand_Front
frame_254_trim_1.jpg,955.0865244865416,518.595929145813,979.804196357727,519.9341130256653,973.7724328041076,593.8770008087158,993.7263083457948,594.6913194656372,932.3680436611176,639.5736265182495,990.9516048431396,639.834418296814,938.0021834373474,704.9066877365112,1016.960310935974,681.542534828186,915.8092200756072,718.9185810089111,1027.0663213729858,698.7355947494507,open_video_mp_1,983.7493705749512,594.2841601371765,78.9581274986266,Forehand_Front
frame_255_trim_1.jpg,941.737653017044,528.4745979309082,970.3080773353576,528.7744927406311,961.297287940979,603.1391477584839,982.0126819610596,602.8443670272827,929.3597483634948,647.4572277069092,970.7997632026672,646.0750102996826,933.6752247810364,707.8888511657715,1009.4133019447328,685.5704355239868,908.7281131744384,722.0550584793091,1013.585455417633,700.4521417617798,open_video_mp_1,971.6549849510193,602.9917573928833,75.7380771636964,Forehand_Front
frame_256_trim_1.jpg,937.0841681957244,520.2603650093079,958.0204927921296,520.5228352546692,956.435123682022,602.0668172836304,977.5235366821288,598.7191152572632,912.76709318161,639.6534061431885,971.1191129684448,645.6487846374512,905.006022453308,705.0804090499878,1006.5990257263184,686.9277906417847,873.9448750019073,713.9357376098633,1010.9790897369384,700.5666971206665,open_video_mp_1,966.9793301820754,600.3929662704468,101.59300327301037,Forehand_Front
frame_257_trim_1.jpg,908.1970596313477,522.5299143791199,936.761794090271,524.525899887085,933.995804786682,598.281979560852,955.507881641388,596.7302370071411,885.6939733028412,640.963397026062,965.1906895637512,646.0492563247681,882.9751431941986,708.7103033065796,1005.112280845642,687.9332971572876,864.5480978488922,714.1025876998901,999.337124824524,700.8597993850708,open_video_mp_1,944.751843214035,597.5061082839966,122.13713765144337,Forehand_Front
frame_258_trim_1.jpg,880.6994044780731,509.9486517906189,921.0277950763702,512.1506428718567,905.0641512870787,585.0855588912964,934.279477596283,581.8577098846436,866.0323309898376,634.0388298034668,940.0536596775056,641.5673828125,871.1839604377747,705.2542352676392,966.01300239563,691.5320873260498,853.9067792892456,715.1944828033447,955.182124376297,706.7333841323853,open_video_mp_1,919.6718144416809,583.47163438797,94.82904195785534,Forehand_Front
frame_259_trim_1.jpg,864.9580240249634,509.7526907920837,910.110800266266,512.0935750007629,884.9783325195312,585.9186029434204,914.3503606319427,583.7411069869995,849.4230163097382,641.4517259597778,924.332321882248,643.9887285232544,843.3984291553497,712.9706192016602,951.3178896903992,701.2898015975952,821.7796802520752,724.609580039978,943.7633454799652,712.2221803665161,open_video_mp_1,899.664346575737,584.82985496521,107.91946053504944,Forehand_Front
frame_26_trim_1.jpg,854.8668277263641,541.5110921859741,898.5505950450897,543.1137132644653,863.9487659931183,586.6452217102051,896.2575304508209,590.7362747192383,834.5096385478973,609.3043661117554,899.3488669395447,613.4143543243408,816.1120164394379,654.9709367752075,889.7579169273376,656.784782409668,802.506844997406,669.0221691131592,903.2264804840088,669.8015546798706,open_video_mp_1,880.1031482219696,588.6907482147217,73.64590048789978,Forehand_Front
frame_260_trim_1.jpg,852.4798548221588,507.1674585342407,896.8106770515442,512.2297143936157,874.1536056995392,580.1421070098877,902.4044239521028,579.8152256011963,847.6486003398895,627.9565382003784,914.592410326004,615.5618476867676,840.2419924736023,702.9303455352783,939.4772922992706,682.5651407241821,817.5170528888702,715.4820775985718,937.0653557777404,701.0093927383423,open_video_mp_1,888.2790148258209,579.978666305542,99.23529982566833,Forehand_Front
frame_261_trim_1.jpg,851.7151069641113,507.01149225234985,898.2027447223663,508.76562118530273,874.0329396724701,580.4236698150635,902.1198797225952,581.991777420044,854.2954325675964,647.0877552032471,919.6561801433564,630.2272939682007,859.1450381278992,718.414306640625,949.42347407341,692.8750705718994,833.6570310592651,729.0955972671509,943.6700010299684,707.3624420166016,open_video_mp_1,888.0764096975327,581.2077236175537,90.27843594551086,Forehand_Front
frame_262_trim_1.jpg,862.0729577541351,509.9665117263794,909.6757054328918,509.7385025024414,882.8276169300079,585.8854007720947,910.0004374980928,583.782753944397,861.5641510486603,650.2327823638916,924.8359513282776,635.9050226211548,861.8087637424469,717.8474044799805,950.7460331916808,696.4404487609863,835.2602386474609,731.8654870986938,945.4762494564056,707.323522567749,open_video_mp_1,896.4140272140503,584.8340773582458,88.9372694492339,Forehand_Front
frame_263_trim_1.jpg,870.6508052349091,502.77527809143066,914.70405459404,502.36557483673096,886.6407454013824,580.7528591156006,914.1002118587494,580.7191324234009,859.4520854949951,634.8990440368652,925.6016218662262,637.5120496749878,863.0692982673645,696.5272045135498,951.613916158676,697.7184963226318,840.903092622757,720.8875799179077,945.674933195114,708.5472297668457,open_video_mp_1,900.3704786300659,580.7359957695007,88.54461789131153,Forehand_Front
frame_264_trim_1.jpg,861.5236043930054,501.25804901123047,904.5351481437684,500.6990671157837,880.2657449245453,576.5228080749512,908.5927867889404,575.3920984268188,847.9038238525391,625.1703882217407,919.8987936973572,628.3980798721313,830.8423447608948,688.1660270690918,950.1916563510896,680.2281379699707,808.3143973350525,696.9971752166748,943.0601608753204,697.3520135879517,open_video_mp_1,894.4292658567429,575.957453250885,119.34931159019482,Forehand_Front
frame_265_trim_1.jpg,860.133740901947,528.4900712966919,901.0292720794678,531.6996669769287,878.9962911605835,596.6294240951538,906.4898455142976,595.6827688217163,840.6597101688385,626.3422203063965,918.50723862648,628.5872745513916,824.2059183120728,691.6583919525146,945.5360186100006,673.4659624099731,803.1144297122955,702.2559690475464,939.6242547035216,690.333662033081,open_video_mp_1,892.7430683374405,596.1560964584351,121.33010029792786,Forehand_Front
frame_266_trim_1.jpg,899.1232717037201,528.5209131240845,934.702936410904,530.8191013336182,912.5022327899932,593.0749559402466,940.1231682300568,594.606032371521,870.9468829631805,629.3426895141602,922.2236394882202,627.9353475570679,837.7481937408447,685.3351354598999,945.4745578765868,676.3151597976685,814.3737900257111,699.5577812194824,933.0022835731506,685.8704614639282,open_video_mp_1,926.312700510025,593.8404941558838,107.72636413574207,Forehand_Front
frame_267_trim_1.jpg,928.363049030304,506.1534023284912,971.7707300186156,503.7224054336548,943.731359243393,571.4463901519775,968.9293885231018,573.5484075546265,921.3096225261688,617.4072170257568,962.129955291748,623.3424854278564,938.0751776695251,672.4993228912354,958.1189632415771,672.6879405975342,924.2037105560304,691.0899686813354,952.1418941020966,687.9225444793701,open_video_mp_1,956.3303738832474,572.497398853302,20.043785572052002,Forehand_Front
frame_268_trim_1.jpg,962.9525756835938,510.1163673400879,1004.7353148460388,507.0633673667908,978.4358620643616,580.131721496582,1001.6262936592102,573.9599466323853,968.8072872161864,623.2898759841919,1031.0774159431458,626.1630964279175,981.9282054901124,677.9818248748779,1066.689476966858,671.4928722381592,963.974597454071,689.6263980865479,1074.20316696167,687.4070978164673,open_video_mp_1,990.0310778617859,577.0458340644836,84.76127147674549,Forehand_Front
frame_269_trim_1.jpg,1015.0073051452636,508.3987975120544,1045.4869079589844,508.40784549713135,1021.225860118866,580.7178735733032,1039.883267879486,577.6636934280396,997.688808441162,624.9459457397461,1073.6382818222046,632.4255609512329,983.5490465164183,677.3209285736084,1105.3351044654846,680.7760524749756,967.678234577179,679.4806432723999,1097.360074520111,689.4572925567627,open_video_mp_1,1030.554563999176,579.1907835006714,121.78605794906628,Forehand_Front
frame_271_trim_1.jpg,1048.3981680870056,499.6825981140137,1084.2244958877563,504.03011560440063,1067.1292877197266,577.0829439163208,1090.5266046524048,576.0029554367065,1051.310966014862,635.3562164306641,1107.1863079071045,634.8233556747437,1053.446559906006,697.7352285385132,1137.0681166648865,692.5308275222778,1028.1500601768494,715.5049991607666,1124.2152881622314,707.2318363189697,open_video_mp_1,1078.8279461860657,576.5429496765137,83.62155675888039,Forehand_Front
frame_272_trim_1.jpg,1038.9666366577148,491.2126088142395,1081.274790763855,500.3737592697144,1055.224256515503,569.6968507766724,1082.9189038276672,569.5099115371704,1022.1598172187804,623.1113815307617,1094.0948128700256,631.6258764266968,1017.5797367095948,689.5957660675049,1127.1558690071106,685.9429502487183,993.294084072113,707.8496170043945,1116.9100213050842,706.8826103210449,open_video_mp_1,1069.071580171585,569.6033811569214,109.57613229751576,Forehand_Front
frame_273_trim_1.jpg,1013.3621668815612,511.1424612998962,1041.180555820465,512.779700756073,1032.5398635864258,587.8909063339233,1057.7186703681946,591.2551832199097,982.894251346588,627.5598955154419,1082.5217413902285,646.7910861968994,970.572066307068,698.2071924209595,1124.18217420578,691.2319564819336,941.760720014572,707.975869178772,1116.3349866867063,709.0386533737183,open_video_mp_1,1045.1292669773102,589.5730447769165,153.61010789871204,Forehand_Front
frame_274_trim_1.jpg,948.2074332237244,508.3872580528259,986.6285419464112,505.0635004043579,987.0760416984558,586.0905408859253,999.4185256958008,589.459433555603,941.9021463394164,629.3534421920776,1007.1468925476074,644.4920587539673,960.9113001823424,698.1120443344116,1044.8720955848694,684.3576908111572,937.2947442531586,708.1778621673584,1039.7887444496157,706.2100172042847,open_video_mp_1,993.2472836971283,587.7749872207642,83.96079540252697,Forehand_Front
frame_275_trim_1.jpg,897.0856869220734,510.7141900062561,934.8475408554076,507.1059846878052,938.2433104515076,584.4088745117188,949.4084548950196,585.0304317474365,886.0296750068665,625.8416700363159,923.6835753917694,635.646014213562,875.2807104587555,689.9418449401855,930.3788483142852,684.8403549194336,873.1346595287323,687.825403213501,912.5126385688782,700.3935527801514,open_video_mp_1,943.8258826732635,584.7196531295776,55.09813785552967,Forehand_Front
frame_276_trim_1.jpg,841.5814673900604,531.5060138702393,884.9695670604706,531.4079284667969,894.7033786773682,594.9932861328125,903.633279800415,600.4267978668213,837.7317905426025,612.9998779296875,882.8198766708374,642.0327377319336,807.4610722064972,646.7466068267822,921.959342956543,686.0650062561035,801.6033363342285,657.0166206359863,907.7089107036592,700.5715227127075,open_video_mp_1,899.1683292388916,597.7100419998169,114.49827075004578,Forehand_Front
frame_277_trim_1.jpg,811.4071178436279,521.827449798584,850.4441154003143,526.2755966186523,843.6692869663239,591.0232925415039,869.03027176857,595.568528175354,798.8595426082611,627.9644584655762,874.6386277675629,641.3571548461914,787.6618480682373,690.7657098770142,906.3951170444489,686.7375993728638,767.1390378475189,698.242335319519,893.1286716461182,702.6796770095825,open_video_mp_1,856.3497793674469,593.295910358429,118.73326897621155,Forehand_Front
frame_278_trim_1.jpg,813.3660697937012,517.0479369163513,855.5994868278503,525.5659198760986,834.7380530834198,591.0232925415039,865.2455925941467,591.5838479995728,793.7998735904694,646.1042261123657,880.2461123466492,645.0582790374756,788.634660243988,715.2654504776001,926.5592098236084,687.0242500305176,761.2908363342285,727.3943662643433,927.2830009460448,706.2973499298096,open_video_mp_1,849.9918228387833,591.3035702705383,137.92454957962036,Forehand_Front
frame_279_trim_1.jpg,849.7152495384216,515.9538650512695,891.3148367404938,520.565242767334,865.5876505374908,590.5764007568359,895.144522190094,591.621561050415,821.4663279056549,645.8432245254517,907.1890318393708,653.9105129241943,791.6501319408417,712.40403175354,942.2254431247712,706.6281652450562,766.558313369751,726.5574932098389,938.3046174049376,714.7375726699829,open_video_mp_1,880.3660863637924,591.0989809036255,150.57531118392956,Forehand_Front
frame_281_trim_1.jpg,1136.583812236786,433.7717247009277,1223.9872288703918,432.591028213501,1189.522366523743,596.5954875946045,1242.735571861267,593.7103605270386,1167.7350234985352,723.9680910110474,1201.814410686493,715.0437879562378,1148.2865715026855,881.4944553375244,1221.5113711357117,821.7147588729858,1098.1567573547363,937.0061254501344,1184.2581701278689,864.5638656616211,open_video_mp_1,1216.1289691925049,595.1529240608215,73.22479963302612,Forehand_Front
frame_282_trim_1.jpg,1078.6627864837646,508.135461807251,1145.1746797561646,501.8042850494385,1145.6247425079346,674.457516670227,1197.787938117981,662.0283651351929,1098.5711431503296,795.2441310882568,1184.4736671447754,748.980655670166,1148.0592846870422,938.1687259674072,1219.9894618988037,849.7534418106079,1087.5534224510193,959.0432929992676,1193.5413551330566,868.3491230010986,open_video_mp_1,1171.7063403129578,668.24294090271,71.93017721176147,Forehand_Front
frame_283_trim_1.jpg,1047.7766919136047,483.095543384552,1090.572226047516,480.2396059036255,1120.2959489822388,649.574089050293,1153.1781077384949,641.0271787643433,1068.475785255432,772.41530418396,1116.3257598876953,738.9599990844727,1138.5672664642334,911.6223049163818,1190.2418518066406,816.8007326126099,1087.1796345710754,957.264642715454,1160.347535610199,849.3839693069458,open_video_mp_1,1136.7370283603668,645.3006339073181,51.67458534240723,Forehand_Front
frame_284_trim_1.jpg,1016.2958788871764,502.1209120750427,1042.6379799842834,502.6572608947754,1096.5312004089355,666.215615272522,1105.7326769828796,656.5784358978271,1065.8178520202637,794.455041885376,1060.5135703086853,757.3568344116211,1150.0036787986755,908.8093519210817,1116.5280318260193,849.0571928024292,1097.9201412200928,955.6841564178468,1087.176558971405,892.9051971435547,open_video_mp_1,1101.1319386959076,661.3970255851746,33.47564697265625,Forehand_Front
frame_285_trim_1.jpg,993.451452255249,464.20623540878296,981.2307620048524,493.9204478263855,1022.3619866371156,618.7861824035645,1004.5051574707032,614.084324836731,1006.2293386459352,722.0619297027588,983.50834608078,695.4680919647217,1081.1505365371704,803.1732082366943,1005.3915452957152,772.5176382064819,1065.8921790122986,856.0816287994385,986.04243516922,797.274341583252,open_video_mp_1,1013.4335720539094,616.4352536201477,75.75899124145519,Forehand_Front
frame_286_trim_1.jpg,916.617077589035,400.3415179252625,983.304843902588,454.0962791442871,937.0797085762024,555.8746242523193,974.7599053382874,555.7441759109497,940.489010810852,644.0521430969238,982.1779441833496,636.7001962661743,994.33691740036,747.7613019943237,1019.2479419708252,727.2839546203613,970.2141690254213,794.7154140472412,996.8517327308656,760.524206161499,open_video_mp_1,955.9198069572449,555.8094000816345,24.9110245704652,Forehand_Front
frame_287_trim_1.jpg,874.3228662014008,471.15752696990967,950.6669902801514,482.7019953727722,885.9501194953918,577.7621459960938,933.1756448745728,576.9785118103027,865.7247710227966,671.3467407226562,931.0491240024568,668.5620069503784,899.6326422691345,730.0588798522949,928.1749761104584,744.6909666061401,888.8472318649292,779.256420135498,915.4911518096924,778.4198617935181,open_video_mp_1,909.5628821849823,577.3703289031982,28.542333841323853,Forehand_Front
frame_288_trim_1.jpg,821.0684990882874,485.7260417938232,885.160254240036,493.6422681808472,846.0916805267334,582.9325580596924,886.0794484615326,582.7686977386475,788.3474504947662,671.1722326278687,893.0842804908752,671.5269660949707,799.5757985115051,760.0887489318848,921.0685467720032,737.987117767334,758.8522958755493,788.1598997116089,919.8845946788788,762.3040628433228,open_video_mp_1,866.085564494133,582.8506278991699,121.49274826049805,Forehand_Front
frame_289_trim_1.jpg,771.1770439147949,483.1512212753296,829.892086982727,490.5570363998413,800.1865613460541,587.4238204956055,840.4301679134369,583.1361246109009,744.2862045764923,660.8396434783936,822.1013367176056,653.0104875564575,773.0809938907623,747.7717399597168,842.3633360862732,713.6918354034424,737.5613033771515,777.2198104858398,833.1624746322632,725.397777557373,open_video_mp_1,820.3083646297455,585.2799725532532,69.28234219551086,Forehand_Front
frame_290_trim_1.jpg,743.0297708511353,507.39845752716064,795.6604063510895,514.2653799057007,761.5760469436646,620.5063486099243,795.2136242389679,618.9907455444336,735.8173871040344,689.5753622055054,785.3503811359406,660.245361328125,768.2941818237305,754.0470027923584,804.5149040222168,720.4356002807617,733.0829226970673,779.5256567001343,785.537736415863,728.3936834335327,open_video_mp_1,778.3948355913162,619.748547077179,36.22072219848633,Forehand_Front
frame_291_trim_1.jpg,708.1292498111725,480.0278306007385,760.443764925003,486.7612099647522,722.2735738754272,588.1039667129517,752.7562010288239,588.2254457473755,688.3735966682434,655.6848621368408,773.1009340286255,654.6848106384277,729.3397128582001,717.9044198989868,803.7394428253174,717.4466705322266,714.0483951568604,752.3544788360596,789.3772125244141,736.7329359054565,open_video_mp_1,737.5148874521255,588.1647062301636,74.39972996711731,Forehand_Front
frame_292_trim_1.jpg,652.2946083545685,478.5196757316589,709.8885440826416,482.6788640022278,672.9930353164673,585.0469017028809,705.2602791786194,582.9076433181763,663.4804105758667,651.0683965682983,711.2597489356995,645.8977222442627,677.1130573749542,718.3177947998047,767.1823012828827,690.1004600524902,653.775817155838,736.3858604431152,773.6696636676788,731.1165237426758,open_video_mp_1,689.1266572475433,583.9772725105286,90.06924390792847,Forehand_Front
frame_293_trim_1.jpg,605.9233820438385,477.0909857749939,665.3428399562836,475.9988808631897,629.6851575374603,574.6791172027588,657.6109874248505,572.2497463226318,635.7734608650208,642.4839305877686,655.3786146640778,636.2175846099854,665.5032324790955,710.3749752044678,671.0725283622742,699.4723892211914,652.1956765651703,735.598554611206,660.4369509220123,730.8673238754272,open_video_mp_1,643.6480724811554,573.4644317626953,5.569295883178711,Forehand_Front
frame_294_trim_1.jpg,575.7262217998505,482.2682166099548,631.0388314723969,485.01696825027466,589.2559385299683,579.2825222015381,618.1904113292694,580.0289678573608,586.2069940567017,646.4699745178223,605.0870752334595,641.8199396133423,618.4042167663574,694.5954465866089,605.5806577205658,702.7061653137207,610.8295786380768,725.396990776062,591.034916639328,730.2695798873901,open_video_mp_1,603.7231749296188,579.6557450294495,12.823559045791626,Forehand_Front
frame_295_trim_1.jpg,547.2970700263977,476.0039687156677,593.5571646690369,483.2809090614319,553.3251941204071,573.2132387161255,580.416818857193,574.5784616470337,542.2383236885071,634.5229625701904,581.8093991279602,633.1652927398682,551.4712226390839,698.8859748840332,600.6000316143036,697.7657556533813,527.5918823480606,716.9183731079102,583.4055840969086,718.4789276123047,open_video_mp_1,566.8710064888,573.8958501815796,49.12880897521973,Forehand_Front
frame_296_trim_1.jpg,506.2006765604019,477.1915626525879,560.3724181652069,488.3926010131836,520.9599667787552,580.8244562149048,551.4822435379028,580.8444929122925,515.9478670358658,641.3837480545044,544.4742333889008,637.0996713638306,533.8869428634644,702.398533821106,569.5023357868195,682.7404880523682,514.771962761879,718.2506561279297,562.1588802337646,706.8892192840576,open_video_mp_1,536.221105158329,580.8344745635986,35.6153929233551,Forehand_Front
frame_30_trim_1.jpg,1042.296178340912,491.1744499206543,997.6189923286438,524.0377020835876,1080.487334728241,588.3050680160522,1042.8568601608276,595.5387353897095,1098.430895805359,662.2183465957642,1014.492757320404,650.030107498169,1134.882493019104,736.2908172607422,1025.620584487915,714.2722702026367,1114.7843718528748,762.5978469848633,999.6094179153442,733.7960386276245,open_video_mp_1,1061.6720974445343,591.9219017028809,109.26190853118896,Forehand_Front
frame_31_trim_1.jpg,1001.3879346847534,497.5044465065002,945.7954967021942,524.4272112846375,1036.41850233078,588.3205413818359,996.7855048179626,595.8664035797119,1038.8838005065918,665.01624584198,957.7195966243744,661.235761642456,1083.5672402381897,729.2597198486328,960.34508228302,727.1952056884766,1099.7701144218445,752.7026557922363,933.3886814117432,745.8755445480347,open_video_mp_1,1016.6020035743713,592.0934724807739,123.22215795516968,Forehand_Front
frame_32_trim_1.jpg,975.7222604751588,489.1563034057617,920.4421496391296,519.6668171882629,1007.5240635871888,580.1898384094238,970.2793717384338,590.1894092559814,999.9639320373536,657.0817136764526,955.9652745723724,659.2226505279541,1020.0451374053956,720.6021356582642,956.8211627006532,726.2748289108276,1019.1249179840088,751.2895441055298,934.5724284648896,747.418999671936,open_video_mp_1,988.9017176628113,585.1896238327026,63.22397470474243,Forehand_Front
frame_33_trim_1.jpg,972.3706769943236,486.6790175437927,916.1310303211212,513.7383937835693,992.8534531593324,577.5125789642334,955.759106874466,586.980390548706,985.2748680114746,658.5709857940674,950.1036429405212,658.3870887756348,978.5080361366272,736.8610763549805,954.6166241168976,726.5653085708618,967.7642488479614,757.8769493103027,929.732254743576,747.8833055496216,open_video_mp_1,974.3062800168992,582.2464847564697,23.891412019729614,Forehand_Front
frame_34_trim_1.jpg,982.353355884552,486.788170337677,922.6503276824952,504.1016340255737,987.3283433914183,579.5161962509155,949.6558356285096,588.1039142608643,975.1593232154846,671.6649150848389,946.7443192005156,669.5858192443848,965.435712337494,749.0818881988525,937.9077625274658,721.8625593185425,964.5086240768431,772.7675199508667,932.7139973640442,748.4349966049194,open_video_mp_1,968.492089509964,583.8100552558899,27.52794981002819,Forehand_Front
frame_35_trim_1.jpg,989.3327116966248,477.6685881614685,920.965770483017,484.799554347992,984.8078894615172,580.6081438064575,945.2364552021028,586.0545587539673,974.0339612960817,675.2571487426758,945.9536337852478,669.5288562774658,964.1602611541748,754.3570470809937,932.9933643341064,743.2575035095215,964.814236164093,779.8757219314575,933.1241285800934,778.3300113677979,open_video_mp_1,965.02217233181,583.3313512802124,31.16689682006836,Forehand_Front
frame_36_trim_1.jpg,994.0028047561646,480.4693984985352,920.6287360191344,482.0999240875244,986.1279368400574,589.2591190338135,942.1190786361694,587.5775051116943,979.7276139259338,684.7100639343262,945.7294738292694,683.1922578811646,965.7615208625792,755.5612945556641,943.06800365448,777.1429681777954,970.228009223938,781.8591451644897,940.244756937027,799.3425798416138,open_video_mp_1,964.1235077381134,588.4183120727539,22.69351720809925,Forehand_Front
frame_37_trim_1.jpg,998.2975721359252,478.9870238304138,925.5845522880554,478.30894947052,995.6849527359008,590.8592224121094,946.8159806728364,588.5335493087769,1005.4381918907166,687.2634840011597,947.777259349823,689.2551946640015,996.1536741256714,758.7591409683228,943.8425421714784,780.3295373916626,1004.7256779670716,794.0227842330933,939.3377113342284,808.7082147598267,open_video_mp_1,971.2504667043686,589.6963858604431,52.311131954193,Forehand_Front
frame_38_trim_1.jpg,1013.6730074882508,483.6568856239319,932.2547078132628,482.4058246612549,1005.9347987174988,603.2533359527588,965.5372071266174,600.3330135345459,1038.6465692520142,703.7124586105347,952.4196207523346,700.9659624099731,1068.040690422058,792.955174446106,943.9670526981354,784.3868637084961,1071.211633682251,828.1316947937012,935.5680513381958,811.7680597305298,open_video_mp_1,985.7360029220581,601.7931747436523,124.07363772392273,Forehand_Front
frame_39_trim_1.jpg,1038.450038433075,524.0528607368469,975.4881048202516,506.370108127594,1054.2483687400818,615.2378511428833,1011.2394905090332,611.8230104446411,1063.1969285011292,710.5687856674194,990.3201842308044,697.8452205657959,1080.5580735206604,811.2872314453125,974.1083908081056,784.2164993286133,1067.9780507087708,817.9042720794678,937.9712736606598,809.7769260406494,open_video_mp_1,1032.7439296245575,613.5304307937622,106.44968271255482,Forehand_Front
frame_4_trim_1.jpg,873.882337808609,544.7001266479492,977.6002216339112,545.0702285766602,899.3424594402313,608.95676612854,984.1660118103028,612.4177646636963,847.7169299125671,638.2599639892578,1027.405970096588,650.4554414749146,830.5059254169464,704.0616846084595,1064.5920205116272,709.206919670105,809.5427405834198,713.1405639648438,1075.821034908295,711.8148899078369,open_video_mp_1,941.754235625267,610.6872653961182,234.0860950946808,Forehand_Front
frame_40_trim_1.jpg,1042.4360156059265,555.7160091400146,996.8700838088988,529.0873432159424,1045.363371372223,614.2988538742065,1032.324469089508,608.6269474029541,1055.2669048309326,682.8776502609253,1059.4413137435913,683.2200574874878,1061.4202570915222,788.4521627426147,1081.7000436782837,763.8339853286743,1028.3143997192385,812.0227146148682,1069.5082640647888,790.3051900863647,open_video_mp_1,1038.8439202308655,611.4629006385803,20.279786586761475,Forehand_Front
frame_41_trim_1.jpg,1047.8781867027285,544.8798274993896,1014.0608406066896,523.9616990089417,1089.1209530830383,613.5250806808472,1064.304759502411,607.1770668029785,1094.330711364746,700.4632091522217,1083.9688110351562,695.8869218826294,1112.3360919952393,784.7982978820801,1110.9799575805664,778.1743860244751,1098.7805914878843,821.7975282669067,1102.1394538879397,802.6137018203735,open_video_mp_1,1076.7128562927246,610.3510737419128,1.3561344146728516,Forehand_Front
frame_42_trim_1.jpg,1030.174419879913,535.5464506149292,1035.3544473648071,497.8865337371826,1094.1219806671145,613.8040733337402,1090.9383249282837,600.6692314147949,1075.0270175933838,706.271071434021,1081.4664006233215,693.2667827606201,1090.9968638420105,810.1321840286255,1111.2632203102112,776.8331336975098,1067.3918414115906,845.0154447555542,1087.9463815689087,801.7667055130005,open_video_mp_1,1092.530152797699,607.2366523742676,20.266356468200684,Forehand_Front
frame_43_trim_1.jpg,1024.2738819122314,506.69814348220825,1052.487998008728,474.26832914352417,1091.5224838256836,611.3067770004272,1102.2210597991943,599.3730354309082,1068.6739563941956,704.7999477386475,1076.8685841560364,692.6666784286499,1088.796579837799,814.4174671173096,1091.3019633293152,792.8886127471924,1061.973249912262,847.8730869293213,1063.120756149292,805.8800506591797,open_video_mp_1,1096.871771812439,605.3399062156677,2.5053834915161133,Forehand_Front
frame_44_trim_1.jpg,1020.536515712738,485.9356927871704,1076.527910232544,467.8738164901733,1070.2162671089172,602.9276609420776,1099.0720558166504,592.1260976791382,1035.750584602356,701.3710498809814,1089.8178839683533,691.6215705871582,1080.4238748550415,798.4998846054077,1136.840214729309,785.8239984512329,1054.0609622001648,833.7986707687378,1116.832823753357,800.5108451843262,open_video_mp_1,1084.6441614627838,597.5268793106079,56.41633987426758,Forehand_Front
frame_45_trim_1.jpg,1018.9887714385986,465.0468325614929,1079.0834259986875,465.7052111625672,1049.9645709991455,584.4529342651367,1088.9121198654177,582.1699571609497,1023.4646916389464,692.2287559509277,1081.94885969162,690.1687002182007,1031.3170051574707,792.8647470474243,1101.3428735733032,789.9074459075928,994.3991470336914,821.9257736206055,1080.0341963768003,801.4944267272949,open_video_mp_1,1069.4383454322815,583.3114457130432,70.02586841583252,Forehand_Front
frame_46_trim_1.jpg,1003.2098174095154,460.52703619003296,1075.0119471549988,470.8919095993042,1027.412531375885,589.0200424194336,1073.4434938430786,584.2896509170532,1015.8332061767578,691.7907810211182,1075.9082794189453,690.0052070617676,1008.8301682472228,789.8025941848755,1094.6641063690186,790.8633852005005,990.5485987663268,794.2575073242188,1082.5455260276794,802.7699041366577,open_video_mp_1,1050.4280126094818,586.6548466682434,85.83393812179577,Forehand_Front
frame_47_trim_1.jpg,985.337302684784,460.1786494255066,1059.6084213256836,465.8411931991577,1005.3311610221864,587.5901460647583,1054.3562197685242,582.2514152526855,1006.9751715660096,687.0461225509644,1066.4558339118958,680.4428768157959,1007.4639868736268,784.263391494751,1135.9560823440552,758.1980085372925,996.6274189949036,791.4654302597046,1149.3880462646484,778.3497333526611,open_video_mp_1,1029.8436903953552,584.9207806587219,128.49209547042835,Forehand_Front
frame_48_trim_1.jpg,971.4397954940796,462.58124351501465,1050.1460313796997,463.2301545143128,999.180474281311,582.6670455932617,1040.3983283042908,574.8290252685547,1001.2377429008484,681.0995244979858,1063.2062578201294,670.7085037231445,1005.9093737602234,779.8431491851807,1068.422474861145,760.0864410400391,997.2880578041076,788.6607122421265,1105.45823097229,778.7544536590576,open_video_mp_1,1019.7894012928009,578.7480354309082,62.51310110092163,Forehand_Front
frame_49_trim_1.jpg,974.9338817596436,469.0251660346985,1047.35830783844,466.70180082321167,999.66805934906,583.0285978317261,1041.540195941925,576.0754442214966,1003.9990162849426,677.9989767074585,1060.578875541687,669.3095541000366,1008.3565258979796,775.137095451355,1063.3873081207275,756.1160802841187,994.6543192863464,787.4306583404541,1077.375032901764,767.2897911071777,open_video_mp_1,1020.6041276454926,579.5520210266113,55.030782222747916,Forehand_Front
frame_5_trim_1.jpg,1094.6316075325012,495.3679418563843,1163.3957624435425,488.7196397781372,1111.6790413856506,598.286280632019,1141.46653175354,598.0588483810425,1068.0788278579712,644.6147441864014,1199.7636008262634,648.7098360061646,1076.430003643036,718.5593891143799,1241.400966644287,711.5524196624756,1010.8796453475952,724.178581237793,1242.1008706092834,721.9912767410278,open_video_mp_1,1126.5727865695953,598.1725645065308,164.97096300125122,Forehand_Front
frame_50_trim_1.jpg,1014.5211553573608,482.3412561416626,1107.444350719452,481.2565207481384,1032.4426746368408,588.8296937942505,1091.5384769439695,586.2591743469238,1019.8359966278076,661.164059638977,1123.05650472641,659.5428705215454,1016.3570833206176,747.3544836044312,1139.876344203949,736.3678169250488,992.9898047447203,754.5878887176514,1143.0386757850647,749.6009540557861,open_video_mp_1,1061.9905757904053,587.5444340705872,123.51926088333141,Forehand_Front
frame_51_trim_1.jpg,1039.5656609535215,472.9492115974426,1092.4957060813904,473.7775087356568,1043.2967734336853,586.3552141189575,1045.6362795829773,585.5514907836914,1035.436053276062,666.3467454910278,1043.0380129814148,663.618974685669,1035.5081248283386,750.918025970459,1029.909200668335,740.056300163269,1034.9647688865662,768.0200290679932,1010.6291890144348,755.587363243103,open_video_mp_1,1044.4665265083313,585.9533524513245,5.598924160003662,Forehand_Front
frame_52_trim_1.jpg,1074.1682076454165,473.4471130371094,1020.559582710266,473.481023311615,1060.88725566864,582.2278642654419,1032.1102023124697,582.8187370300293,1046.743700504303,666.6696405410767,1035.2363443374634,665.536150932312,1039.7587060928345,747.8720283508301,1034.8377466201782,740.788950920105,1040.774371623993,763.8896369934082,1025.7374572753906,754.9320268630981,open_video_mp_1,1046.4987289905548,582.5233006477356,4.92095947265625,Forehand_Front
frame_53_trim_1.jpg,1075.951337814331,474.110107421875,1010.196452140808,474.360408782959,1060.51100730896,582.2976779937744,1031.9293570518494,582.9272603988647,1053.0100297927856,663.110556602478,1044.5932412147522,664.2209672927856,1043.466649055481,743.1120014190674,1043.3643341064453,740.5357646942139,1051.1327862739563,761.0282182693481,1049.466323852539,756.988673210144,open_video_mp_1,1046.2201821804047,582.6124691963196,0.10231494903564453,Forehand_Front
frame_54_trim_1.jpg,1012.0682621002196,474.33963775634766,1063.4569191932678,473.2076954841614,1035.8453130722046,581.0902309417725,1035.022897720337,578.0742359161377,1045.3226709365845,657.6877450942993,1045.760533809662,651.9640684127808,1041.6857743263245,733.2948589324951,1091.09876871109,712.8641414642334,1045.2419877052307,749.7542190551758,1064.7908067703247,741.3648748397827,open_video_mp_1,1035.4341053962708,579.5822334289551,49.412994384765625,Forehand_Front
frame_55_trim_1.jpg,1005.4206609725952,474.343466758728,1069.8409414291382,472.5568175315857,1030.358340740204,576.3254833221436,1054.8224806785583,573.1339311599731,1039.7726488113403,649.0044593811035,1059.2154622077942,648.3037519454956,1039.2270374298096,729.2856311798096,1083.8297939300537,724.4150876998901,1039.1001176834106,743.095006942749,1071.6132044792175,739.6535205841064,open_video_mp_1,1042.590410709381,574.7297072410583,44.60275650024414,Forehand_Front
frame_56_trim_1.jpg,1072.0420455932615,473.1150913238525,1025.0012612342834,472.4173998832703,1058.1915950775146,570.426983833313,1041.0468697547913,571.4871978759766,1073.9386653900146,646.3425159454346,1040.100405216217,644.8732280731201,1103.6470103263855,718.2659721374512,1042.506754398346,723.141655921936,1107.4046754837036,738.994460105896,1028.184096813202,741.9973945617676,open_video_mp_1,1049.619232416153,570.9570908546448,61.14025592803955,Forehand_Front
frame_57_trim_1.jpg,1060.1907348632812,472.0461964607239,1087.0544576644895,474.8952627182007,1052.7485013008118,572.6034307479858,1075.5131673812866,572.5466775894165,1056.4832019805908,648.63844871521,1081.1073756217957,645.0497817993164,1057.1095991134644,725.1733875274658,1106.5848231315613,717.6541709899902,1030.9833025932312,740.2363157272339,1094.9268651008606,732.5768947601318,open_video_mp_1,1064.1308343410492,572.5750541687012,49.475224018096924,Forehand_Front
frame_58_trim_1.jpg,1075.9103298187256,476.3277816772461,1080.6183552742004,474.7466135025024,1062.7398943901062,574.0186405181885,1071.2507963180542,573.3166217803955,1080.5898547172546,644.2385053634644,1033.9682745933533,646.1663818359375,1115.079629421234,717.1823120117188,1022.4595856666564,721.0753059387207,1085.0777697563171,742.94677734375,996.1105132102966,732.8538942337036,open_video_mp_1,1066.9953453540802,573.667631149292,92.62004375457752,Forehand_Front
frame_59_trim_1.jpg,1020.5279040336608,476.0951042175293,1067.8705072402954,475.4280972480774,1020.4194378852844,574.877438545227,1050.3253388404846,573.3968734741211,1011.4531421661376,648.0321025848389,1057.9059743881226,643.2030487060547,1017.889757156372,723.9463758468628,1096.7383933067322,708.7208461761475,990.256724357605,741.0611772537231,1066.7994809150696,725.8037042617798,open_video_mp_1,1035.3723883628845,574.1371560096741,78.84863615036022,Forehand_Front
frame_6_trim_1.jpg,1088.7683868408203,497.63442277908325,1149.1702938079834,489.3144202232361,1107.4195408821106,594.3276166915894,1139.0281963348389,588.4431219100952,1073.5276627540588,648.813533782959,1190.7708549499512,645.8837175369263,1055.861828327179,725.7515144348145,1232.8164553642273,710.994381904602,1006.3672280311584,737.5002574920654,1236.0129261016846,721.5817832946777,open_video_mp_1,1123.2238686084747,591.3853693008423,176.95462703704834,Forehand_Front
frame_60_trim_1.jpg,1128.0934143066406,480.4863667488098,1127.60183095932,480.2436709403992,1132.5675916671753,579.1889476776123,1127.2811484336853,577.1982860565186,1122.9845356941223,641.6643667221069,1110.4544401168823,638.6527252197266,1121.142661571503,708.9013862609863,1083.0062508583069,712.3255109786987,1085.1986408233645,725.1353073120117,1044.1057586669922,721.3825702667236,open_video_mp_1,1129.9243700504303,578.1936168670654,38.13641071319603,Forehand_Front
frame_61_trim_1.jpg,1140.153148174286,473.7880778312683,1159.9691343307495,474.4336318969727,1140.221836566925,578.1443643569946,1155.2746415138245,576.191258430481,1097.2480201721191,636.9962882995605,1147.2011923789978,639.4117593765259,1089.2420291900637,704.8333072662354,1192.4679708480835,701.7186498641968,1082.4575638771057,719.8392200469971,1173.1307530403135,724.5674085617065,open_video_mp_1,1147.7482390403748,577.1678113937378,103.22594165801979,Forehand_Front
frame_62_trim_1.jpg,1154.3894839286804,473.5491585731506,1186.292371749878,474.62348222732544,1161.7223286628723,577.6266098022461,1185.092580318451,576.237154006958,1136.3553977012634,638.3558464050293,1189.382939338684,640.7139873504639,1123.6141109466553,706.3314962387085,1206.2033939361572,707.8403854370117,1092.020833492279,720.8423662185669,1179.852373600006,724.3687725067139,open_video_mp_1,1173.4074544906616,576.931881904602,82.58928298950195,Forehand_Front
frame_63_trim_1.jpg,1162.0114350318909,471.8744158744812,1198.9750170707705,474.8047828674317,1176.0996294021606,574.2478561401367,1200.3413009643557,573.7861204147339,1157.9297041893003,636.4427614212036,1195.9930181503296,640.1082706451416,1142.3785495758057,708.7804317474365,1207.325782775879,710.3234148025513,1108.1069374084473,721.2539052963257,1180.84046125412,723.5623741149902,open_video_mp_1,1188.220465183258,574.0169882774353,64.94723320007324,Forehand_Front
frame_64_trim_1.jpg,1163.685586452484,471.4356279373169,1212.4723887443542,478.2430171966553,1178.913905620575,572.7816104888916,1208.5240364074707,573.8559341430664,1160.6081414222715,633.7809228897095,1203.8867497444153,640.0869750976562,1161.4771008491516,707.3478603363037,1205.9583711624146,711.3740825653076,1131.927456855774,721.2627172470093,1185.2938270568848,721.3625335693359,open_video_mp_1,1193.7189710140228,573.318772315979,44.48127031326294,Forehand_Front
frame_65_trim_1.jpg,1166.4239978790283,470.4637169837952,1210.4560256004331,478.1745409965515,1177.4131155014038,572.471513748169,1204.8191690444946,573.6349534988403,1150.3386116027832,627.9748964309692,1202.552349567413,639.4134902954102,1160.295557975769,706.8284797668457,1206.6625809669497,711.7831039428711,1131.225502490997,724.6978044509888,1184.3344449996948,721.4959192276001,open_video_mp_1,1191.1161422729492,573.0532336235046,46.36702299118065,Forehand_Front
frame_66_trim_1.jpg,1155.654375553131,470.9572124481201,1199.632580280304,477.58718252182007,1167.4275660514832,573.2229948043823,1196.9422507286072,573.9186668395996,1141.077365875244,631.4932775497437,1199.6427297592163,639.0859794616699,1138.7689232826233,708.7210559844971,1206.6604280471802,712.0125818252563,1108.4664750099182,726.3235569000244,1180.9948563575745,722.4497604370117,open_video_mp_1,1182.1849083900452,573.570830821991,67.89150476455688,Forehand_Front
frame_67_trim_1.jpg,1141.7992091178894,471.375150680542,1180.234055519104,476.5584659576416,1155.3039622306824,573.7850189208984,1182.940583229065,573.9831829071045,1132.4888563156128,631.8568229675293,1191.2738180160522,639.6875524520874,1133.4237360954285,712.3711967468262,1204.7599124908447,712.0003080368042,1101.8930983543396,727.6379537582397,1179.3688893318176,723.4799718856812,open_video_mp_1,1169.1222727298737,573.8841009140015,71.33617639541626,Forehand_Front
frame_68_trim_1.jpg,1123.37975025177,471.6418170928955,1148.410313129425,473.4989619255066,1149.1434335708618,575.0535202026367,1174.294764995575,574.0524196624756,1127.671339511871,634.3911504745483,1181.6899418830872,639.7484493255615,1131.9747185707092,713.8527584075928,1201.221640110016,710.6198740005493,1101.1592602729795,728.4601926803589,1177.2292971611023,724.027624130249,open_video_mp_1,1161.7190992832184,574.5529699325562,69.24692153930687,Forehand_Front
frame_69_trim_1.jpg,1107.264633178711,474.6811270713806,1132.3735213279724,472.7093744277954,1146.631796360016,575.3983926773071,1170.155417919159,573.3981323242188,1126.2840390205383,635.0952672958374,1181.9711542129517,636.3897323608398,1131.8814253807068,714.7132349014282,1203.668177127838,701.4094972610474,1099.6432971954346,729.2237377166748,1179.2352032661438,720.9879207611084,open_video_mp_1,1158.3936071395874,574.3982625007629,71.78675174713112,Forehand_Front
frame_7_trim_1.jpg,1111.9478487968445,505.7253408432007,1157.9647660255432,496.4134168624878,1156.5197467803955,599.3998908996582,1185.7855129241943,593.3426713943481,1112.4075484275818,651.5922355651855,1199.8642754554749,653.0892181396484,1112.8607892990112,732.3042488098145,1233.4563851356506,709.0724849700928,1079.0051007270813,748.4915924072266,1220.9712958335876,722.424111366272,open_video_mp_1,1171.152629852295,596.3712811470032,120.5955958366394,Forehand_Front
frame_70_trim_1.jpg,1106.1725902557373,494.5357632637024,1137.1031785011292,490.3560137748718,1152.1109771728516,594.7037506103516,1178.5564184188845,581.1814451217651,1119.6359252929688,651.4129018783569,1189.3811964988708,633.7859582901001,1126.9626188278198,727.3874950408936,1218.432388305664,690.7267904281616,1092.9689383506775,744.7164058685303,1196.9590640068054,709.6466255187988,open_video_mp_1,1165.333697795868,587.9425978660583,91.46976947784424,Forehand_Front
frame_71_trim_1.jpg,1118.056092262268,492.1441054344177,1140.056984424591,488.91347646713257,1158.4967422485352,591.0503578186035,1184.5705485343933,579.4533586502075,1125.8928227424622,646.5829038619995,1197.1900415420532,635.4806327819824,1130.420002937317,726.2683248519897,1223.7464094161987,693.6131763458252,1095.679669380188,740.2382040023804,1209.387664794922,711.5606546401978,open_video_mp_1,1171.5336453914642,585.2518582344055,93.32640647888184,Forehand_Front
frame_72_trim_1.jpg,1146.460485458374,490.45947551727295,1167.501790523529,486.7418026924133,1173.763198852539,588.2442235946655,1196.146490573883,580.7017707824707,1142.410228252411,646.3515377044678,1204.0825629234314,638.3179759979248,1132.819483280182,722.4824380874634,1231.5199875831604,697.2860288619995,1097.0704555511477,735.355281829834,1210.3219294548037,714.013261795044,open_video_mp_1,1184.954844713211,584.4729971885681,98.70050430297829,Forehand_Front
frame_73_trim_1.jpg,1155.9967923164368,487.9208469390869,1183.80277633667,485.4593229293823,1177.6643919944763,587.1913003921509,1201.6891312599182,580.5447292327881,1154.6999144554138,645.5609798431396,1206.616652011871,640.4025793075562,1134.9928045272827,722.1668863296509,1232.1870851516724,699.0217733383179,1099.233627319336,732.8971147537231,1210.6831073760986,714.7555112838745,open_video_mp_1,1189.6767616271973,583.8680148124695,97.19428062438965,Forehand_Front
frame_74_trim_1.jpg,1155.3438425064087,486.29034757614136,1185.4181838035583,484.6225810050965,1174.36283826828,586.6193628311157,1198.4613919258118,580.4190015792847,1149.7015523910522,645.1622915267944,1207.730941772461,640.64621925354,1134.1889452934265,721.9383525848389,1232.7718591690063,699.2924785614014,1099.3970441818235,732.6895093917847,1210.4426980018616,715.1719284057617,open_video_mp_1,1186.412115097046,583.5191822052002,98.58291387557983,Forehand_Front
frame_75_trim_1.jpg,1151.1521077156067,485.6797790527344,1179.9726295471191,484.3047738075256,1171.251049041748,585.7756185531616,1194.6565675735474,581.1352872848511,1143.4142065048218,644.6734380722046,1210.4730439186096,640.7771396636963,1133.389904499054,721.4532232284546,1232.6085448265076,699.5628690719604,1098.6555171012878,732.25830078125,1211.53217792511,715.6593132019043,open_video_mp_1,1182.9538083076477,583.4554529190063,99.21864032745361,Forehand_Front
frame_76_trim_1.jpg,1145.8428025245669,485.4966163635254,1175.473027229309,484.6922373771668,1168.2259917259216,585.8570241928101,1192.127604484558,581.9018745422363,1137.4144291877749,644.4554996490479,1208.6041045188904,640.9525394439697,1132.9239511489868,721.0399007797241,1231.9320154190063,700.3020238876343,1098.2124257087708,732.1584320068359,1213.4096264839172,715.6918859481812,open_video_mp_1,1180.1767981052399,583.8794493675232,99.00806427001953,Forehand_Front
frame_77_trim_1.jpg,1124.1850447654724,526.5738654136658,1170.8559370040894,526.1890506744385,1169.8003911972046,599.7086763381958,1200.5445981025696,595.7292938232422,1130.7993268966677,644.1920328140259,1209.900982379913,643.4496259689331,1132.5458574295044,720.7290172576904,1231.4297699928284,699.3242645263672,1098.146402835846,732.773380279541,1217.8302884101868,715.2833890914917,open_video_mp_1,1185.172494649887,597.718985080719,98.88391256332397,Forehand_Front
frame_78_trim_1.jpg,1118.9304852485657,527.8980445861816,1168.4439492225647,528.518500328064,1170.456519126892,601.4876937866211,1201.9011425971985,596.046314239502,1129.2387676239014,644.0635251998901,1210.950787067413,644.0835618972778,1132.2086691856384,720.684642791748,1234.0904712677002,699.9362754821777,1098.3584141731262,733.2820081710815,1217.9252219200134,713.8473033905029,open_video_mp_1,1186.1788308620453,598.7670040130615,101.88180208206177,Forehand_Front
frame_79_trim_1.jpg,1117.1902084350586,528.1808400154114,1161.3545894622805,526.9421577453613,1172.3849201202393,600.1822137832642,1201.8838167190552,594.4318389892578,1128.91254901886,644.0805196762085,1210.4552054405212,644.0419149398804,1131.9560599327087,720.6485557556152,1233.9646792411804,700.2927398681641,1098.4454536437988,733.3789920806885,1220.3347492218018,712.7792739868164,open_video_mp_1,1187.1343684196472,597.307026386261,102.00861930847168,Forehand_Front
frame_8_trim_1.jpg,1110.1047444343567,515.345709323883,1156.171588897705,505.4188108444214,1159.3920493125916,592.2516679763794,1188.1239938735962,585.5946588516235,1104.3982768058777,647.7394199371338,1207.9253196716309,645.2094984054565,1109.770426750183,727.6067972183228,1235.2708864212036,708.0649328231812,1081.8731999397278,751.0321617126465,1220.7431888580322,720.3700351715088,open_video_mp_1,1173.7580215930939,588.9231634140015,125.50045967102051,Forehand_Front
frame_80_trim_1.jpg,1116.135892868042,524.2817878723145,1154.6585988998413,521.0764670372009,1170.6640195846558,594.0077638626099,1197.541890144348,589.141731262207,1115.6649160385132,647.6147413253784,1206.906270980835,643.7213277816772,1123.8958358764648,723.6435174942017,1233.7267303466797,703.9359045028687,1094.0631341934204,743.216381072998,1218.185315132141,716.0259532928467,open_video_mp_1,1184.102954864502,591.5747475624084,109.83089447021484,Forehand_Front
frame_81_trim_1.jpg,1117.7419710159302,525.8716106414795,1156.3620710372925,519.4526290893555,1176.3731527328491,593.6579084396362,1203.6659216880798,589.2390298843384,1122.329740524292,647.2418069839478,1206.3111424446106,642.4752235412598,1127.2748947143557,722.1270227432251,1233.294916152954,703.5842132568359,1095.1883935928345,738.8506889343262,1216.9083261489868,714.9990463256836,open_video_mp_1,1190.0195372104645,591.4484691619873,106.0200214385984,Forehand_Front
frame_82_trim_1.jpg,1123.2756924629211,526.8347096443176,1164.000322818756,519.1246461868286,1177.759530544281,596.7819023132324,1207.1810245513916,591.369948387146,1123.63543510437,646.7686891555786,1206.5051102638245,642.6431226730347,1129.2912578582764,721.8465614318848,1232.8123545646667,703.7153434753418,1097.3333168029783,736.4046382904053,1217.1906661987305,713.6871147155762,open_video_mp_1,1192.4702775478363,594.0759253501892,103.52109670639038,Forehand_Front
frame_83_trim_1.jpg,1133.7834787368774,513.5566997528076,1168.1415152549744,510.47561168670654,1185.67786693573,586.5747261047363,1208.495228290558,582.2995662689209,1141.7352366447449,643.0100774765015,1203.300335407257,635.3504991531372,1130.4176449775696,719.0689611434937,1232.5190448760986,696.255030632019,1098.4801054000854,734.3347215652466,1216.5556573867798,710.5111932754517,open_video_mp_1,1197.086547613144,584.4371461868286,102.10139989852905,Forehand_Front
frame_84_trim_1.jpg,1137.9169821739197,522.9357099533081,1177.820529937744,512.7076053619385,1185.489947795868,596.8367147445679,1210.6877207756042,590.5723094940186,1166.7351460456848,660.6056022644043,1202.60155916214,645.8691358566284,1209.3422484397888,719.0788221359253,1228.4301376342771,697.3588848114014,1181.7576050758362,738.9031410217285,1216.2746500968933,710.9515810012817,open_video_mp_1,1198.088834285736,593.7045121192932,19.087889194488298,Forehand_Front
frame_85_trim_1.jpg,1134.177463054657,520.3746843338013,1178.1220412254331,506.8360924720764,1175.4834842681885,596.060266494751,1203.6409068107605,590.165228843689,1143.8177251815796,656.266713142395,1202.5687527656555,645.8028364181519,1175.9705567359924,697.6567602157593,1227.100555896759,698.2080316543579,1167.9418063163755,730.8381605148315,1215.703511238098,711.3079404830933,open_video_mp_1,1189.5621955394745,593.11274766922,51.1299991607666,Forehand_Front
frame_86_trim_1.jpg,1105.225715637207,522.9566383361816,1157.1998643875122,506.89247846603394,1146.6718816757202,596.6485166549683,1177.5544905662537,591.0073471069336,1095.649733543396,648.6772108078003,1197.4604892730713,645.4148483276367,1094.906976222992,699.7247886657715,1225.2293610572815,697.7250003814697,1068.26397895813,725.1714992523193,1214.0394067764282,709.4527101516724,open_video_mp_1,1162.113186120987,593.8279318809509,130.32238483428955,Forehand_Front
frame_87_trim_1.jpg,1091.1322927474976,515.1871466636658,1139.3395495414734,500.7244801521301,1138.1163835525513,591.7450332641602,1164.1925477981567,586.7505979537964,1092.8405833244324,644.1372203826904,1174.5262551307678,637.8873443603516,1090.5968308448792,704.2841863632202,1200.7700395584106,693.471188545227,1059.707968235016,726.528434753418,1190.5278825759888,702.9593515396118,open_video_mp_1,1151.154465675354,589.2478156089783,110.1732087135315,Forehand_Front
frame_88_trim_1.jpg,1101.7996001243591,514.9814033508301,1139.1162610054016,503.3432817459106,1147.9773712158203,589.8822498321533,1168.961162567139,586.5412092208862,1106.4533925056458,641.9858455657959,1151.9394612312317,636.1000394821167,1102.5976157188416,706.9005489349365,1174.625494480133,694.7266817092896,1068.4768104553225,726.6281986236572,1152.091088294983,705.2209281921387,open_video_mp_1,1158.4692668914795,588.2117295265198,72.0278787612915,Forehand_Front
frame_89_trim_1.jpg,1106.2660884857178,515.5841302871704,1143.600792884827,505.6315302848816,1152.571702003479,594.1381072998047,1170.7977056503296,591.505537033081,1108.4020924568176,645.7387924194336,1145.9288167953491,637.028021812439,1120.6008434295654,713.4255361557007,1172.1089363098145,695.2749109268188,1092.132785320282,732.8114604949951,1148.0367302894592,706.0689735412598,open_video_mp_1,1161.6847038269043,592.8218221664429,51.50809288024902,Forehand_Front
frame_9_trim_1.jpg,1105.5514216423037,525.7297539710999,1121.1694192886353,523.4541988372803,1154.4483304023745,610.078296661377,1170.9238052368164,610.0352334976196,1087.730782032013,654.1853094100952,1195.03671169281,668.8499164581299,1072.926485538483,737.2110366821289,1251.0091400146484,721.0567378997803,1046.249554157257,740.3742122650146,1244.2306208610537,735.0665330886841,open_video_mp_1,1162.6860678195953,610.0567650794983,178.08265447616554,Forehand_Front
frame_90_trim_1.jpg,1107.700343132019,485.1517701148987,1146.0643482208252,482.727906703949,1156.5695714950562,574.7871160507202,1177.8066897392273,570.6378412246704,1126.326174736023,642.203574180603,1182.9729795455933,631.5793514251709,1123.7937259674072,730.9268045425415,1202.3193216323853,689.491753578186,1091.2584948539734,739.4913911819458,1182.9217195510864,705.5312347412109,open_video_mp_1,1167.1881306171417,572.7124786376953,78.52559566497803,Forehand_Front
frame_91_trim_1.jpg,1133.255500793457,479.4764018058777,1166.5987944602966,480.3136420249939,1177.8913712501526,571.0284519195557,1202.3749899864197,568.2624435424805,1151.2916374206543,638.1089544296265,1195.5936002731323,630.7378625869751,1155.8667969703674,727.72780418396,1227.977101802826,693.1084823608398,1127.6264357566831,747.9698514938354,1208.1822347640991,715.8390665054321,open_video_mp_1,1190.1331806182861,569.6454477310181,72.1103048324585,Forehand_Front
frame_92_trim_1.jpg,1177.7053999900818,510.2905869483948,1203.66069316864,513.2132697105408,1206.8282532691956,601.5110349655151,1229.6696043014526,601.9731903076172,1155.5978870391846,660.8166694641113,1217.5946974754331,646.7491245269775,1171.6971135139463,740.5669736862183,1236.6118478775024,706.3692092895508,1139.4682121276855,756.4005279541016,1219.5445251464844,725.1163721084595,open_video_mp_1,1218.248928785324,601.7421126365662,64.91473436355614,Forehand_Front
frame_93_trim_1.jpg,1252.2228741645813,481.536431312561,1248.0342149734497,494.6977615356445,1265.5781531333923,582.2148561477661,1265.270593166351,581.1799764633179,1237.7130150794983,640.4863452911377,1243.0710172653198,632.2954797744751,1226.5814971923828,716.4475107192993,1249.386248588562,690.0854063034058,1185.7807970046997,734.5447397232056,1223.9445805549622,700.3655958175659,open_video_mp_1,1265.4243731498718,581.697416305542,22.8047513961792,Forehand_Front
frame_94_trim_1.jpg,1340.3339862823486,474.0516757965088,1301.8069744110107,487.34675884246826,1327.2353148460388,571.7465209960938,1309.839107990265,572.6659536361694,1298.9769101142883,628.3138942718506,1294.962124824524,632.293643951416,1345.6571316719055,684.9165153503418,1318.29731464386,696.8120718002319,1340.6353950500488,718.3483219146729,1293.8864850997925,720.2803945541382,open_video_mp_1,1318.5372114181519,572.2062373161316,27.359817028045427,Forehand_Front
frame_95_trim_1.jpg,1412.847809791565,477.98962116241455,1392.7051949501038,479.8041749000549,1386.91712141037,576.5347146987915,1371.3263940811155,575.9224939346313,1403.055613040924,637.413125038147,1355.1447415351868,633.8344764709473,1461.7043256759644,696.8714475631714,1334.5976853370669,703.2412815093994,1446.3182282447815,724.5391893386841,1300.774085521698,710.9845209121704,open_video_mp_1,1379.1217577457428,576.2286043167114,127.10664033889748,Forehand_Front
frame_96_trim_1.jpg,1463.076453208923,483.0975890159607,1447.2832489013672,477.3691391944885,1441.927092075348,572.3138952255249,1419.492847919464,573.9647197723389,1456.9572401046753,632.7041864395142,1428.3388876914978,627.9542827606201,1475.2419877052307,702.5940752029419,1445.2019906044006,682.7423763275146,1443.5145115852356,723.6722612380981,1441.732201576233,709.6053457260132,open_video_mp_1,1430.709969997406,573.1393074989319,30.039997100830078,Forehand_Front
frame_97_trim_1.jpg,1499.6955680847168,506.5920329093933,1475.094769001007,499.35794591903687,1475.430932044983,573.3012008666992,1465.7793927192688,570.4752397537231,1497.156147956848,628.6105108261108,1502.014570236206,615.44508934021,1535.599708557129,688.7504482269287,1528.1943821907043,677.2685289382935,1541.770796775818,718.3534097671509,1541.059205532074,693.827075958252,open_video_mp_1,1470.6051623821259,571.8882203102112,7.4053263664245605,Forehand_Front
frame_0_full_court.jpg,0.4596126675605774,0.4287341237068176,0.4972338378429413,0.4325988888740539,0.4495840966701507,0.5349804759025574,0.4717353284358978,0.537102997303009,0.4512819647789001,0.6003212928771973,0.5000858306884766,0.6012952327728271,0.4403878152370453,0.6903331875801086,0.4981058835983276,0.6984941959381104,0.4536498188972473,0.6977081894874573,0.5168278217315674,0.7092002630233765,Badminton full court,0.4606597125530243,0.5360417366027832,0.05771806836128229,Backhand_Mid
frame_1_full_court.jpg,0.4598166346549988,0.427319198846817,0.4971613585948944,0.4286850094795227,0.4500083327293396,0.5319252610206604,0.471668928861618,0.5343586206436157,0.4517259299755096,0.6002475023269653,0.5003717541694641,0.59979647397995,0.4408515393733978,0.6881945729255676,0.4991289675235748,0.6960798501968384,0.455221563577652,0.6975561380386353,0.5176742672920227,0.7075585722923279,Badminton full court,0.4608386307954788,0.5331419408321381,0.058277428150176946,Backhand_Mid
frame_10_full_court.jpg,0.4936505556106567,0.4415132403373718,0.5376036763191223,0.4394994080066681,0.4969852268695831,0.5428870320320129,0.514347493648529,0.5392107963562012,0.4821301400661468,0.61661696434021,0.5522673726081848,0.6078619956970215,0.4932703971862793,0.6993850469589233,0.5703675150871277,0.6783787608146667,0.4848233759403229,0.7152007818222046,0.5783811807632446,0.7025004029273987,Badminton full court,0.5056663602590561,0.5410489141941071,0.07709711790084839,Backhand_Mid
frame_100_full_court.jpg,0.4359094798564911,0.43824303150177,0.473122626543045,0.4347494840621948,0.4493845999240875,0.5327452421188354,0.4708315134048462,0.53205806016922,0.4302421808242798,0.5808544754981995,0.4836353957653045,0.5826171040534973,0.4189027845859527,0.6384938955307007,0.4814437627792358,0.648531436920166,0.4095470011234283,0.6454606652259827,0.4938268363475799,0.6493096947669983,Badminton full court,0.46010805666446686,0.5324016511440277,0.06254097819328308,Backhand_Mid
frame_101_full_court.jpg,0.4464033842086792,0.4343755841255188,0.4820214807987213,0.4338774085044861,0.4535635709762573,0.5320367217063904,0.4736059308052063,0.5312789082527161,0.4430218040943146,0.5790597796440125,0.4908462166786194,0.568247377872467,0.4418224394321441,0.6436287760734558,0.4837179780006408,0.6308716535568237,0.4371437132358551,0.6625983715057373,0.488783985376358,0.6494050025939941,Badminton full court,0.4635847508907318,0.5316578149795532,0.041895538568496704,Recovery_Ready
frame_102_full_court.jpg,0.4600710868835449,0.4333139955997467,0.4869907200336456,0.4428512752056122,0.468161791563034,0.5342850089073181,0.4890349805355072,0.5317634344100952,0.4584931135177612,0.58600252866745,0.5060351490974426,0.560765266418457,0.4620470404624939,0.6573867201805115,0.5012112855911255,0.6234705448150635,0.4441263079643249,0.6675845384597778,0.5031234622001648,0.6399995684623718,Badminton full court,0.47859838604927063,0.5330242216587067,0.03916424512863159,Recovery_Ready
frame_103_full_court.jpg,0.484205812215805,0.4320098459720611,0.5168538093566895,0.4498712718486786,0.4839538931846618,0.534830629825592,0.5067937970161438,0.5330007076263428,0.4683232009410858,0.5869117975234985,0.5303642749786377,0.5610377192497253,0.4656964540481567,0.662442147731781,0.5468513369560242,0.6209436655044556,0.4467372596263885,0.6669676899909973,0.5604942440986633,0.6117716431617737,Badminton full court,0.49537384510040283,0.5339156687259674,0.08115488290786749,Backhand_Mid
frame_104_full_court.jpg,0.5072537660598755,0.4399430155754089,0.5420606136322021,0.4569010436534881,0.5025371313095093,0.540479302406311,0.5246805548667908,0.5424063801765442,0.4815225899219513,0.5882057547569275,0.5508201718330383,0.5703452229499817,0.4687424898147583,0.6587217450141907,0.5684980750083923,0.6235696077346802,0.452189952135086,0.6614066958427429,0.5829753279685974,0.6264523267745972,Badminton full court,0.51360884308815,0.5414428412914276,0.09975558519363403,Forehand_Mid
frame_105_full_court.jpg,0.5228793621063232,0.4510715007781982,0.5585306286811829,0.4668679237365722,0.5177516341209412,0.5478062033653259,0.5381527543067932,0.5506974458694458,0.4984868764877319,0.5929182767868042,0.5657058358192444,0.5652787089347839,0.4787129759788513,0.6535016298294067,0.5743410587310791,0.6237126588821411,0.465381920337677,0.6581188440322876,0.5896320939064026,0.6300308108329773,Badminton full court,0.5279521942138672,0.5492518246173859,0.09562808275222778,Forehand_Mid
frame_106_full_court.jpg,0.5315128564834595,0.4517814218997955,0.5673114657402039,0.4753758311271667,0.5237654447555542,0.5473812818527222,0.5469104051589966,0.552557647228241,0.514674961566925,0.591507077217102,0.572920560836792,0.5620232820510864,0.4969725012779236,0.647323489189148,0.5749356746673584,0.6229792237281799,0.4859512746334076,0.6572537422180176,0.5900523662567139,0.6312342882156372,Badminton full court,0.5353379249572754,0.5499694645404816,0.07796317338943481,Forehand_Mid
frame_107_full_court.jpg,0.534210741519928,0.4504512846469879,0.5687553882598877,0.473155677318573,0.5271984338760376,0.5473265051841736,0.5497263669967651,0.5518943071365356,0.5192093849182129,0.5784538984298706,0.5741048455238342,0.5601972341537476,0.5122414231300354,0.6393613219261169,0.575412929058075,0.6233551502227783,0.5017761588096619,0.656053364276886,0.5892792344093323,0.6312525272369385,Badminton full court,0.5384624004364014,0.5496104061603546,0.06317150592803955,Recovery_Ready
frame_108_full_court.jpg,0.5293947458267212,0.4480192959308624,0.5645307898521423,0.4673808515071869,0.5242090821266174,0.5451149940490723,0.5472351908683777,0.5502782464027405,0.5141909122467041,0.5769848227500916,0.5699743032455444,0.5616447329521179,0.5139443874359131,0.6376586556434631,0.5753058195114136,0.6237220764160156,0.5027046799659729,0.6569236516952515,0.5898053050041199,0.6316113471984863,Badminton full court,0.5357221364974976,0.5476966202259064,0.06136143207550049,Recovery_Ready
frame_109_full_court.jpg,0.5204497575759888,0.4336940348148346,0.5557250380516052,0.4509027004241943,0.5173810124397278,0.5344753861427307,0.5398276448249817,0.5377376079559326,0.5045956969261169,0.5699499845504761,0.5581039190292358,0.5654826760292053,0.5085418224334717,0.6355459094047546,0.5705232620239258,0.6248349547386169,0.5028551816940308,0.6596415042877197,0.582400381565094,0.6254433989524841,Badminton full court,0.5286043286323547,0.5361064970493317,0.0619814395904541,Recovery_Ready
frame_11_full_court.jpg,0.4818068444728851,0.4661594331264496,0.5117197632789612,0.4690707623958587,0.4926126897335052,0.5632468461990356,0.515640139579773,0.5621780753135681,0.4643225073814392,0.6234245300292969,0.5139063596725464,0.603789746761322,0.475910484790802,0.7028454542160034,0.4997152984142303,0.6737787127494812,0.4645590484142303,0.7187897562980652,0.5011560320854187,0.6888230443000793,Badminton full court,0.5041264146566391,0.5627124607563019,0.02380481362342829,Recovery_Ready
frame_110_full_court.jpg,0.5016663670539856,0.431589663028717,0.5372448563575745,0.4414857029914856,0.5050230026245117,0.5314745306968689,0.5273893475532532,0.5359964370727539,0.4822641015052795,0.5717142224311829,0.5335777401924133,0.5738952159881592,0.489516407251358,0.6385325789451599,0.5486144423484802,0.6287822127342224,0.4904064536094665,0.6702873706817627,0.5448706746101379,0.639509916305542,Badminton full court,0.5162061750888824,0.5337354838848114,0.05909803509712225,Recovery_Ready
frame_111_full_court.jpg,0.497934490442276,0.434559166431427,0.5330466628074646,0.4406116902828216,0.5040187239646912,0.5335817337036133,0.5266230702400208,0.535712718963623,0.4788990914821625,0.5706222057342529,0.5349248647689819,0.57234787940979,0.4746371507644653,0.6385918855667114,0.5448090434074402,0.6306260824203491,0.4603794515132904,0.6560918092727661,0.5445245504379272,0.6387075781822205,Badminton full court,0.515320897102356,0.5346472263336182,0.07017189264297491,Recovery_Ready
frame_112_full_court.jpg,0.4854173362255096,0.4493537247180938,0.5174776315689087,0.4444878101348877,0.4959592819213867,0.5431843996047974,0.5192850828170776,0.5426576137542725,0.4646231532096863,0.5747323632240295,0.5325190424919128,0.5724162459373474,0.4533104598522186,0.6447290778160095,0.542536735534668,0.6326287984848022,0.4344344437122345,0.6518580317497253,0.5455414652824402,0.6355265378952026,Badminton full court,0.5076221823692322,0.5429210066795349,0.0892262756824494,Backhand_Mid
frame_113_full_court.jpg,0.466027557849884,0.4654516875743866,0.4918182492256164,0.4454191029071808,0.4788783192634582,0.5463302731513977,0.499961793422699,0.5439075827598572,0.4462631344795227,0.5803015232086182,0.5179058313369751,0.5809138417243958,0.4476619660854339,0.6511501669883728,0.5386730432510376,0.6334644556045532,0.4298927187919616,0.6558516025543213,0.5441979765892029,0.634140133857727,Badminton full court,0.4894200563430786,0.5451189279556274,0.0910110771656037,Backhand_Mid
frame_114_full_court.jpg,0.4480492174625397,0.4788862466812134,0.4655103087425232,0.44624063372612,0.4635235071182251,0.5493132472038269,0.4799460768699646,0.5441015958786011,0.4332253634929657,0.5905166864395142,0.4933450520038605,0.582888126373291,0.443520039319992,0.6585232615470886,0.5222709774971008,0.6190125942230225,0.4272473752498626,0.6693099141120911,0.5310658812522888,0.6309727430343628,Badminton full court,0.47173479199409485,0.546707421541214,0.07875093817710882,Backhand_Mid
frame_115_full_court.jpg,0.4324871897697449,0.4798174202442169,0.4415459632873535,0.4568570256233215,0.4519345462322235,0.5517142415046692,0.4615758061408996,0.5441821813583374,0.4226999878883362,0.597835123538971,0.4620485305786133,0.582030177116394,0.4424532651901245,0.6595934629440308,0.4903062283992767,0.5996659398078918,0.426899790763855,0.6742470860481262,0.4987649321556091,0.6176422834396362,Badminton full court,0.4567551761865616,0.5479482114315033,0.047852963209152166,Backhand_Mid
frame_116_full_court.jpg,0.4129072725772857,0.4851088225841522,0.426198810338974,0.4580575823783874,0.4405316114425659,0.550441563129425,0.4493556916713714,0.5343360900878906,0.4207415282726288,0.601134181022644,0.4329120516777038,0.5571430921554565,0.442076176404953,0.6608521938323975,0.4538785219192505,0.5870688557624817,0.4265794157981872,0.6753671765327454,0.4510580897331238,0.6062139272689819,Badminton full court,0.4449436515569687,0.5423888266086578,0.011802345514297485,Backhand_Mid
frame_117_full_court.jpg,0.3971210122108459,0.4764317870140075,0.4093341827392578,0.4508103132247925,0.4238499999046325,0.5355557203292847,0.4303926527500152,0.5185101628303528,0.4193150699138641,0.5986513495445251,0.4055258929729461,0.5001294612884521,0.4396522343158722,0.6600649952888489,0.4125337898731231,0.5083691477775574,0.425805002450943,0.6769083142280579,0.401397168636322,0.4991334676742553,Badminton full court,0.42712132632732386,0.5270329415798187,0.02711844444274908,Backhand_Mid
frame_118_full_court.jpg,0.3820821642875671,0.4565936625003814,0.3927865028381347,0.4367145895957947,0.4070213735103607,0.517074704170227,0.4101253747940063,0.5041897892951965,0.4134762585163116,0.5837418437004089,0.3876152336597442,0.5048304796218872,0.4325435757637024,0.6419443488121033,0.3889444172382355,0.5493800640106201,0.426151841878891,0.6766766905784607,0.3788734674453735,0.5466383099555969,Badminton full court,0.40857337415218353,0.5106322467327118,0.04359915852546692,Backhand_Backcourt
frame_119_full_court.jpg,0.3704481422901153,0.4373337626457214,0.3771561980247497,0.4312904477119446,0.3932321965694427,0.5101544260978699,0.3933198750019073,0.5006948709487915,0.4005407989025116,0.569942831993103,0.3708867728710174,0.4990736246109009,0.4227374196052551,0.6245793700218201,0.3675993382930755,0.537905216217041,0.4213671684265136,0.6584530472755432,0.360897809267044,0.5501263737678528,Badminton full court,0.393276035785675,0.5054246485233307,0.05513808131217962,Backhand_Backcourt
frame_12_full_court.jpg,0.3861108720302582,0.4871430695056915,0.3741936385631561,0.4932930767536163,0.3925795555114746,0.5203335285186768,0.3874193131923675,0.507378101348877,0.3900333046913147,0.5363943576812744,0.3779413402080536,0.5186924338340759,0.3768254220485687,0.5799931287765503,0.3862212002277374,0.5584051012992859,0.3714991807937622,0.5955310463905334,0.3890716433525085,0.5699487924575806,Badminton full court,0.3899994343519211,0.5138558149337769,0.009395778179168701,Backhand_Backcourt
frame_120_full_court.jpg,0.3603950440883636,0.4429866075515747,0.363285630941391,0.4439033567905426,0.3814091682434082,0.5114032030105591,0.3844513893127441,0.5027329325675964,0.3844129741191864,0.5594780445098877,0.3605014979839325,0.4973535537719726,0.4091058671474457,0.6095721125602722,0.3564868867397308,0.5442225933074951,0.4064794182777405,0.6333426833152771,0.3449306488037109,0.5513297915458679,Badminton full court,0.38293027877807617,0.5070680677890778,0.0526189804077149,Backhand_Backcourt
frame_121_full_court.jpg,0.3454993963241577,0.4478744566440582,0.3552576303482055,0.4418462812900543,0.3740912675857544,0.511530339717865,0.3820729553699493,0.5024170279502869,0.3714981079101562,0.561396062374115,0.3598854839801788,0.5017485618591309,0.4003226161003113,0.6012513637542725,0.3536885976791382,0.5463189482688904,0.4015792906284332,0.6277905702590942,0.3428731262683868,0.5510698556900024,Badminton full court,0.37808211147785187,0.5069736838340759,0.046634018421173096,Backhand_Backcourt
frame_122_full_court.jpg,0.3385001718997955,0.4502472579479217,0.3501977026462555,0.4412947595119476,0.3713173866271972,0.5054098963737488,0.3789264559745788,0.4984024167060852,0.3624138534069061,0.5601760149002075,0.355796068906784,0.4935601651668548,0.3905729353427887,0.5810882449150085,0.3545112013816833,0.5453646779060364,0.3949193060398102,0.6086806058883667,0.3446801602840423,0.5523300766944885,Badminton full court,0.375121921300888,0.501906156539917,0.0360617339611054,Backhand_Backcourt
frame_123_full_court.jpg,0.3348510563373565,0.4477522075176239,0.3492418527603149,0.4375377297401428,0.3703337013721466,0.5014185309410095,0.3767767250537872,0.495484709739685,0.3519934713840484,0.5496543645858765,0.3486062288284302,0.495017945766449,0.3827053308486938,0.5632848143577576,0.3573322892189026,0.540206253528595,0.3888862431049347,0.5925194025039673,0.348052442073822,0.5519567131996155,Badminton full court,0.3735552132129669,0.4984516203403473,0.025373041629791204,Backhand_Backcourt
frame_124_full_court.jpg,0.3366247415542602,0.4404231011867523,0.3539623916149139,0.4259550869464874,0.3705763518810272,0.4967153966426849,0.3797270953655243,0.4834910631179809,0.3469684720039367,0.5338008403778076,0.351382702589035,0.4987081885337829,0.3773910701274872,0.5514180660247803,0.3612958490848541,0.5427137613296509,0.3783174753189087,0.5752784013748169,0.347537636756897,0.5530073642730713,Badminton full court,0.37515172362327576,0.4901032298803329,0.016095221042633057,Backhand_Backcourt
frame_125_full_court.jpg,0.3394007384777069,0.4279847145080566,0.3606501817703247,0.4140054583549499,0.371976375579834,0.4898156523704529,0.3805281519889831,0.4815292954444885,0.346498966217041,0.5256024599075317,0.3536314666271209,0.5040211081504822,0.3717453181743622,0.5550129413604736,0.3618501722812652,0.5432332754135132,0.3678024113178253,0.5730097889900208,0.3531141579151153,0.5562726259231567,Badminton full court,0.37625226378440857,0.4856724739074707,0.00989514589309698,Backhand_Backcourt
frame_126_full_court.jpg,0.3445839583873749,0.4139466881752014,0.3692021071910858,0.4010981619358063,0.374061107635498,0.484495997428894,0.3843412697315216,0.4744831323623657,0.3550968170166015,0.5224940776824951,0.3600691258907318,0.5025018453598022,0.3731509149074554,0.5634889602661133,0.3606306910514831,0.5434919595718384,0.3643186688423157,0.5758455395698547,0.3479267656803131,0.5493943095207214,Badminton full court,0.3792011886835098,0.4794895648956299,0.01252022385597229,Backhand_Backcourt
frame_127_full_court.jpg,0.3486208617687225,0.4013538062572479,0.3700810372829437,0.3914203643798828,0.3743431270122528,0.4824084937572479,0.3875361382961273,0.4706457853317261,0.3643518984317779,0.5212674140930176,0.3693027198314667,0.5038456916809082,0.375081330537796,0.5675677061080933,0.3721548020839691,0.5457957983016968,0.3639883697032928,0.5746263861656189,0.3627513349056244,0.5481218099594116,Badminton full court,0.38093963265419006,0.476527139544487,0.0029265284538269043,Backhand_Backcourt
frame_128_full_court.jpg,0.3535040020942688,0.3969877660274505,0.3833841383457184,0.388135701417923,0.3768278062343597,0.4758970439434051,0.391154408454895,0.4685803353786468,0.3685495555400848,0.5152825117111206,0.3866937458515167,0.5035072565078735,0.3766284883022308,0.5665812492370605,0.3985546827316284,0.5463764071464539,0.3658836185932159,0.5750700831413269,0.3939545452594757,0.5487008094787598,Badminton full court,0.3839911073446274,0.47223868966102595,0.02192619442939764,Backhand_Backcourt
frame_129_full_court.jpg,0.3588975071907043,0.4032346606254577,0.394708514213562,0.3940593600273132,0.3799219727516174,0.4806048274040222,0.3968920707702636,0.4722495079040527,0.3702322542667389,0.5233809351921082,0.4079384207725525,0.5078127384185791,0.3791093230247497,0.5728482007980347,0.42698934674263,0.5528978109359741,0.3727522194385528,0.5864543914794922,0.4288877248764038,0.5578879714012146,Badminton full court,0.3884070217609405,0.4764271676540375,0.047880023717880305,Backhand_Backcourt
frame_13_full_court.jpg,0.3864155113697052,0.407701313495636,0.3668458163738251,0.4207738637924194,0.3910308480262756,0.4827207326889038,0.3827423453330993,0.4823642373085022,0.3973899483680725,0.5282637476921082,0.3944681882858276,0.5354669690132141,0.3891684412956238,0.5749225616455078,0.4100234806537628,0.5874454379081726,0.3846255540847778,0.5878440737724304,0.4143988490104675,0.5872320532798767,Badminton full court,0.38688659667968744,0.482542484998703,0.020855039358139038,Backhand_Backcourt
frame_130_full_court.jpg,0.3748679161071777,0.4103559851646423,0.4012949168682098,0.4159808158874511,0.3903499245643616,0.4995195269584656,0.4042853415012359,0.4913656115531921,0.3935008645057678,0.5308036804199219,0.4179186522960663,0.5260968804359436,0.3858961760997772,0.5780605673789978,0.4351634681224823,0.5757815837860107,0.3831154406070709,0.6009718179702759,0.4353472590446472,0.5777511596679688,Badminton full court,0.39731763303279877,0.49544256925582886,0.04926729202270508,Backhand_Backcourt
frame_131_full_court.jpg,0.3720093071460724,0.4276632666587829,0.4042121767997741,0.4201636910438537,0.3904159665107727,0.513289213180542,0.4087261855602264,0.5041288733482361,0.3861816823482513,0.5467195510864258,0.4209479093551636,0.5260799527168274,0.3917000889778137,0.5941430330276489,0.4367415308952331,0.5704002976417542,0.3889538943767547,0.6148927807807922,0.436078816652298,0.5749242305755615,Badminton full court,0.3995710760354996,0.508709043264389,0.04504144191741938,Backhand_Backcourt
frame_132_full_court.jpg,0.3661414682865143,0.4313758313655853,0.3968777954578399,0.4229717552661896,0.3869010508060455,0.5178027749061584,0.4042879641056061,0.5081906914710999,0.3858124613761902,0.5584127902984619,0.4180525839328766,0.5352765917778015,0.3971274197101593,0.6080232858657837,0.4354883134365082,0.5683488249778748,0.390144407749176,0.6140087842941284,0.4342754185199737,0.5728595852851868,Badminton full court,0.3955945074558258,0.5129967331886292,0.03836089372634888,Backhand_Backcourt
frame_133_full_court.jpg,0.3598702549934387,0.4309143722057342,0.3922949731349945,0.4229959845542907,0.3787257969379425,0.5171553492546082,0.3956488668918609,0.5086973905563354,0.3856748044490814,0.5613901019096375,0.4114484786987304,0.545037567615509,0.3980571925640106,0.608963131904602,0.4253186285495758,0.5865007042884827,0.3944097459316253,0.61642986536026,0.4291228652000427,0.5913111567497253,Badminton full court,0.38718733191490173,0.5129263699054718,0.027261435985565186,Backhand_Backcourt
frame_134_full_court.jpg,0.3555269539356231,0.424443781375885,0.380914032459259,0.4225563108921051,0.3701660335063934,0.5189821720123291,0.3850613236427307,0.5121632814407349,0.384314626455307,0.5632763504981995,0.4057715833187103,0.5526421666145325,0.3972834348678589,0.6121099591255188,0.4089817106723785,0.6109513640403748,0.4047140777111053,0.6211550831794739,0.4186144769191742,0.6226773262023926,Badminton full court,0.3776136785745621,0.515572726726532,0.011698275804519598,Backhand_Backcourt
frame_135_full_court.jpg,0.3494173884391784,0.4243800342082977,0.3713563978672027,0.4232757985591888,0.3604764342308044,0.5227199196815491,0.3735407590866089,0.5192692875862122,0.3799594044685364,0.5697310566902161,0.3917947113513946,0.5687552690505981,0.3835213780403137,0.6332240104675293,0.3865514993667602,0.6375245451927185,0.4000574350357055,0.6369121670722961,0.4016590118408203,0.6482853293418884,Badminton full court,0.36700859665870667,0.5209946036338806,0.0030301213264464777,Backhand_Mid
frame_136_full_court.jpg,0.3487949669361114,0.4372682273387909,0.3586387038230896,0.4392427504062652,0.3523392379283905,0.5396948456764221,0.3618887066841125,0.5407943725585938,0.3749934732913971,0.5911238789558411,0.3833981454372406,0.5994822382926941,0.3624290823936462,0.6599942445755005,0.3650956749916076,0.6716346740722656,0.376774251461029,0.6688205003738403,0.3801159560680389,0.6871443390846252,Badminton full court,0.3571139723062515,0.5402446091175079,0.0026665925979614258,Backhand_Mid
frame_137_full_court.jpg,0.3437989354133606,0.4626412093639374,0.3463604152202606,0.4718505144119262,0.3511663377285003,0.5721811056137085,0.3509020805358886,0.5757260918617249,0.3725916445255279,0.6191336512565613,0.3672937452793121,0.6471483707427979,0.3627766072750091,0.6856586337089539,0.3367964923381805,0.7157155275344849,0.3775601387023926,0.6872026920318604,0.3473857641220093,0.7451731562614441,Badminton full court,0.35103420913219446,0.5739535987377167,0.025980114936828613,Backhand_Mid
frame_138_full_court.jpg,0.3345498442649841,0.4775751829147339,0.3358329534530639,0.4921533763408661,0.3431079685688019,0.5931224822998047,0.3431234359741211,0.5975688099861145,0.3699831366539001,0.6170165538787842,0.3436842262744903,0.6790292263031006,0.3602211773395538,0.6835720539093018,0.3185659050941467,0.7555837631225586,0.3767911195755005,0.6839398741722107,0.3228216171264648,0.7705124616622925,Badminton full court,0.3431157022714615,0.5953456461429596,0.041655272245407104,Backhand_Front
frame_139_full_court.jpg,0.3274263441562652,0.4992653131484985,0.3258432149887085,0.5176767110824585,0.3325730562210083,0.61199951171875,0.3277544379234314,0.6223158836364746,0.3646811246871948,0.6316025853157043,0.3244337737560272,0.7132999897003174,0.361087292432785,0.6868411302566528,0.3060330748558044,0.7953254580497742,0.3783425390720367,0.6827321648597717,0.3142885565757751,0.8148381114006042,Badminton full court,0.33016374707221985,0.6171576976776123,0.05505421757698059,Backhand_Front
frame_14_full_court.jpg,0.3004811704158783,0.4866521060466766,0.301570862531662,0.4939063787460327,0.30146124958992,0.5755234360694885,0.3012396991252899,0.5774340033531189,0.2987986207008362,0.5591164827346802,0.2954456210136413,0.6022645831108093,0.2994731366634369,0.6080961227416992,0.305000752210617,0.6589322686195374,0.2962652444839477,0.613606870174408,0.3060088753700256,0.6746618151664734,Badminton full court,0.301350474357605,0.5764787197113037,0.00552761554718012,Backhand_Mid
frame_140_full_court.jpg,0.3190846443176269,0.5250394344329834,0.3142456710338592,0.5517305135726929,0.3225097954273224,0.6338598728179932,0.3111611306667328,0.6506056189537048,0.3448321521282196,0.6564995646476746,0.3187270760536194,0.7391659021377563,0.3460495173931122,0.6939582228660583,0.2946175336837768,0.8185340166091919,0.3409434854984283,0.6855546236038208,0.304156631231308,0.8453428149223328,Badminton full court,0.3168354630470276,0.642232745885849,0.05143198370933538,Backhand_Front
frame_141_full_court.jpg,0.3122745454311371,0.5378543138504028,0.3057572543621063,0.5704540014266968,0.3149915933609009,0.6522164344787598,0.304705262184143,0.6697793006896973,0.3473356068134308,0.6706076264381409,0.3166990280151367,0.7521779537200928,0.3534499406814575,0.7095692753791809,0.2938307523727417,0.8235526084899902,0.35837522149086,0.7012719511985779,0.3122782111167907,0.8439760804176331,Badminton full court,0.309848427772522,0.6609978675842285,0.05961918830871582,Backhand_Front
frame_142_full_court.jpg,0.2979512810707092,0.5230433344841003,0.2968123853206634,0.5542618632316589,0.3062349855899811,0.6460722088813782,0.3041076362133026,0.657991886138916,0.3421451449394226,0.6591541767120361,0.3139005005359649,0.7456513047218323,0.3289234936237335,0.7098456025123596,0.2939547598361969,0.8206825852394104,0.3442951142787933,0.7212300896644592,0.3138727247714996,0.8428810238838196,Badminton full court,0.30517131090164185,0.6520320475101471,0.03496873378753662,Backhand_Front
frame_143_full_court.jpg,0.2882714569568634,0.5057578086853027,0.2997724711894989,0.5257453918457031,0.3042793273925781,0.629706084728241,0.3089415729045868,0.6346391439437866,0.3107177019119262,0.6847818493843079,0.3097006678581238,0.7209057211875916,0.3010014593601227,0.7123152613639832,0.2985449135303497,0.8074442744255066,0.3025497198104858,0.7288174629211426,0.3162953555583954,0.8398584127426147,Badminton full court,0.30661045014858246,0.6321726143360138,0.0024565458297730047,Backhand_Front
frame_144_full_court.jpg,0.288062036037445,0.4798840582370758,0.2804895937442779,0.516171395778656,0.3050788938999176,0.620961606502533,0.3116941154003143,0.6236972212791443,0.31301149725914,0.659949779510498,0.3232687413692474,0.6978067755699158,0.2864963412284851,0.7046231031417847,0.3009414970874786,0.7746606469154358,0.2814369201660156,0.7415916323661804,0.309204488992691,0.8120344281196594,Badminton full court,0.30838650465011597,0.6223294138908386,0.014445155858993475,Backhand_Front
frame_145_full_court.jpg,0.2794984579086303,0.476042628288269,0.2788241803646087,0.4943835139274597,0.3010939657688141,0.6001585721969604,0.3144742846488952,0.5938944816589355,0.2962646186351776,0.6757640838623047,0.3327074348926544,0.6805374622344971,0.2743566334247589,0.7497120499610901,0.3111668825149536,0.7676025629043579,0.2749008536338806,0.7826672196388245,0.3207449913024902,0.7946759462356567,Badminton full court,0.3077841252088547,0.597026526927948,0.0368102490901947,Backhand_Front
frame_146_full_court.jpg,0.2689854502677917,0.49630007147789,0.2845834195613861,0.4806639552116394,0.3028956949710846,0.6024378538131714,0.3103075623512268,0.5950082540512085,0.3151990473270416,0.6937738656997681,0.2921575307846069,0.6927160024642944,0.3349128365516662,0.7582213878631592,0.2932747900485992,0.7711571455001831,0.2849646210670471,0.7963836193084717,0.2939763963222503,0.8022173047065735,Badminton full court,0.3066016286611557,0.5987230539321899,0.04163804650306702,Backhand_Front
frame_147_full_court.jpg,0.2651957273483276,0.5319288969039917,0.2909709811210632,0.4876480102539062,0.2942962348461151,0.6374298334121704,0.3145140409469604,0.621327817440033,0.2898266613483429,0.7169618010520935,0.338420957326889,0.6873818039894104,0.2849132716655731,0.8049187660217285,0.3641058504581451,0.7621176242828369,0.2820830047130584,0.8209125399589539,0.3816559612751007,0.7497578859329224,Badminton full court,0.3044051378965378,0.6293788254261017,0.07919257879257197,Backhand_Front
frame_148_full_court.jpg,0.2680253386497497,0.5618923902511597,0.2969770729541778,0.51520174741745,0.293001115322113,0.6629859209060669,0.3165065944194793,0.6457412838935852,0.2849552929401397,0.7324773073196411,0.3488025367259979,0.682866632938385,0.2800529599189758,0.8104808926582336,0.3744268119335174,0.7350323796272278,0.2780742645263672,0.8180841207504272,0.3908760845661163,0.7169753313064575,Badminton full court,0.30475385487079615,0.654363602399826,0.09437385201454163,Backhand_Front
frame_149_full_court.jpg,0.2750091552734375,0.5703034996986389,0.3155664503574371,0.5377810001373291,0.2977591156959533,0.674106776714325,0.3219005465507507,0.6610252857208252,0.2850522696971893,0.7344305515289307,0.3537991940975189,0.6658368706703186,0.2805069386959076,0.814327597618103,0.3765137493610382,0.7122528553009033,0.2776341736316681,0.812738299369812,0.3890531957149505,0.6920280456542969,Badminton full court,0.309829831123352,0.6675660312175751,0.09600681066513062,Backhand_Front
frame_15_full_court.jpg,0.2351693958044052,0.5443828701972961,0.2582643330097198,0.527296781539917,0.267751544713974,0.633445680141449,0.2743437588214874,0.6258918642997742,0.2891049981117248,0.5853284001350403,0.2685202658176422,0.5785843133926392,0.3134275078773498,0.5363937020301819,0.2533671259880066,0.5670771598815918,0.3154241442680359,0.505228579044342,0.241187497973442,0.5527544617652893,Badminton full court,0.2710476517677307,0.6296687722206116,0.060060381889343206,Backhand_Front
frame_150_full_court.jpg,0.2863859236240387,0.5502038598060608,0.3362924456596374,0.5382686853408813,0.3033232986927032,0.6610136032104492,0.3349507749080658,0.6500985622406006,0.2920902073383331,0.7197918891906738,0.3558364808559418,0.6270080804824829,0.284315675497055,0.7989552617073059,0.3666624426841736,0.628305196762085,0.2804560661315918,0.7980430722236633,0.3793138563632965,0.6635192632675171,Badminton full court,0.3191370368003845,0.6555560827255249,0.08234676718711859,Backhand_Front
frame_151_full_court.jpg,0.3175702393054962,0.5372909903526306,0.362213134765625,0.5303695797920227,0.3292256891727447,0.653732419013977,0.3550493121147156,0.6417437791824341,0.3077563643455505,0.7114372849464417,0.3729345202445984,0.6307584643363953,0.2874644994735718,0.787999153137207,0.3760064542293548,0.6474179029464722,0.2828015387058258,0.8077765703201294,0.3872767686843872,0.6852169632911682,Badminton full court,0.34213750064373016,0.6477380990982056,0.08854195475578303,Backhand_Front
frame_152_full_court.jpg,0.3375239074230194,0.5007601976394653,0.3815415799617767,0.5032277703285217,0.3469824492931366,0.6134278178215027,0.3741772472858429,0.613654613494873,0.3314741253852844,0.6806097626686096,0.385463535785675,0.6355435848236084,0.317389041185379,0.7637266516685486,0.3772276043891907,0.6642560362815857,0.3083480894565582,0.7820038795471191,0.3878751993179321,0.6914634704589844,Badminton full court,0.36057984828948975,0.6135412156581879,0.0598385632038117,Backhand_Front
frame_153_full_court.jpg,0.3512180745601654,0.4757955968379974,0.3948552906513214,0.4758535921573639,0.3647406697273254,0.5825924277305603,0.389149397611618,0.5839100480079651,0.3580876588821411,0.6335911154747009,0.3984251320362091,0.6219162344932556,0.3559408485889435,0.7015853524208069,0.3887757956981659,0.6825631856918335,0.3532621562480926,0.727455735206604,0.3856614232063293,0.6976661682128906,Badminton full court,0.3769450336694717,0.5832512378692627,0.03283494710922241,Backhand_Mid
frame_154_full_court.jpg,0.3655373752117157,0.4655438959598541,0.4067345261573791,0.4617109596729278,0.3805020749568939,0.5664854049682617,0.4027222692966461,0.5626643300056458,0.3820762932300567,0.601780116558075,0.4213644862174988,0.5990594029426575,0.3773984313011169,0.6660995483398438,0.4163430631160736,0.6682592630386353,0.3808186948299408,0.6806002855300903,0.4252050220966339,0.6888731122016907,Badminton full court,0.39161217212677,0.5645748674869537,0.03894463181495672,Backhand_Mid
frame_155_full_court.jpg,0.3826003968715668,0.4669472277164459,0.4220672845840454,0.4667115807533264,0.395328551530838,0.5674195885658264,0.4172539114952087,0.5626734495162964,0.3937501907348633,0.594336986541748,0.4460532069206238,0.591149091720581,0.3869370222091675,0.6547589898109436,0.4578498601913452,0.6573802828788757,0.3892439603805542,0.6631360054016113,0.4690735936164856,0.65030837059021,Badminton full court,0.4062912315130234,0.5650465190410614,0.07091283798217773,Backhand_Mid
frame_156_full_court.jpg,0.4025613367557525,0.468098372220993,0.4408054947853088,0.4708642065525055,0.4104308784008026,0.567128598690033,0.4342899322509765,0.5646495223045349,0.3990551233291626,0.5942360758781433,0.4659873843193054,0.584669291973114,0.3874636590480804,0.654323160648346,0.4868841469287872,0.6384128332138062,0.3879864811897278,0.659135103225708,0.4997042119503021,0.6247140765190125,Badminton full court,0.4223604053258896,0.5658890604972839,0.09942048788070679,Backhand_Mid
frame_157_full_court.jpg,0.4243697822093963,0.4601107537746429,0.4610029458999634,0.4642480015754699,0.434420108795166,0.5577837824821472,0.4573962092399597,0.5537629127502441,0.4151983261108398,0.5988144278526306,0.4857687056064605,0.5731913447380066,0.3965757191181183,0.6523573994636536,0.49437415599823,0.6396803259849548,0.3879867494106293,0.6483399868011475,0.5060287714004517,0.6355683207511902,Badminton full court,0.44590815901756287,0.5557733476161957,0.0977984368801117,Backhand_Mid
frame_158_full_court.jpg,0.4424335658550262,0.4423118233680725,0.4794452786445617,0.4497784078121185,0.4532587826251983,0.5414771437644958,0.4756433665752411,0.5375596284866333,0.4388476014137268,0.5840620994567871,0.4951094388961792,0.5675685405731201,0.4353404641151428,0.646239697933197,0.4957168698310852,0.6350862979888916,0.4247781634330749,0.6575654149055481,0.5058619379997253,0.6369144916534424,Badminton full court,0.4644510746002197,0.5395183861255646,0.06037640571594238,Recovery_Ready
frame_159_full_court.jpg,0.4567593932151794,0.4275314211845398,0.4936825335025787,0.4363994002342224,0.467880517244339,0.52811598777771,0.4897727966308594,0.5233970880508423,0.4587840437889099,0.5729504823684692,0.5024334788322449,0.550003170967102,0.480910986661911,0.6204525828361511,0.5051368474960327,0.6112245917320251,0.4849644601345062,0.6503143310546875,0.5072754621505737,0.637824296951294,Badminton full court,0.4788266569375992,0.5257565379142761,0.024225860834121704,Recovery_Ready
frame_16_full_court.jpg,0.4759758114814758,0.4887253940105438,0.5009934902191162,0.4860531389713287,0.4874444305896759,0.546867311000824,0.5039477944374084,0.5246018767356873,0.4644813239574432,0.5867007970809937,0.504505455493927,0.5695416331291199,0.4850849509239197,0.6166988611221313,0.5035114288330078,0.6150335073471069,0.4796906113624573,0.6415148377418518,0.5029256343841553,0.6298952698707581,Badminton full court,0.4956961125135422,0.5357345938682556,0.018426477909088135,Recovery_Ready
frame_160_full_court.jpg,0.4709287881851196,0.4273366630077362,0.5070752501487732,0.4333477616310119,0.4834499955177307,0.518945574760437,0.5021502375602722,0.512481689453125,0.480462372303009,0.5828402042388916,0.5163244605064392,0.534821629524231,0.5008019804954529,0.6334435343742371,0.5237656831741333,0.5931551456451416,0.4913698732852936,0.6480048894882202,0.5289722681045532,0.6139752268791199,Badminton full court,0.49280011653900146,0.515713632106781,0.02296370267868042,Recovery_Ready
frame_161_full_court.jpg,0.4850152432918548,0.4175306260585785,0.5200037360191345,0.4224449098110199,0.4929996728897095,0.5106865763664246,0.5128980278968811,0.5070800185203552,0.4866307973861694,0.5715822577476501,0.5296332836151123,0.5316435098648071,0.4996629357337951,0.6302504539489746,0.5439115762710571,0.5710003972053528,0.4908032417297363,0.6469706892967224,0.5485157370567322,0.5560855865478516,Badminton full court,0.5029488503932953,0.5088832974433899,0.04424864053726202,Recovery_Ready
frame_162_full_court.jpg,0.4978149831295013,0.4217413961887359,0.5321393609046936,0.4161090850830078,0.5039474964141846,0.507283627986908,0.524673581123352,0.5060242414474487,0.4934081137180328,0.5621144771575928,0.5403515696525574,0.5317610502243042,0.4969652593135834,0.619857907295227,0.5539734959602356,0.5601031184196472,0.4909341037273407,0.6479505896568298,0.5601829290390015,0.5435969233512878,Badminton full court,0.5143105387687683,0.5066539347171783,0.05700823664665222,Recovery_Ready
frame_163_full_court.jpg,0.513477087020874,0.4249566793441772,0.5430333614349365,0.4167706072330475,0.5148202776908875,0.5057070255279541,0.5359711050987244,0.5054876804351807,0.5021018385887146,0.5548078417778015,0.5509313344955444,0.5210140943527222,0.5001363754272461,0.6008237600326538,0.5580889582633972,0.5594008564949036,0.4952757656574249,0.6332554817199707,0.5625251531600952,0.5561965107917786,Badminton full court,0.5253956913948059,0.5055973529815674,0.05795258283615112,Recovery_Ready
frame_164_full_court.jpg,0.5186697840690613,0.4223082065582275,0.5507199764251709,0.4194051921367645,0.5206425189971924,0.5042070746421814,0.5404022336006165,0.5039100646972656,0.5095700025558472,0.5377017259597778,0.5512285232543945,0.5121685862541199,0.5065346956253052,0.5845420360565186,0.5572253465652466,0.5601291656494141,0.5042977333068848,0.6160460710525513,0.5610020160675049,0.556849479675293,Badminton full court,0.5305223762989044,0.5040585696697235,0.050690650939941406,Recovery_Ready
frame_165_full_court.jpg,0.5197117328643799,0.4168426692485809,0.5494479537010193,0.4229306578636169,0.5206397175788879,0.5004279613494873,0.5411134362220764,0.5016330480575562,0.5102283358573914,0.526032030582428,0.5522210001945496,0.50827956199646,0.5119354128837585,0.5723763108253479,0.5571801662445068,0.5584477186203003,0.5084007382392883,0.5978834629058838,0.562951922416687,0.5589470267295837,Badminton full court,0.5308765769004822,0.5010305047035217,0.04524475336074829,Recovery_Ready
frame_166_full_court.jpg,0.5158544778823853,0.4094649255275726,0.5444067716598511,0.4165030121803283,0.518652081489563,0.4957704842090606,0.5395089387893677,0.4950640499591827,0.5048025846481323,0.5173512101173401,0.5503203272819519,0.5072128772735596,0.5089151859283447,0.5729381442070007,0.5569530725479126,0.5571074485778809,0.4999947547912597,0.5843716263771057,0.5619838237762451,0.5553849339485168,Badminton full court,0.5290805101394653,0.49541726708412165,0.04803788661956787,Recovery_Ready
frame_167_full_court.jpg,0.5063676238059998,0.3935456871986389,0.5361462235450745,0.4017695486545563,0.5121797323226929,0.4792849421501159,0.5304604172706604,0.4804519116878509,0.5003513693809509,0.5208849906921387,0.5422529578208923,0.5124282240867615,0.5071829557418823,0.5793851613998413,0.5554736256599426,0.5541715621948242,0.4977505505084991,0.583377480506897,0.5612303614616394,0.559566855430603,Badminton full court,0.5213200747966766,0.4798684269189834,0.0482906699180603,Recovery_Ready
frame_168_full_court.jpg,0.4985359311103821,0.3865060210227966,0.5293700098991394,0.3942462801933288,0.5037156939506531,0.4749712347984314,0.5231401920318604,0.4752534031867981,0.4924106895923614,0.5134767293930054,0.5350320339202881,0.5112293362617493,0.5016509294509888,0.5726238489151001,0.5451748967170715,0.559889018535614,0.4965599477291107,0.5871637463569641,0.5498126745223999,0.5645962357521057,Badminton full court,0.5134279429912567,0.47511231899261475,0.043523967266082764,Recovery_Ready
frame_169_full_court.jpg,0.4950351119041443,0.3893331885337829,0.5280089974403381,0.3971781730651855,0.502923846244812,0.4752447605133056,0.5223740935325623,0.4744928479194641,0.4845533370971679,0.5157856345176697,0.5297679305076599,0.5120729804039001,0.4909399151802063,0.5727061033248901,0.5364194512367249,0.5635455250740051,0.4887187778949737,0.5899741053581238,0.5368423461914062,0.5771151781082153,Badminton full court,0.5126489698886871,0.4748688042163849,0.045479536056518555,Recovery_Ready
frame_17_full_court.jpg,0.4708573222160339,0.4669941067695617,0.4882386028766632,0.4554385542869568,0.4815190732479095,0.5395988821983337,0.4953938722610473,0.5356433987617493,0.4572837650775909,0.5701183676719666,0.4972466826438904,0.5753191709518433,0.4728972017765045,0.6271564960479736,0.5026101469993591,0.6169841289520264,0.4638098776340484,0.6400370001792908,0.500263512134552,0.6225860118865967,Badminton full court,0.4884564727544784,0.5376211404800415,0.029712945222854614,Recovery_Ready
frame_170_full_court.jpg,0.478001207113266,0.4115367233753204,0.5037738680839539,0.4126599133014679,0.4819052517414093,0.4969056844711303,0.5015634894371033,0.4954966902732849,0.4657869637012481,0.5248165726661682,0.5043280720710754,0.5631412863731384,0.4634131789207458,0.5887051820755005,0.5177837610244751,0.59792560338974,0.4498040080070495,0.5961199998855591,0.523452877998352,0.6034303307533264,Badminton full court,0.4917343705892563,0.49620118737220764,0.054370582103729304,Recovery_Ready
frame_171_full_court.jpg,0.4719643592834472,0.4112549424171448,0.4945182800292969,0.4079103767871856,0.4827161133289337,0.4948366582393646,0.4997538030147552,0.4934844970703125,0.4550576508045196,0.5243635177612305,0.511816680431366,0.5519555807113647,0.4536530077457428,0.5884096026420593,0.5185632109642029,0.5929181575775146,0.4399699568748474,0.5973683595657349,0.5261504054069519,0.5977901220321655,Badminton full court,0.4912349581718445,0.49416057765483856,0.06491020321846008,Recovery_Ready
frame_172_full_court.jpg,0.461130827665329,0.4106619358062744,0.4766405820846557,0.4036875665187835,0.4716398119926452,0.4918014407157898,0.4860408008098602,0.4886878132820129,0.4448986351490021,0.5273407697677612,0.5000721216201782,0.5426371097564697,0.4514098763465881,0.5895097851753235,0.5217224955558777,0.5775331854820251,0.4384606182575226,0.5984100699424744,0.5277589559555054,0.5940836071968079,Badminton full court,0.4788403064012527,0.49024462699890137,0.0703126192092896,Recovery_Ready
frame_173_full_court.jpg,0.4522711038589477,0.3996483981609344,0.4626247584819793,0.3884782493114471,0.4643236398696899,0.4792835414409637,0.4757227897644043,0.4754995703697204,0.4421230852603912,0.5262671709060669,0.4860331416130066,0.5244551301002502,0.4505058526992798,0.5876855850219727,0.5089967846870422,0.5647978186607361,0.4380123019218445,0.5988035798072815,0.5062225461006165,0.5821545720100403,Badminton full court,0.4700232148170471,0.47739155590534205,0.05849093198776245,Recovery_Ready
frame_174_full_court.jpg,0.4448641538619995,0.3835852444171905,0.4535237848758697,0.3730771541595459,0.4560050666332245,0.4635941386222839,0.4663105309009552,0.4577832818031311,0.4401697218418121,0.5221009850502014,0.4697225391864776,0.513514518737793,0.450183093547821,0.5818766355514526,0.4887924790382385,0.5563719868659973,0.4395962059497833,0.5985968708992004,0.4834245145320892,0.5675808191299438,Badminton full court,0.46115779876708984,0.4606887102127075,0.038609385490417536,Backhand_Backcourt
frame_175_full_court.jpg,0.4386268854141235,0.3767589628696441,0.4483554661273956,0.3660792708396911,0.4473073780536651,0.4579969346523285,0.4572672843933105,0.4527819454669952,0.436326652765274,0.5176959037780762,0.4520937502384186,0.4967316091060638,0.4497407674789428,0.5755152106285095,0.4636251032352447,0.5425712466239929,0.4400086104869842,0.5979387760162354,0.4543971717357635,0.5478925108909607,Badminton full court,0.4522873312234878,0.45538944005966187,0.01388433575630188,Backhand_Backcourt
frame_176_full_court.jpg,0.4346095323562622,0.3769789636135101,0.4398821890354156,0.3718718290328979,0.4395577311515808,0.4633023738861084,0.4425410628318786,0.4613527655601501,0.4292583167552948,0.520854651927948,0.4370136857032776,0.5095224976539612,0.4485308229923248,0.5701386332511902,0.4476595520973205,0.5583892464637756,0.4417020380496979,0.595159649848938,0.4410370886325836,0.5894933342933655,Badminton full court,0.44104939699172974,0.4623275697231293,0.0008712708950042725,Backhand_Backcourt
frame_177_full_court.jpg,0.4318951070308685,0.3866619765758514,0.4349489212036133,0.3817428350448608,0.4337224662303924,0.4710368812084198,0.4335615038871765,0.467578113079071,0.417041927576065,0.5225006937980652,0.4207659065723419,0.5063486099243164,0.4417431652545929,0.566327691078186,0.437022864818573,0.5486651659011841,0.4387515783309936,0.595014214515686,0.4316916167736053,0.5734606981277466,Badminton full court,0.4336419850587845,0.4693074971437454,0.0047203004360198975,Backhand_Backcourt
frame_178_full_court.jpg,0.4263915121555328,0.3893692195415497,0.4352299273014068,0.3846894204616546,0.4293069541454315,0.4722574651241302,0.4370370507240295,0.4667273461818695,0.4073854088783264,0.5162360668182373,0.4169164597988128,0.4974602460861206,0.4329669177532196,0.5580723285675049,0.4316645264625549,0.5337114334106445,0.4281603395938873,0.5848472714424133,0.4285915493965149,0.5515574216842651,Badminton full court,0.43317200243473053,0.4694924056529999,0.0013023912906647284,Backhand_Backcourt
frame_179_full_court.jpg,0.4194888770580292,0.3913227915763855,0.4356793165206909,0.3854327499866485,0.4278616607189178,0.4732214212417602,0.4375891089439392,0.467600554227829,0.4061406552791595,0.5100677609443665,0.4139262735843658,0.4916357100009918,0.4220497012138366,0.5593534708023071,0.4324226379394531,0.5273327231407166,0.4107257127761841,0.5721443295478821,0.4215711951255798,0.5403541326522827,Badminton full court,0.43272538483142853,0.4704109877347946,0.01037293672561651,Backhand_Backcourt
frame_18_full_court.jpg,0.4332462549209595,0.4344863593578338,0.4694910049438476,0.4291605055332184,0.4512757956981659,0.5140336751937866,0.46863853931427,0.5093653202056885,0.4528576135635376,0.5739772915840149,0.4754080772399902,0.5660626292228699,0.4584706425666809,0.638950765132904,0.4817818701267242,0.6208095550537109,0.4521617889404297,0.652282178401947,0.4815931916236877,0.6399453282356262,Badminton full court,0.45995716750621796,0.5116994976997375,0.02331122756004328,Backhand_Backcourt
frame_180_full_court.jpg,0.4142694473266601,0.3961496949195862,0.4417148232460022,0.395367294549942,0.4272323250770569,0.4793139398097992,0.4432612657546997,0.4767998456954956,0.4139826893806457,0.5155439376831055,0.4344080090522766,0.4957266449928283,0.4216007888317108,0.5681605935096741,0.4348278641700744,0.5339116454124451,0.4096488952636719,0.5780897736549377,0.4261046350002289,0.5423902869224548,Badminton full court,0.4352467954158783,0.4780568927526474,0.013227075338363592,Backhand_Backcourt
frame_181_full_court.jpg,0.4101693034172058,0.3887238800525665,0.4396795928478241,0.384119302034378,0.4249739050865173,0.4700414538383484,0.4421162605285644,0.4669827818870544,0.4136848449707031,0.5083633065223694,0.4371566474437713,0.4975870847702026,0.4193645715713501,0.5610542893409729,0.4419689476490021,0.5404155254364014,0.4076794385910034,0.5735130906105042,0.4373253881931305,0.5446610450744629,Badminton full court,0.43354508280754084,0.4685121178627014,0.022604376077651978,Backhand_Backcourt
frame_182_full_court.jpg,0.4102376401424408,0.3917651772499084,0.4409686326980591,0.3853715360164642,0.4244638979434967,0.4720059633255005,0.4426328837871551,0.4681633710861206,0.4115767180919647,0.5098689794540405,0.4445213079452514,0.5019457340240479,0.4127251505851745,0.5670768618583679,0.4533173441886902,0.5454937219619751,0.4063298106193542,0.5783963799476624,0.4485880732536316,0.5568603873252869,Badminton full court,0.4335483908653259,0.47008466720581055,0.04059219360351568,Backhand_Backcourt
frame_183_full_court.jpg,0.4127761721611023,0.4021495282649994,0.4438802003860473,0.3936058282852173,0.4244905114173889,0.4842329919338226,0.4440732002258301,0.4794994294643402,0.4099883437156677,0.5280900001525879,0.4591949582099914,0.5108322501182556,0.4014305472373962,0.586635410785675,0.4696457982063293,0.5658493041992188,0.3985766768455505,0.5812873840332031,0.4810845553874969,0.5679452419281006,Badminton full court,0.4342818558216095,0.4818662106990814,0.0682152509689331,Backhand_Backcourt
frame_184_full_court.jpg,0.4191115200519562,0.4156176745891571,0.4499070048332214,0.4087293744087219,0.4287585318088531,0.4975678026676178,0.4475518465042114,0.4966111481189728,0.4109309613704681,0.5331634879112244,0.4707417488098144,0.5235247015953064,0.4019662141799927,0.5894442796707153,0.4826112985610962,0.5834029316902161,0.3981647491455078,0.584747314453125,0.4952680766582489,0.5800833702087402,Badminton full court,0.4381551891565323,0.4970894753932953,0.08064508438110352,Backhand_Backcourt
frame_185_full_court.jpg,0.4326355159282684,0.4140290319919586,0.466612309217453,0.4080497324466705,0.4380438029766083,0.4967305362224579,0.4604431986808777,0.4971890449523926,0.4148896932601928,0.5375571250915527,0.4843765795230865,0.527580738067627,0.4042339920997619,0.5879184603691101,0.4873486161231994,0.5887877941131592,0.4021630585193634,0.5870309472084045,0.5020192861557007,0.5904513597488403,Badminton full court,0.449243500828743,0.49695979058742523,0.0831146240234375,Backhand_Backcourt
frame_186_full_court.jpg,0.4497043788433075,0.4075095653533935,0.4832237064838409,0.4050868451595306,0.4548950493335724,0.4934071898460388,0.4755436182022095,0.4923601448535919,0.4359804093837738,0.5359606742858887,0.4928785562515259,0.529017984867096,0.4195528030395508,0.591540515422821,0.4891234338283539,0.5893804430961609,0.4049517810344696,0.5979188680648804,0.5021300911903381,0.5943738222122192,Badminton full court,0.46521933376789093,0.49288366734981537,0.0695706307888031,Recovery_Ready
frame_187_full_court.jpg,0.4626292288303375,0.392518013715744,0.4954380393028259,0.3956589698791504,0.4689236879348755,0.4850509166717529,0.4883644878864288,0.4862349331378937,0.4556993544101715,0.5287343859672546,0.5022031664848328,0.5262311100959778,0.4578563570976257,0.5894563794136047,0.4950085282325744,0.5830009579658508,0.457489937543869,0.6124279499053955,0.502810001373291,0.5971057415008545,Badminton full court,0.47864408791065216,0.4856429249048233,0.03715217113494873,Recovery_Ready
frame_188_full_court.jpg,0.4752346277236938,0.3873133361339569,0.5104721188545227,0.3912137150764465,0.4813280701637268,0.4792835414409637,0.5003073811531067,0.479689747095108,0.4712192118167877,0.5294055938720703,0.514074444770813,0.5259156823158264,0.4713067710399627,0.5908088684082031,0.517989456653595,0.581329882144928,0.4640481770038605,0.6134174466133118,0.527794599533081,0.5924500226974487,Badminton full court,0.49081772565841675,0.47948664426803583,0.04668268561363226,Recovery_Ready
frame_189_full_court.jpg,0.4887928366661072,0.3909471929073334,0.5222497582435608,0.3920119404792785,0.4903919100761413,0.4795836806297302,0.511551022529602,0.4828969836235046,0.479593276977539,0.5295247435569763,0.5292657613754272,0.5252213478088379,0.4691211879253387,0.5894879102706909,0.5457640886306763,0.5797368288040161,0.4646366536617279,0.6101437211036682,0.5573020577430725,0.5737597942352295,Badminton full court,0.5009714663028717,0.48124033212661743,0.07664290070533758,Backhand_Backcourt
frame_19_full_court.jpg,0.4346667528152466,0.4627558290958404,0.4633043110370636,0.45148766040802,0.4591676294803619,0.5345321297645569,0.4665914177894592,0.5364168286323547,0.4478299021720886,0.6025846004486084,0.4733757972717285,0.5924925804138184,0.4406569600105285,0.6454659104347229,0.4956311583518982,0.6533766984939575,0.4454489350318908,0.6721323728561401,0.4949948489665985,0.661076545715332,Badminton full court,0.46287952363491053,0.5354744791984558,0.054974198341369684,Recovery_Ready
frame_190_full_court.jpg,0.4991150796413421,0.4503037333488464,0.5309285521507263,0.4312756359577179,0.5011460781097412,0.5122600197792053,0.516564667224884,0.5130331516265869,0.4909095466136932,0.5806044340133667,0.5421063899993896,0.5415805578231812,0.473978579044342,0.5964317321777344,0.5515491366386414,0.5965999364852905,0.467801958322525,0.6215880513191223,0.5654329061508179,0.6069291234016418,Badminton full court,0.5088553726673126,0.5126465857028961,0.07757055759429937,Backhand_Backcourt
frame_191_full_court.jpg,0.5060815811157227,0.427630066871643,0.5404413938522339,0.4268153011798858,0.5091149210929871,0.5082375407218933,0.5284286737442017,0.5078281164169312,0.5052950978279114,0.5714374780654907,0.5508320927619934,0.528936505317688,0.4887261092662811,0.5878697633743286,0.553628146648407,0.5848731994628906,0.4803963601589203,0.6056062579154968,0.5666120052337646,0.5912648439407349,Badminton full court,0.5187717974185944,0.5080328285694122,0.06490203738212591,Recovery_Ready
frame_192_full_court.jpg,0.5073350071907043,0.4213030338287353,0.5401585698127747,0.4287076294422149,0.5111952424049377,0.5085968971252441,0.5303777456283569,0.5073948502540588,0.5058031678199768,0.5611326694488525,0.5512055158615112,0.5223804712295532,0.494964450597763,0.5881229043006897,0.5538613200187683,0.5813283920288086,0.4850105345249176,0.6036434769630432,0.5664281249046326,0.5871151685714722,Badminton full court,0.5207864940166473,0.5079958736896515,0.058896869421005305,Recovery_Ready
frame_193_full_court.jpg,0.5023922920227051,0.4190023243427276,0.5347679257392883,0.4239461123943329,0.5059863924980164,0.5059835910797119,0.5274856686592102,0.504845380783081,0.4993543326854706,0.548879861831665,0.5469499230384827,0.5235944986343384,0.4937050938606262,0.5884310007095337,0.5540264844894409,0.5806556344032288,0.486381322145462,0.6045933365821838,0.5670379996299744,0.5858608484268188,Badminton full court,0.5167360305786133,0.5054144859313965,0.0603213906288147,Recovery_Ready
frame_194_full_court.jpg,0.4945193529129028,0.4057410657405853,0.526417076587677,0.4126408398151397,0.4995388090610504,0.4959661364555359,0.5195668339729309,0.496975302696228,0.4886310398578644,0.5377110242843628,0.5349897146224976,0.5268867015838623,0.4874907732009887,0.5919731259346008,0.5511811375617981,0.5811424255371094,0.4818786382675171,0.6089733242988586,0.5617495775222778,0.5754443407058716,Badminton full court,0.5095528215169907,0.49647071957588196,0.06369036436080938,Recovery_Ready
frame_195_full_court.jpg,0.4881502389907837,0.3987205922603607,0.5198869109153748,0.4052270352840423,0.4940766394138336,0.4910942912101745,0.5130947232246399,0.4921766519546509,0.4756753146648407,0.5276634097099304,0.5300209522247314,0.5267646908760071,0.4788593351840973,0.5896506905555725,0.5398165583610535,0.5814900994300842,0.4760967791080475,0.6119452714920044,0.5498433709144592,0.5796244144439697,Badminton full court,0.5035856813192368,0.4916354715824127,0.06095722317695618,Recovery_Ready
frame_196_full_court.jpg,0.4772593677043915,0.4027861058712005,0.505780041217804,0.4068503975868225,0.4840391874313354,0.4914695918560028,0.5036771297454834,0.4929819703102112,0.4596000909805298,0.5305332541465759,0.5149360299110413,0.5332901477813721,0.4537916779518127,0.5963479280471802,0.5204890966415405,0.5911219716072083,0.4396471679210663,0.6088917851448059,0.5263220071792603,0.5894933938980103,Badminton full court,0.4938581585884094,0.492225781083107,0.06669741868972784,Recovery_Ready
frame_197_full_court.jpg,0.4648456871509552,0.4141966700553894,0.4866198003292084,0.4100058376789093,0.4740356802940368,0.5009641647338867,0.4923387169837951,0.5021640062332153,0.4444551467895508,0.5382121205329895,0.506890058517456,0.5391190648078918,0.4394003450870514,0.604753315448761,0.5184083580970764,0.5956437587738037,0.4230020940303802,0.6089182496070862,0.5235020518302917,0.5923718214035034,Badminton full court,0.48318719863891596,0.501564085483551,0.07900801301002502,Backhand_Backcourt
frame_198_full_court.jpg,0.4496744573116302,0.4200049042701721,0.4660690426826477,0.4115938544273376,0.4587947428226471,0.5023097395896912,0.4747242331504822,0.5017197132110596,0.4310377240180969,0.5447465181350708,0.4895296394824981,0.540757954120636,0.4355451464653015,0.6096658706665039,0.5138910412788391,0.5902588367462158,0.4209851026535034,0.6193773746490479,0.5169429183006287,0.5949912667274475,Badminton full court,0.46675948798656464,0.5020147264003754,0.0783458948135376,Backhand_Backcourt
frame_199_full_court.jpg,0.4361300766468048,0.4190815985202789,0.4436070322990417,0.4098404347896576,0.4470111131668091,0.5017961263656616,0.4580704271793365,0.4987195134162903,0.4219494462013244,0.5464463829994202,0.4673350155353546,0.5386241674423218,0.4338530898094177,0.6099216938018799,0.4967826306819916,0.5693263411521912,0.4197253286838531,0.6224822402000427,0.5019022822380066,0.5949034094810486,Badminton full court,0.4525407701730728,0.500257819890976,0.06292954087257385,Backhand_Backcourt
frame_2_full_court.jpg,0.4521916806697845,0.4244704842567444,0.4800368249416351,0.4165726006031036,0.4537274241447449,0.5221452116966248,0.4748316407203674,0.5209605693817139,0.4460659623146057,0.591949999332428,0.4956413507461548,0.5883411765098572,0.4402312934398651,0.6775761246681213,0.4999487102031708,0.6651749014854431,0.4431248605251312,0.6862594485282898,0.5092146396636963,0.6796831488609314,Badminton full court,0.46427953243255615,0.5215528905391693,0.059717416763305664,Recovery_Ready
frame_20_full_court.jpg,0.4037029445171356,0.4395040869712829,0.4112784266471863,0.4193941354751587,0.4294278025627136,0.5237001180648804,0.4362050890922546,0.5178625583648682,0.4256966710090637,0.5879295468330383,0.4352805912494659,0.5798885822296143,0.4348222315311432,0.6612271070480347,0.4449020326137543,0.6523715257644653,0.4379822313785553,0.6749463677406311,0.4525489509105682,0.6618691086769104,Badminton full court,0.43281644582748413,0.5207813382148743,0.010079801082611084,Backhand_Mid
frame_200_full_court.jpg,0.4160862565040588,0.4204402267932892,0.4249533712863922,0.3983775377273559,0.4341629445552826,0.4981837570667267,0.4440433084964752,0.4892982840538025,0.4189787805080414,0.5550491809844971,0.4447099864482879,0.5334247946739197,0.4331237971782684,0.6136547923088074,0.4680502116680145,0.5683656334877014,0.4209284782409668,0.6311929821968079,0.4676895141601562,0.5898109078407288,Badminton full court,0.4391031265258789,0.4937410205602646,0.03492641448974615,Backhand_Backcourt
frame_201_full_court.jpg,0.4123414158821106,0.3994189798831939,0.4097192883491516,0.3861688375473022,0.4255145192146301,0.4810681939125061,0.4300043880939483,0.4741331934928894,0.4132103323936462,0.5415788292884827,0.4215397834777832,0.5177320837974548,0.429997056722641,0.6000794172286987,0.4398445785045624,0.5622497797012329,0.4200436174869537,0.6234215497970581,0.4300480782985687,0.575653612613678,Badminton full court,0.42775945365428925,0.47760069370269775,0.009847521781921387,Backhand_Backcourt
frame_202_full_court.jpg,0.4015265107154846,0.3951713144779205,0.3969359099864959,0.3834141492843628,0.413459837436676,0.4756426215171814,0.4131902158260345,0.4721590578556061,0.4076122939586639,0.5392901301383972,0.4020591378211975,0.4984678924083709,0.4288618266582489,0.5960750579833984,0.4056515693664551,0.5496183633804321,0.4203734397888183,0.6227575540542603,0.3918186128139496,0.5508097410202026,Badminton full court,0.4133250266313553,0.47390083968639374,0.023210257291793823,Backhand_Backcourt
frame_203_full_court.jpg,0.3918642401695251,0.3996139764785766,0.3903771936893463,0.3915614485740661,0.403838574886322,0.4822277426719665,0.4017378687858581,0.4785011708736419,0.3965805768966675,0.5438867211341858,0.3854209780693054,0.5088509917259216,0.4233473837375641,0.591193675994873,0.3750374913215637,0.5492479801177979,0.4207373261451721,0.6203077435493469,0.3627599477767944,0.5387862920761108,Badminton full court,0.4027882218360901,0.4803644567728042,0.048309892416000366,Backhand_Backcourt
frame_204_full_court.jpg,0.3847838044166565,0.4124444723129272,0.3843899965286255,0.4054924547672272,0.3921436965465545,0.493361622095108,0.3890933990478515,0.4813888669013977,0.3796917200088501,0.5451945662498474,0.3673443794250488,0.507084310054779,0.4100859463214874,0.5818055272102356,0.3680656254291534,0.5507957339286804,0.4143860042095184,0.6110033392906189,0.3544080853462219,0.5597229599952698,Badminton full court,0.390618547797203,0.48737524449825287,0.04202032089233404,Backhand_Backcourt
frame_205_full_court.jpg,0.3827435076236725,0.4174213111400604,0.381539523601532,0.4118942320346832,0.3874756693840027,0.4993813931941986,0.3839198350906372,0.4857058525085449,0.3628553450107574,0.5426009297370911,0.3600035309791565,0.5038614869117737,0.3945193290710449,0.5691567063331604,0.3673921525478363,0.5547810196876526,0.394228994846344,0.5957122445106506,0.3548352420330047,0.5641794204711914,Badminton full court,0.38569775223731995,0.49254362285137177,0.027127176523208618,Backhand_Backcourt
frame_206_full_court.jpg,0.3793976008892059,0.4170396625995636,0.3856945037841797,0.4113776087760925,0.3861778974533081,0.498934656381607,0.3859438300132751,0.4868588447570801,0.3612765371799469,0.5294341444969177,0.3641705513000488,0.5098563432693481,0.3823171555995941,0.5705658197402954,0.3671379089355469,0.556307852268219,0.3739168345928192,0.5890442132949829,0.3535698056221008,0.5632708668708801,Badminton full court,0.3860608637332916,0.49289675056934357,0.015179246664047241,Backhand_Backcourt
frame_207_full_court.jpg,0.375427782535553,0.4134339094161987,0.3964194655418396,0.410110205411911,0.3858233988285064,0.4945627748966217,0.3964287638664245,0.4874964952468872,0.3698821067810058,0.5276750326156616,0.3729006052017212,0.5128539204597473,0.3847682774066925,0.5756454467773438,0.3720852136611938,0.5547781586647034,0.3735558092594147,0.5863016843795776,0.3594880104064941,0.5507079362869263,Badminton full court,0.39112608134746546,0.49102963507175446,0.012683063745498713,Backhand_Backcourt
frame_208_full_court.jpg,0.3748286664485931,0.4052751958370209,0.4023866653442383,0.4023141860961914,0.390514463186264,0.4869519174098968,0.4038015604019165,0.4849905967712402,0.3764220476150512,0.5256973505020142,0.3891051113605499,0.513041079044342,0.3857782781124115,0.5750787258148193,0.3870619535446167,0.5557982325553894,0.3734486699104309,0.5866202712059021,0.378954529762268,0.5597714185714722,Badminton full court,0.39715801179409027,0.4859712570905685,0.0012836754322052002,Backhand_Backcourt
frame_209_full_court.jpg,0.3792146146297455,0.3975959122180938,0.4077370762825012,0.3946678042411804,0.3930729925632477,0.4813371300697326,0.4079160988330841,0.4778536856174469,0.3844928741455078,0.5234934687614441,0.4052580595016479,0.5129786729812622,0.3861249685287475,0.5751974582672119,0.408327966928482,0.5560252666473389,0.3745555579662323,0.5856170654296875,0.4075071513652801,0.5716487169265747,Badminton full court,0.4004945456981659,0.4795954078435898,0.022202998399734497,Backhand_Backcourt
frame_21_full_court.jpg,0.3684768080711365,0.4315859675407409,0.3540515005588531,0.4317940175533294,0.3761819005012512,0.5244545340538025,0.3683333396911621,0.5247727036476135,0.3827888071537018,0.5892965197563171,0.3576424717903137,0.6122032999992371,0.3744436502456665,0.6493362188339233,0.332040786743164,0.6573382019996643,0.3852962851524353,0.6670854091644287,0.3426075577735901,0.6801789402961731,Badminton full court,0.37225762009620667,0.524613618850708,0.0424028635025025,Backhand_Mid
frame_210_full_court.jpg,0.379885733127594,0.4061578512191772,0.415829598903656,0.4056938588619232,0.38443323969841,0.4935263693332672,0.4119308888912201,0.4908941686153412,0.3839098513126373,0.5371806621551514,0.4268631637096405,0.5413716435432434,0.3859486877918243,0.6000616550445557,0.4383258819580078,0.6119759678840637,0.3815412819385528,0.6099734306335449,0.4477514624595642,0.6205499768257141,Badminton full court,0.39818206429481506,0.4922102689743042,0.05237719416618353,Backhand_Backcourt
frame_211_full_court.jpg,0.3919652700424194,0.4110514521598816,0.4281240701675415,0.4107586741447449,0.4028283059597015,0.499007910490036,0.426421582698822,0.4959841072559356,0.3915745913982391,0.5367785692214966,0.4473758041858673,0.5469579696655273,0.3887121081352234,0.5966693162918091,0.4651326835155487,0.605749785900116,0.3868778645992279,0.6064820289611816,0.4757594764232635,0.6188517212867737,Badminton full court,0.4146249443292618,0.49749600887298584,0.07642057538032532,Backhand_Backcourt
frame_212_full_court.jpg,0.401613712310791,0.4357855319976806,0.4323285222053528,0.4302017092704773,0.4144807755947113,0.5163432359695435,0.435594230890274,0.5134093165397644,0.3961371779441833,0.5347733497619629,0.4573947191238403,0.56085205078125,0.3913123905658722,0.5979790687561035,0.4720287919044494,0.6193240284919739,0.3888657987117767,0.6053226590156555,0.4797943830490112,0.6197960376739502,Badminton full court,0.4250375032424927,0.5148762762546539,0.08071640133857721,Backhand_Backcourt
frame_213_full_court.jpg,0.399739921092987,0.4388057589530945,0.4260130524635315,0.4288575053215027,0.417339950799942,0.5187960267066956,0.4358315765857696,0.5146608948707581,0.3953164219856262,0.5371717810630798,0.4535393118858337,0.5650926828384399,0.3988328576087951,0.6004664301872253,0.4701952338218689,0.6176124811172485,0.3899840414524078,0.6075206398963928,0.4776464104652405,0.6225182414054871,Badminton full court,0.42658576369285583,0.5167284607887268,0.07136237621307379,Backhand_Backcourt
frame_214_full_court.jpg,0.3939179480075836,0.4379971921443939,0.4227509796619415,0.4254674911499023,0.4137600660324096,0.514458179473877,0.4305684864521026,0.5097595453262329,0.3946832418441772,0.5478152632713318,0.4459015429019928,0.5572811365127563,0.4038225710391998,0.6071097254753113,0.4638422727584839,0.601801872253418,0.3910191655158996,0.6131258010864258,0.4740650355815887,0.6167754530906677,Badminton full court,0.4221642762422561,0.5121088624000549,0.06001970171928411,Backhand_Backcourt
frame_215_full_court.jpg,0.3870653808116913,0.4374430775642395,0.4105396866798401,0.4244369864463806,0.4115470647811889,0.5121796131134033,0.4271388947963714,0.5071489214897156,0.3941910564899444,0.5527677536010742,0.43632373213768,0.5338696241378784,0.40501669049263,0.6081860661506653,0.4483914077281952,0.5670041441917419,0.3919209241867065,0.6155616044998169,0.4544068574905395,0.5877460837364197,Badminton full court,0.41934297978878016,0.5096642673015594,0.043374717235565186,Backhand_Backcourt
frame_216_full_court.jpg,0.3819924890995025,0.4337987005710602,0.4022763073444366,0.4231274127960205,0.4107267558574676,0.5118685960769653,0.4254700243473053,0.49673593044281,0.3939938545227051,0.5552406311035156,0.4244085252285003,0.50602126121521,0.4054371416568756,0.6090825200080872,0.4329786300659179,0.551674485206604,0.3919886946678161,0.6160328984260559,0.4309772253036499,0.5691113471984863,Badminton full court,0.4180983901023865,0.5043022632598877,0.027541488409042303,Backhand_Backcourt
frame_217_full_court.jpg,0.3793607056140899,0.4306069016456604,0.3945925533771515,0.4177653789520263,0.4101056158542633,0.4978220164775848,0.4230142831802368,0.484549731016159,0.3937324285507202,0.5530101656913757,0.4063401818275451,0.5035516023635864,0.4057567715644836,0.6086615324020386,0.4128490090370178,0.5405938625335693,0.3920741677284241,0.6162086129188538,0.4067344069480896,0.5495706796646118,Badminton full court,0.41655994951725006,0.4911858737468719,0.007092237472534235,Backhand_Backcourt
frame_218_full_court.jpg,0.3784898519515991,0.4268557429313659,0.3892166316509247,0.4137647747993469,0.4096998572349548,0.4885004758834839,0.4177060127258301,0.4776186347007751,0.3948546350002289,0.5513802766799927,0.3939874470233917,0.4723421037197113,0.4065536558628082,0.6077937483787537,0.3918320834636688,0.4860047996044159,0.3919963836669922,0.6172773241996765,0.3758682608604431,0.4742648601531982,Badminton full court,0.41370293498039246,0.4830595552921295,0.014721572399139404,Backhand_Backcourt
frame_219_full_court.jpg,0.378394603729248,0.4236291348934173,0.3866112530231476,0.413567453622818,0.4067890048027038,0.4861991107463836,0.4136765301227569,0.4792936444282532,0.3924486041069031,0.5491231679916382,0.3937584459781647,0.5125094056129456,0.407567024230957,0.5974195003509521,0.4070385694503784,0.5525820851325989,0.3943239152431488,0.6150350570678711,0.3969236612319946,0.5799161791801453,Badminton full court,0.41023276746273035,0.4827463775873184,0.0005284547805785578,Backhand_Backcourt
frame_22_full_court.jpg,0.3984442949295044,0.4729933738708496,0.3999883830547333,0.4676736891269684,0.4180193543434143,0.5200709700584412,0.4174108207225799,0.5223910212516785,0.4319635033607483,0.5409899950027466,0.4278161227703094,0.5598441958427429,0.4436481893062591,0.5822761654853821,0.4338206648826599,0.5798700451850891,0.4433099627494812,0.5960050225257874,0.4369092285633087,0.5896317362785339,Badminton full court,0.41771508753299713,0.5212309956550598,0.009827524423599188,Backhand_Mid
frame_220_full_court.jpg,0.3784330189228058,0.429718405008316,0.3886837959289551,0.4231388568878174,0.4053996801376343,0.4910453557968139,0.4138633012771606,0.4844674468040466,0.3927170634269714,0.538646399974823,0.398881733417511,0.512880265712738,0.421843409538269,0.5725288391113281,0.402521938085556,0.5470738410949707,0.4178398847579956,0.5943633317947388,0.3956844210624695,0.5582520365715027,Badminton full court,0.40963149070739746,0.48775640130043024,0.019321471452713013,Backhand_Backcourt
frame_221_full_court.jpg,0.3753822147846222,0.4230877161026001,0.3909987211227417,0.4101084470748901,0.4038066267967224,0.4836859107017517,0.4136866927146911,0.4762625098228454,0.3841911852359772,0.527108907699585,0.3927249312400818,0.5114495754241943,0.4110432863235473,0.5504631400108337,0.4069313704967499,0.550284743309021,0.4100771248340606,0.5771803855895996,0.4024363756179809,0.5703887343406677,Badminton full court,0.4087466597557068,0.4799742102622986,0.00411191582679743,Backhand_Backcourt
frame_222_full_court.jpg,0.3773808777332306,0.4164418280124664,0.3930299878120422,0.4007609486579895,0.4047108888626098,0.479871392250061,0.4136606752872467,0.4725363552570343,0.3816122114658355,0.5162122845649719,0.3878553807735443,0.4969402253627777,0.4084124267101288,0.5421965718269348,0.3944520056247711,0.5336131453514099,0.4081168174743652,0.5668606758117676,0.387182205915451,0.5572587847709656,Badminton full court,0.4091857820749283,0.47620387375354767,0.013960421085357666,Backhand_Backcourt
frame_223_full_court.jpg,0.3789402842521667,0.4090193510055542,0.3985629081726074,0.3931054472923279,0.4060837030410766,0.4761801958084106,0.4144212305545807,0.4675660729408264,0.3842751085758209,0.5093415975570679,0.3898827135562897,0.4843907058238983,0.4075814187526703,0.5451059937477112,0.3925223350524902,0.5256296992301941,0.4045485258102417,0.5602931976318359,0.3827555477619171,0.533277690410614,Badminton full court,0.4102524667978287,0.47187313437461853,0.01505908370018011,Backhand_Backcourt
frame_224_full_court.jpg,0.3821822702884674,0.400273710489273,0.4097228348255157,0.3870261311531067,0.4086158573627472,0.4747688472270965,0.4185703694820404,0.4634716212749481,0.384556233882904,0.509397029876709,0.3962765634059906,0.4865609109401703,0.4079719483852386,0.5476901531219482,0.4016599357128143,0.5232004523277283,0.4018823802471161,0.5589688420295715,0.3923401534557342,0.531878650188446,Badminton full court,0.4135931134223938,0.46912023425102234,0.006312012672424316,Backhand_Backcourt
frame_225_full_court.jpg,0.3873416781425476,0.3930795788764953,0.4181946218013763,0.3822269439697265,0.4100362062454223,0.4713515937328338,0.4236804246902466,0.4638556838035583,0.3953304588794708,0.5006121397018433,0.4097196757793426,0.4896931946277618,0.4098587930202484,0.5472725629806519,0.4090954065322876,0.5273791551589966,0.401826798915863,0.5573496222496033,0.3946874737739563,0.5396565794944763,Badminton full court,0.4168583154678345,0.46760363876819605,0.0007633864879608154,Backhand_Backcourt
frame_226_full_court.jpg,0.3963708579540252,0.3898584842681885,0.4282948076725006,0.3822405040264129,0.4126763045787811,0.4688467681407928,0.4303751289844513,0.4627010822296142,0.406362235546112,0.5017261505126953,0.4294488131999969,0.4960539638996124,0.4104712307453155,0.5524559617042542,0.4341005980968475,0.5498635172843933,0.4034115076065063,0.5591634511947632,0.4312580227851867,0.5603774189949036,Badminton full court,0.4215257167816162,0.4657739251852035,0.023629367351531982,Backhand_Backcourt
frame_227_full_court.jpg,0.4049405753612518,0.3961799442768097,0.4374023377895355,0.3900185823440552,0.4162318408489227,0.4736507833003998,0.4355735778808594,0.4644256830215454,0.4116440713405609,0.5095720291137695,0.4478925764560699,0.5111985206604004,0.4104902446269989,0.557430624961853,0.4549569189548492,0.5695769786834717,0.4101742506027221,0.5641899108886719,0.4645287096500397,0.577845573425293,Badminton full court,0.42590270936489105,0.4690382331609726,0.044466674327850286,Backhand_Backcourt
frame_228_full_court.jpg,0.4049405753612518,0.3961799442768097,0.4374023377895355,0.3900185823440552,0.4162318408489227,0.4736507833003998,0.4355735778808594,0.4644256830215454,0.4116440713405609,0.5095720291137695,0.4478925764560699,0.5111985206604004,0.4104902446269989,0.557430624961853,0.4549569189548492,0.5695769786834717,0.4101742506027221,0.5641899108886719,0.4645287096500397,0.577845573425293,Badminton full court,0.42590270936489105,0.4690382331609726,0.044466674327850286,Backhand_Backcourt
frame_229_full_court.jpg,0.500573992729187,0.6341623663902283,0.5214587450027466,0.6285544633865356,0.5151811242103577,0.5095828175544739,0.5301179885864258,0.4867367744445801,0.5079252123832703,0.5731691718101501,0.5308916568756104,0.470009833574295,0.5003063082695007,0.5623641014099121,0.5115206837654114,0.4214860796928406,0.4893948435783386,0.6087685227394104,0.5043653249740601,0.4515220820903778,Badminton full court,0.5226495563983917,0.498159795999527,0.011214375495910645,Recovery_Ready
frame_23_full_court.jpg,0.500573992729187,0.6341623663902283,0.5214587450027466,0.6285544633865356,0.5151811242103577,0.5095828175544739,0.5301179885864258,0.4867367744445801,0.5079252123832703,0.5731691718101501,0.5308916568756104,0.470009833574295,0.5003063082695007,0.5623641014099121,0.5115206837654114,0.4214860796928406,0.4893948435783386,0.6087685227394104,0.5043653249740601,0.4515220820903778,Badminton full court,0.5226495563983917,0.498159795999527,0.011214375495910645,Recovery_Ready
frame_230_full_court.jpg,0.5239312648773193,0.6109123229980469,0.5551966428756714,0.5781320333480835,0.5299620032310486,0.5051924586296082,0.5480888485908508,0.483763575553894,0.5185933709144592,0.6454264521598816,0.5567349195480347,0.5593089461326599,0.5057101249694824,0.7568463683128357,0.5496298670768738,0.5848686695098877,0.5159857273101807,0.7797122001647949,0.5479191541671753,0.6035999655723572,Badminton full court,0.5390254259109497,0.4944780170917511,0.04391974210739136,Recovery_Ready
frame_231_full_court.jpg,0.5505754351615906,0.5431032180786133,0.5695043206214905,0.5623664259910583,0.5536466240882874,0.4551117122173309,0.5667679905891418,0.4688559174537658,0.5380962491035461,0.6154586672782898,0.5488856434822083,0.6087662577629089,0.528891384601593,0.7173135876655579,0.549213171005249,0.693165123462677,0.5339816808700562,0.7563071250915527,0.5542722940444946,0.7465700507164001,Badminton full court,0.5602073073387146,0.46198381483554835,0.020321786403656006,Recovery_Ready
frame_232_full_court.jpg,0.5814101099967957,0.5040842294692993,0.5782744884490967,0.5501975417137146,0.5833308696746826,0.4274322092533111,0.5810724496841431,0.4503586888313293,0.5694167613983154,0.5544652938842773,0.561592698097229,0.5902856588363647,0.5499372482299805,0.6244152784347534,0.5590172410011292,0.6720608472824097,0.5481704473495483,0.6656263470649719,0.5633280277252197,0.7117456793785095,Badminton full court,0.5822016596794128,0.4388954490423202,0.009079992771148682,Forehand_Backcourt
frame_233_full_court.jpg,0.5889654755592346,0.5056657791137695,0.5949483513832092,0.5537766814231873,0.5921006798744202,0.4259989559650421,0.5959015488624573,0.4487568438053131,0.580963671207428,0.461847573518753,0.5962929129600525,0.528012752532959,0.5528845191001892,0.469607263803482,0.604307234287262,0.5984774827957153,0.5390592813491821,0.4840152263641357,0.6154930591583252,0.6586874723434448,Badminton full court,0.5940011143684387,0.4373778998851776,0.051422715187072754,Forehand_Backcourt
frame_234_full_court.jpg,0.6079224348068237,0.5155823826789856,0.6097338199615479,0.5542044043540955,0.6090648770332336,0.4364442825317383,0.6063251495361328,0.4551433324813843,0.5998074412345886,0.5112427473068237,0.5995144248008728,0.5880317687988281,0.583999752998352,0.4534325301647186,0.6036585569381714,0.6992537975311279,0.5831277966499329,0.4564344882965088,0.6149165034294128,0.7501953840255737,Badminton full court,0.6076950132846832,0.4457938075065613,0.019658803939819336,Forehand_Backcourt
frame_235_full_court.jpg,0.643549919128418,0.5208825469017029,0.6087855100631714,0.5481128692626953,0.6322299838066101,0.4344582259654999,0.6102860569953918,0.43121999502182,0.6281117796897888,0.4799889326095581,0.6123554706573486,0.574336051940918,0.5963459610939026,0.4490229189395904,0.6073674559593201,0.695152759552002,0.595791757106781,0.4593186974525451,0.6136249899864197,0.6977381110191345,Badminton full court,0.621258020401001,0.43283911049366,0.01102149486541748,Forehand_Backcourt
frame_236_full_court.jpg,0.6635323762893677,0.5363437533378601,0.6303878426551819,0.547859787940979,0.6545180678367615,0.4220613539218902,0.6288555860519409,0.4316967725753784,0.6523367762565613,0.423390656709671,0.6263527274131775,0.5121353268623352,0.6281313300132751,0.416559636592865,0.651038408279419,0.4717719256877899,0.6146404147148132,0.4230323433876037,0.6525841951370239,0.4649860560894012,Badminton full court,0.6416868269443512,0.42687906324863434,0.0229070782661438,Forehand_Backcourt
frame_237_full_court.jpg,0.6859927773475647,0.542055606842041,0.6518926024436951,0.5481530427932739,0.6785375475883484,0.4206797182559967,0.6515499353408813,0.4295704364776611,0.7001308798789978,0.4111567735671997,0.634416401386261,0.4583809971809387,0.6732347011566162,0.36471688747406,0.6305683851242065,0.4208971560001373,0.6660969257354736,0.348971962928772,0.6265419125556946,0.3857626914978027,Badminton full court,0.6650437414646149,0.4251250773668289,0.04266631603240967,Forehand_Backcourt
frame_238_full_court.jpg,0.7069871425628662,0.541817843914032,0.6704156994819641,0.5505310893058777,0.6990739107131958,0.4152590930461883,0.670304000377655,0.423144668340683,0.732244610786438,0.4470770061016083,0.6445701122283936,0.4412140846252441,0.7301173806190491,0.4034083783626556,0.6209823489189148,0.384614884853363,0.7332878112792969,0.3816334903240204,0.6159398555755615,0.3755419552326202,Badminton full court,0.6846889555454254,0.41920188069343567,0.10913503170013428,Forehand_Backcourt
frame_239_full_court.jpg,0.7147614359855652,0.5388374924659729,0.6792669892311096,0.5391618609428406,0.714241087436676,0.3965902328491211,0.6850377917289734,0.3940045535564422,0.751983106136322,0.421044647693634,0.6576278209686279,0.3919799625873565,0.7546547651290894,0.3721340298652649,0.6281881928443909,0.3441234827041626,0.7562123537063599,0.3609434366226196,0.6223337054252625,0.3432420790195465,Badminton full court,0.6996394395828247,0.3952973932027817,0.1264665722846985,Forehand_Backcourt
frame_24_full_court.jpg,0.7147614359855652,0.5388374924659729,0.6792669892311096,0.5391618609428406,0.714241087436676,0.3965902328491211,0.6850377917289734,0.3940045535564422,0.751983106136322,0.421044647693634,0.6576278209686279,0.3919799625873565,0.7546547651290894,0.3721340298652649,0.6281881928443909,0.3441234827041626,0.7562123537063599,0.3609434366226196,0.6223337054252625,0.3432420790195465,Badminton full court,0.6996394395828247,0.3952973932027817,0.1264665722846985,Forehand_Backcourt
frame_240_full_court.jpg,0.7155123353004456,0.5680339932441711,0.7007033228874207,0.5694436430931091,0.7201358079910278,0.4135028123855591,0.6959785223007202,0.415919691324234,0.7512523531913757,0.3726955652236938,0.6747108697891235,0.3644855618476867,0.7613828778266907,0.3407824635505676,0.6425391435623169,0.3161782324314117,0.7661281228065491,0.3161092102527618,0.6324775815010071,0.2937426269054413,Badminton full court,0.708057165145874,0.41471125185489655,0.11884373426437378,Forehand_Backcourt
frame_241_full_court.jpg,0.7185238599777222,0.5565840601921082,0.706888735294342,0.5302433371543884,0.7207905650138855,0.4053939878940582,0.7159855365753174,0.4092243611812591,0.7092427015304565,0.3339501917362213,0.743026852607727,0.3783150315284729,0.6623508334159851,0.3156503438949585,0.7704887390136719,0.3606613576412201,0.6437956094741821,0.2808882594108581,0.7779801487922668,0.3588734567165375,Badminton full court,0.7183880507946014,0.4073091745376587,0.10813790559768677,Forehand_Backcourt
frame_242_full_court.jpg,0.7185238599777222,0.5565840601921082,0.706888735294342,0.5302433371543884,0.7207905650138855,0.4053939878940582,0.7159855365753174,0.4092243611812591,0.7092427015304565,0.3339501917362213,0.743026852607727,0.3783150315284729,0.6623508334159851,0.3156503438949585,0.7704887390136719,0.3606613576412201,0.6437956094741821,0.2808882594108581,0.7779801487922668,0.3588734567165375,Badminton full court,0.7183880507946014,0.4073091745376587,0.10813790559768677,Forehand_Backcourt
frame_243_full_court.jpg,0.7185238599777222,0.5565840601921082,0.706888735294342,0.5302433371543884,0.7207905650138855,0.4053939878940582,0.7159855365753174,0.4092243611812591,0.7092427015304565,0.3339501917362213,0.743026852607727,0.3783150315284729,0.6623508334159851,0.3156503438949585,0.7704887390136719,0.3606613576412201,0.6437956094741821,0.2808882594108581,0.7779801487922668,0.3588734567165375,Badminton full court,0.7183880507946014,0.4073091745376587,0.10813790559768677,Forehand_Backcourt
frame_244_full_court.jpg,0.7470026612281799,0.4050556421279907,0.7600878477096558,0.3980277776718139,0.7539762854576111,0.5233163833618164,0.7691600322723389,0.5197149515151978,0.7176140546798706,0.5841886401176453,0.7766096591949463,0.5941834449768066,0.7285395264625549,0.6604293584823608,0.798198938369751,0.6637661457061768,0.7118975520133972,0.6966461539268494,0.7850835919380188,0.6777912378311157,Badminton full court,0.761568158864975,0.5215156674385071,0.06965941190719604,Forehand_Mid
frame_245_full_court.jpg,0.7447264194488525,0.4258609414100647,0.7635887265205383,0.4180786907672882,0.7577533721923828,0.5412005186080933,0.7753734588623047,0.5367580652236938,0.7225843071937561,0.5949755907058716,0.7725409865379333,0.5941944718360901,0.7421333193778992,0.671062171459198,0.7988014221191406,0.6652721166610718,0.7215406894683838,0.6951385736465454,0.7852131724357605,0.677997350692749,Badminton full court,0.7665634155273438,0.5389792919158936,0.056668102741241455,Forehand_Mid
frame_246_full_court.jpg,0.7424571514129639,0.4407611191272735,0.7633101940155029,0.4303752779960632,0.7593863606452942,0.5505225658416748,0.7778022885322571,0.5445392727851868,0.7230598330497742,0.5973471403121948,0.7708757519721985,0.5941941142082214,0.746505618095398,0.6693518161773682,0.7987939119338989,0.6652871966362,0.7272046804428101,0.6944707632064819,0.7848348021507263,0.6782371401786804,Badminton full court,0.7685943245887756,0.5475309193134308,0.05228829383850098,Forehand_Mid
frame_247_full_court.jpg,0.7341724038124084,0.4432998895645141,0.7544838786125183,0.4288833141326904,0.7579379677772522,0.5493098497390747,0.7761348485946655,0.5420613884925842,0.7178665399551392,0.5967631936073303,0.7703937292098999,0.5959272980690002,0.747111439704895,0.6683409810066223,0.7987897992134094,0.6651175618171692,0.7287046909332275,0.6945227980613708,0.7849418520927429,0.6774855256080627,Badminton full court,0.7670364081859589,0.5456856191158295,0.051678359508514404,Forehand_Mid
frame_248_full_court.jpg,0.7241159677505493,0.4365945756435394,0.7378914952278137,0.4256986975669861,0.7480399012565613,0.5466181039810181,0.7646297812461853,0.5417205095291138,0.7152926325798035,0.6030192971229553,0.7691991925239563,0.594748854637146,0.7482053637504578,0.6708729863166809,0.7932846546173096,0.6590785384178162,0.7299431562423706,0.6962391138076782,0.7840681076049805,0.6774926781654358,Badminton full court,0.7563348412513733,0.5441693067550659,0.04507929086685181,Forehand_Mid
frame_249_full_court.jpg,0.7152009606361389,0.4021189212799072,0.7162752747535706,0.4015059173107147,0.7387992143630981,0.5237303972244263,0.7482713460922241,0.5183650255203247,0.7151639461517334,0.6016077399253845,0.7508895397186279,0.5907453298568726,0.7475498914718628,0.6710213422775269,0.7769386172294617,0.6565185189247131,0.7291758060455322,0.6971622705459595,0.7671263217926025,0.6814475655555725,Badminton full court,0.7435352802276611,0.5210477113723755,0.029388725757598877,Forehand_Mid
frame_25_full_court.jpg,0.7624698877334595,0.4580475687980652,0.75977623462677,0.46114382147789,0.7759060263633728,0.5252494812011719,0.7704761624336243,0.5251439213752747,0.767455518245697,0.5334906578063965,0.7501515746116638,0.5538702607154846,0.770330011844635,0.5782949328422546,0.775694727897644,0.5680399537086487,0.7622902989387512,0.5915809273719788,0.7752572298049927,0.5698776245117188,Badminton full court,0.7731910943984985,0.5251967012882233,0.005364716053009033,Forehand_Mid
frame_250_full_court.jpg,0.7121374607086182,0.3828898072242737,0.7035649418830872,0.3973481357097626,0.7324199080467224,0.5018389821052551,0.7303377985954285,0.5035684704780579,0.7250524759292603,0.5668220520019531,0.7248463034629822,0.5728424191474915,0.7538827657699585,0.5991891026496887,0.7463226914405823,0.5971209406852722,0.7431187033653259,0.6406053304672241,0.7348970770835876,0.6233843564987183,Badminton full court,0.7313788533210754,0.5027037262916565,0.007560074329376221,Forehand_Backcourt
frame_251_full_court.jpg,0.697195827960968,0.3749806880950928,0.6884788870811462,0.3832754492759704,0.7183192372322083,0.4970540404319763,0.7129814028739929,0.498387724161148,0.6931191682815552,0.5776856541633606,0.697235643863678,0.5790507197380066,0.7280269265174866,0.6272498369216919,0.7228067517280579,0.6101559400558472,0.712231457233429,0.670612096786499,0.70731121301651,0.6825429201126099,Badminton full court,0.7156503200531006,0.4977208822965622,0.005220174789428711,Forehand_Backcourt
frame_252_full_court.jpg,0.6931174397468567,0.386518120765686,0.6732341051101685,0.3889050185680389,0.705348551273346,0.5034904479980469,0.6940038800239563,0.5050877332687378,0.6734684109687805,0.5815380811691284,0.686596155166626,0.5916049480438232,0.7100156545639038,0.6579172015190125,0.7120633721351624,0.6760813593864441,0.696564257144928,0.685991644859314,0.693187952041626,0.7080323100090027,Badminton full court,0.6996762156486511,0.5042890906333923,0.002047717571258545,Forehand_Backcourt
frame_253_full_court.jpg,0.686278760433197,0.4062544405460357,0.6606592535972595,0.4065709412097931,0.6866994500160217,0.5156156420707703,0.6745184659957886,0.5216682553291321,0.6645464301109314,0.5982456803321838,0.6695215702056885,0.6115270256996155,0.694275438785553,0.6915506720542908,0.7108370065689087,0.6827611327171326,0.6818798780441284,0.7264155149459839,0.6942547559738159,0.71835857629776,Badminton full court,0.6806089580059052,0.5186419486999512,0.016561567783355713,Forehand_Mid
frame_254_full_court.jpg,0.6734534502029419,0.4268543720245361,0.6455018520355225,0.4235198497772217,0.6688905954360962,0.5460910201072693,0.6492547392845154,0.5476208925247192,0.6595354676246643,0.6244743466377258,0.6343256235122681,0.6378166675567627,0.691742479801178,0.7085798978805542,0.6809663772583008,0.6691493988037109,0.678769052028656,0.7348452210426331,0.6828804016113281,0.7064420580863953,Badminton full court,0.6590726673603058,0.5468559563159943,0.010776102542877197,Forehand_Mid
frame_255_full_court.jpg,0.6501299738883972,0.4350748658180237,0.6249956488609314,0.4348791241645813,0.6511096954345703,0.5552392601966858,0.6287566423416138,0.5565304756164551,0.6573139429092407,0.6317699551582336,0.5927951335906982,0.6245735883712769,0.6898653507232666,0.7111685872077942,0.6375842690467834,0.6631432175636292,0.678088366985321,0.7366039156913757,0.6306633353233337,0.7021837830543518,Badminton full court,0.639933168888092,0.5558848679065704,0.052281081676483154,Forehand_Mid
frame_256_full_court.jpg,0.6179853081703186,0.4346511363983154,0.5958951711654663,0.4267372190952301,0.6237105131149292,0.5489493608474731,0.598665177822113,0.5481017231941223,0.6475013494491577,0.633993923664093,0.5531004071235657,0.5922271013259888,0.6865051984786987,0.7054088711738586,0.5798768997192383,0.6604794859886169,0.6782554984092712,0.7369558215141296,0.5593321919441223,0.6927197575569153,Badminton full court,0.6111878454685211,0.5485255420207977,0.10662829875946045,Forehand_Mid
frame_257_full_court.jpg,0.5827995538711548,0.3999849855899811,0.5602611899375916,0.4215648472309112,0.588920533657074,0.5478275418281555,0.5657674074172974,0.5441598892211914,0.6192504167556763,0.623092532157898,0.5169578194618225,0.5725775361061096,0.6644138693809509,0.6987252235412598,0.5164569020271301,0.6599802374839783,0.6724809408187866,0.7342725396156311,0.4909902513027191,0.6718012094497681,Badminton full court,0.5773439705371857,0.5459937155246735,0.1479569673538208,Forehand_Mid
frame_258_full_court.jpg,0.5466105937957764,0.3925787806510925,0.5226280093193054,0.4203377068042755,0.5525392293930054,0.5400150418281555,0.5316888093948364,0.5415194630622864,0.5830360651016235,0.6187607645988464,0.4876343011856079,0.5828953385353088,0.6303125023841858,0.695242166519165,0.4611711502075195,0.6649141311645508,0.6365277171134949,0.7349611520767212,0.4428510069847107,0.6635477542877197,Badminton full court,0.5421140193939209,0.540767252445221,0.16914135217666632,Forehand_Mid
frame_259_full_court.jpg,0.5094369649887085,0.3999614119529724,0.4849592745304107,0.4265776872634887,0.5114768743515015,0.5459327697753906,0.5124046206474304,0.5480661392211914,0.458541601896286,0.6192013621330261,0.5382669568061829,0.6272937059402466,0.427219033241272,0.6977187991142273,0.5797786116600037,0.700732946395874,0.4065386354923248,0.687512993812561,0.5853769183158875,0.7292081713676453,Badminton full court,0.5119407474994659,0.546999454498291,0.1525595784187317,Backhand_Mid
frame_26_full_court.jpg,0.5094369649887085,0.3999614119529724,0.4849592745304107,0.4265776872634887,0.5114768743515015,0.5459327697753906,0.5124046206474304,0.5480661392211914,0.458541601896286,0.6192013621330261,0.5382669568061829,0.6272937059402466,0.427219033241272,0.6977187991142273,0.5797786116600037,0.700732946395874,0.4065386354923248,0.687512993812561,0.5853769183158875,0.7292081713676453,Badminton full court,0.5119407474994659,0.546999454498291,0.1525595784187317,Backhand_Mid
frame_260_full_court.jpg,0.460703581571579,0.4610342383384704,0.4513010680675506,0.4516403675079345,0.4622618854045868,0.4831302762031555,0.4606340527534485,0.4879391193389892,0.4628313183784485,0.4806635081768036,0.4779087007045746,0.5184348821640015,0.4700459837913513,0.5067188739776611,0.4895728826522827,0.5401287078857422,0.4714081585407257,0.507268488407135,0.4921005368232727,0.5438706874847412,Badminton full court,0.46144796907901764,0.4855346977710724,0.019526898860931396,Backhand_Backcourt
frame_261_full_court.jpg,0.4793563485145569,0.5427294969558716,0.4811171889305115,0.5407456755638123,0.4575129747390747,0.484828919172287,0.4620881676673889,0.4894154369831085,0.4336830377578735,0.4566717445850372,0.4754749238491058,0.5151613354682922,0.4283611476421356,0.4917140901088714,0.4912382364273071,0.5451114773750305,0.425887793302536,0.5022908449172974,0.4965943396091461,0.570145845413208,Badminton full court,0.4598005712032318,0.48712217807769775,0.06287708878517145,Backhand_Backcourt
frame_262_full_court.jpg,0.4793563485145569,0.5427294969558716,0.4811171889305115,0.5407456755638123,0.4575129747390747,0.484828919172287,0.4620881676673889,0.4894154369831085,0.4336830377578735,0.4566717445850372,0.4754749238491058,0.5151613354682922,0.4283611476421356,0.4917140901088714,0.4912382364273071,0.5451114773750305,0.425887793302536,0.5022908449172974,0.4965943396091461,0.570145845413208,Badminton full court,0.4598005712032318,0.48712217807769775,0.06287708878517145,Backhand_Backcourt
frame_263_full_court.jpg,0.4408452212810516,0.4516855478286743,0.4206708967685699,0.4701979756355285,0.4545757472515106,0.5752614736557007,0.4377911984920501,0.5755316019058228,0.4127536416053772,0.6316356658935547,0.4064854979515075,0.6122837066650391,0.4574808478355407,0.6927570700645447,0.4114141166210174,0.698768138885498,0.4495370090007782,0.7366417646408081,0.3859660029411316,0.7189206480979919,Badminton full court,0.4461834728717804,0.5753965377807617,0.046066731214523315,Backhand_Mid
frame_264_full_court.jpg,0.440805435180664,0.4313586950302124,0.4216246008872986,0.4532579779624939,0.4568371474742889,0.5604172945022583,0.4437305629253387,0.5622686743736267,0.4203150868415832,0.6307973265647888,0.4154765903949737,0.6146150827407837,0.4610257744789123,0.6973832249641418,0.4118980467319488,0.6959943175315857,0.4498104751110077,0.7366088628768921,0.3863515853881836,0.7189118266105652,Badminton full court,0.4502838551998138,0.5613429844379425,0.0491277277469635,Backhand_Mid
frame_265_full_court.jpg,0.4440777003765106,0.4165526330471039,0.4220186769962311,0.4404926896095276,0.4689115285873413,0.5433605313301086,0.4525696933269501,0.5491942763328552,0.4403997361660003,0.622081995010376,0.4278317093849182,0.6134722828865051,0.4662774503231048,0.6971393823623657,0.4386090338230133,0.6961374282836914,0.4525765478610992,0.7361213564872742,0.4169984459877014,0.7207399010658264,Badminton full court,0.4607406109571457,0.5462774038314819,0.027668416500091497,Backhand_Mid
frame_266_full_court.jpg,0.4551752209663391,0.4150747656822204,0.4221515953540802,0.4357566833496094,0.4783569872379303,0.537391185760498,0.4582181870937347,0.5464929938316345,0.458951473236084,0.6221116185188293,0.4436402022838592,0.6275087594985962,0.4876912236213684,0.6976438164710999,0.4882430136203766,0.6907371878623962,0.4792410731315613,0.7398985028266907,0.4842411577701568,0.7305105924606323,Badminton full court,0.4682875871658325,0.5419420897960663,0.0005517899990081787,Recovery_Ready
frame_267_full_court.jpg,0.4724811017513275,0.4227346777915954,0.4237138628959656,0.4350286424160003,0.477747768163681,0.5456069111824036,0.4551709592342376,0.5536509156227112,0.4768594205379486,0.6335161924362183,0.4609235823154449,0.6468558311462402,0.5091904401779175,0.7161577939987183,0.501508355140686,0.6978656649589539,0.5088129639625549,0.7566669583320618,0.4870739579200744,0.7311254143714905,Badminton full court,0.4664593636989593,0.5496289134025574,0.007682085037231445,Recovery_Ready
frame_268_full_court.jpg,0.4804531931877136,0.4233061075210571,0.4263879358768463,0.4411125481128692,0.4775473177433014,0.5533186197280884,0.4521293640136719,0.5666536688804626,0.4900725483894348,0.6537830829620361,0.4461964666843414,0.6714562773704529,0.516531229019165,0.730927050113678,0.4795964062213897,0.6844760179519653,0.5132550597190857,0.7636590003967285,0.482083797454834,0.7309461832046509,Badminton full court,0.46483834087848663,0.5599861443042755,0.036934822797775324,Recovery_Ready
frame_269_full_court.jpg,0.4813880622386932,0.4398629367351532,0.4257952570915222,0.4417618215084076,0.4740157723426819,0.567041277885437,0.4458907842636108,0.5773950815200806,0.4907248318195343,0.6640194654464722,0.4324197471141815,0.6793120503425598,0.517208993434906,0.7338522672653198,0.4623061716556549,0.6761866211891174,0.5160930752754211,0.7653946280479431,0.4509488046169281,0.724425733089447,Badminton full court,0.45995327830314636,0.5722181797027588,0.0549028217792511,Backhand_Mid
frame_27_full_court.jpg,0.4571944177150726,0.5104880332946777,0.4490370452404022,0.509855329990387,0.4599078595638275,0.5966911315917969,0.452736347913742,0.6010306477546692,0.4645916819572449,0.6049280762672424,0.4520189464092254,0.6460718512535095,0.4496987164020538,0.6253968477249146,0.4605279862880707,0.6528708338737488,0.4365774691104889,0.6260377764701843,0.4582133889198303,0.6440927386283875,Badminton full court,0.4563221037387848,0.598860889673233,0.010829269886016901,Backhand_Front
frame_270_full_court.jpg,0.4658761918544769,0.4796242117881775,0.4160508215427398,0.4725026190280914,0.4582863450050354,0.5862619876861572,0.428138792514801,0.5881965160369873,0.4843247532844543,0.6594554781913757,0.3966388702392578,0.6463857293128967,0.5074009299278259,0.7129887938499451,0.4141966998577118,0.6997361779212952,0.5093747973442078,0.7372354865074158,0.4016904234886169,0.742620050907135,Badminton full court,0.4432125687599182,0.5872292518615723,0.09320423007011414,Backhand_Mid
frame_271_full_court.jpg,0.4518817365169525,0.4457676410675049,0.391333520412445,0.4541057050228119,0.438320904970169,0.5847554206848145,0.4055493772029876,0.5718372464179993,0.4735276103019714,0.6624348163604736,0.3668209314346313,0.6372542977333069,0.5061929821968079,0.7233402132987976,0.3606449067592621,0.7395755052566528,0.5141699314117432,0.7535728812217712,0.3365330994129181,0.7574955821037292,Badminton full court,0.4219351410865783,0.5782963335514069,0.14554807543754578,Backhand_Mid
frame_272_full_court.jpg,0.4286324381828308,0.4423933327198028,0.3661789298057556,0.4505318105220794,0.4151423871517181,0.5795590281486511,0.3819587528705597,0.5735564231872559,0.4560503959655761,0.6683365106582642,0.3479830622673034,0.6500691175460815,0.4945245385169983,0.7256872057914734,0.3184091746807098,0.7557960152626038,0.5071927309036255,0.7563536763191223,0.2960285246372223,0.7471229434013367,Badminton full court,0.3985505700111389,0.5765577256679535,0.1761153638362885,Backhand_Mid
frame_273_full_court.jpg,0.4034806787967682,0.4593992829322815,0.3423320055007934,0.4624756276607513,0.3950969576835632,0.6020077466964722,0.3613795042037964,0.600257933139801,0.432179182767868,0.7005153894424438,0.326031357049942,0.6721246242523193,0.4684148132801056,0.736003041267395,0.305547297000885,0.7740830779075623,0.4885302484035492,0.7598955631256104,0.2834818065166473,0.8101768493652344,Badminton full court,0.3782382309436798,0.6011328399181366,0.16286751627922058,Backhand_Front
frame_274_full_court.jpg,0.3835898339748382,0.4777073562145233,0.3226973712444305,0.48190438747406,0.3837026357650757,0.6177839040756226,0.3496243059635162,0.6171079874038696,0.4016528725624084,0.7321935296058655,0.3207032084465027,0.6708735227584839,0.4317387640476227,0.7412023544311523,0.3053767085075378,0.7788811922073364,0.4503318667411804,0.7687658071517944,0.2835025787353515,0.8134448528289795,Badminton full court,0.36666347086429596,0.6174459457397461,0.1263620555400849,Backhand_Front
frame_275_full_court.jpg,0.3782905340194702,0.4848962724208832,0.3142441511154175,0.4945175051689148,0.3799956738948822,0.6231359839439392,0.3466286063194275,0.6216492652893066,0.3762149512767792,0.7325208783149719,0.3149838745594024,0.6718711256980896,0.407783180475235,0.7490139007568359,0.304050475358963,0.7784032225608826,0.4161475896835327,0.7845379710197449,0.2850103378295898,0.8115997910499573,Badminton full court,0.36331214010715485,0.6223926246166229,0.10373270511627197,Backhand_Front
frame_276_full_court.jpg,0.38102987408638,0.4876793324947357,0.3161715567111969,0.4913811087608337,0.3797618448734283,0.6174660921096802,0.3455119431018829,0.6162418127059937,0.3665896952152252,0.7158753275871277,0.3143227994441986,0.6710222959518433,0.3921644389629364,0.7410741448402405,0.3047287762165069,0.777583658695221,0.396003395318985,0.786539614200592,0.2850030362606048,0.8116307854652405,Badminton full court,0.3626368939876556,0.6168539524078369,0.0874356627464295,Backhand_Front
frame_277_full_court.jpg,0.3915956914424896,0.4796127378940582,0.3310022056102752,0.48505899310112,0.3846185803413391,0.6090793609619141,0.351015031337738,0.6089754104614258,0.3720327317714691,0.711257815361023,0.3189121186733246,0.6699730157852173,0.3959576785564422,0.7381992936134338,0.3048491477966308,0.7764217853546143,0.3976823687553406,0.7911064624786377,0.2869493663311004,0.810807466506958,Badminton full court,0.3678168058395386,0.6090273857116699,0.0911085307598114,Backhand_Front
frame_278_full_court.jpg,0.3989086747169494,0.4596877694129944,0.3429727554321289,0.452944666147232,0.3955864012241363,0.5887267589569092,0.3628356754779815,0.5877701640129089,0.3860069215297699,0.6935124397277832,0.3297627568244934,0.6714045405387878,0.4013599753379822,0.7528721690177917,0.3048489391803741,0.7756876945495605,0.3984215855598449,0.79758620262146,0.2822476625442505,0.8065236210823059,Badminton full court,0.3792110383510589,0.5882484614849091,0.09651103615760809,Backhand_Mid
frame_279_full_court.jpg,0.4147309958934784,0.4278896749019623,0.3699842691421509,0.4253904223442077,0.4081459641456604,0.56610506772995,0.3781341910362243,0.5645762085914612,0.3942589163780212,0.672406017780304,0.3501056432723999,0.6661404967308044,0.4031856656074524,0.7595482468605042,0.3223331868648529,0.7676885724067688,0.3982178568840027,0.801092267036438,0.2943404912948608,0.7775730490684509,Badminton full court,0.3931400775909424,0.5653406381607056,0.08085247874259949,Backhand_Mid
frame_28_full_court.jpg,0.2895509004592895,0.4383026659488678,0.3179607391357422,0.4543280601501465,0.3210107982158661,0.5736637115478516,0.3368183672428131,0.5727319121360779,0.3161841332912445,0.6419683694839478,0.3250464200973511,0.6433092951774597,0.3194479048252105,0.7155265212059021,0.3147681057453155,0.7289368510246277,0.3374682068824768,0.7352598309516907,0.3329038321971893,0.7513551115989685,Badminton full court,0.3289145827293396,0.5731978118419647,0.0046797990798950195,Backhand_Mid
frame_280_full_court.jpg,0.3448044061660766,0.4173877537250519,0.3828921616077423,0.408970296382904,0.3621404767036438,0.5582510828971863,0.3842481672763824,0.5550869703292847,0.3868292868137359,0.6461376547813416,0.3712789118289947,0.6383473873138428,0.3839387893676758,0.749402642250061,0.3706987798213959,0.737724781036377,0.385739117860794,0.7808595895767212,0.3467215597629547,0.7618619799613953,Badminton full court,0.3731943219900131,0.5566690266132355,0.013240009546279907,Backhand_Mid
frame_281_full_court.jpg,0.4052083194255829,0.4118917882442474,0.3881064355373382,0.4087423384189605,0.3799561560153961,0.5356361865997314,0.3829448521137237,0.5337761640548706,0.4123173356056213,0.6381024718284607,0.3979374468326568,0.6310650706291199,0.4227339029312134,0.7492525577545166,0.4207185506820678,0.7380439043045044,0.3919466733932495,0.7842098474502563,0.4022274911403656,0.762946605682373,Badminton full court,0.38145050406455994,0.534706175327301,0.0020153522491455633,Backhand_Mid
frame_282_full_court.jpg,0.4231465458869934,0.4202378392219543,0.4326409995555877,0.4195278882980346,0.3845953643321991,0.5332308411598206,0.3937528729438782,0.5365318059921265,0.4236889481544494,0.641183614730835,0.4218168556690216,0.6347079873085022,0.4477595388889313,0.7562770247459412,0.4529438018798828,0.7340277433395386,0.4174863994121551,0.7839716672897339,0.4417202770709991,0.7617710828781128,Badminton full court,0.38917411863803864,0.5348813235759735,0.005184262990951538,Backhand_Mid
frame_283_full_court.jpg,0.4562941193580627,0.4228705465793609,0.4649621546268463,0.4202932119369507,0.4068132936954498,0.5248810052871704,0.4123507142066955,0.5264854431152344,0.4388386011123657,0.6404407620429993,0.4422736763954162,0.633586585521698,0.4484822154045105,0.7651756405830383,0.487077534198761,0.7078438997268677,0.4214901924133301,0.7923960089683533,0.4839661717414856,0.7477919459342957,Badminton full court,0.40958200395107264,0.5256832242012024,0.03859531879425049,Backhand_Mid
frame_284_full_court.jpg,0.4803816080093384,0.4126339256763458,0.4978694915771484,0.4145896732807159,0.4385811686515808,0.5172799229621887,0.4557604491710663,0.5250141024589539,0.4666889309883117,0.6433419585227966,0.4730056226253509,0.6370357871055603,0.4516795873641968,0.7610816955566406,0.503194272518158,0.7238920331001282,0.4235749840736389,0.7885209918022156,0.4898146688938141,0.7528647780418396,Badminton full court,0.44717080891132355,0.5211470127105713,0.05151468515396118,Backhand_Mid
frame_285_full_court.jpg,0.5117543339729309,0.4138705134391784,0.5378828048706055,0.4196884632110595,0.4844039678573608,0.5188636779785156,0.51222825050354,0.5244274735450745,0.489172488451004,0.6333819627761841,0.4954856634140014,0.630730152130127,0.4859355688095093,0.7526596188545227,0.5101706385612488,0.7289949655532837,0.4561287462711334,0.7672581672668457,0.4900833070278168,0.7441892027854919,Badminton full court,0.49831610918045044,0.521645575761795,0.024235069751739502,Recovery_Ready
frame_286_full_court.jpg,0.5272067189216614,0.3985373079776764,0.5728589296340942,0.4128625392913818,0.5226570963859558,0.5163657069206238,0.551144540309906,0.5170406699180603,0.5143382549285889,0.6179094314575195,0.5208297967910767,0.6190316677093506,0.5245414972305298,0.7234130501747131,0.5248075127601624,0.7182368636131287,0.4996671974658966,0.748651921749115,0.5004319548606873,0.743043839931488,Badminton full court,0.5369008183479309,0.516703188419342,0.00026601552963256836,Recovery_Ready
frame_287_full_court.jpg,0.5389994978904724,0.3848275244235992,0.5824458003044128,0.3930856883525848,0.5500103235244751,0.5223352909088135,0.5663451552391052,0.522337019443512,0.5329067707061768,0.6230087876319885,0.5493034720420837,0.6107760667800903,0.5652551054954529,0.715462327003479,0.5665090084075928,0.7048805952072144,0.5470559597015381,0.7448769807815552,0.5504039525985718,0.730444073677063,Badminton full court,0.5581777393817902,0.5223361551761627,0.0012539029121398926,Recovery_Ready
frame_288_full_court.jpg,0.5563107132911682,0.392874538898468,0.6000633835792542,0.4033503532409668,0.567923903465271,0.5375677347183228,0.5870774984359741,0.5371073484420776,0.5499902367591858,0.6289143562316895,0.5917630791664124,0.6159296035766602,0.5777174234390259,0.7220891714096069,0.6175369620323181,0.7001124620437622,0.554313600063324,0.7482050657272339,0.6121523380279541,0.7248091101646423,Badminton full court,0.5775007009506226,0.5373375415802002,0.039819538593292236,Forehand_Mid
frame_289_full_court.jpg,0.5763845443725586,0.3980545997619629,0.623094379901886,0.405441552400589,0.5846465826034546,0.5510484576225281,0.613481342792511,0.5480614304542542,0.5603979229927063,0.6295154690742493,0.633162260055542,0.6186776757240295,0.576499342918396,0.7251643538475037,0.6593090891838074,0.6989161372184753,0.5561607480049133,0.7502797245979309,0.6604841947555542,0.7122789025306702,Badminton full court,0.5990639626979828,0.5495549440383911,0.08280974626541138,Forehand_Mid
frame_29_full_court.jpg,0.5763845443725586,0.3980545997619629,0.623094379901886,0.405441552400589,0.5846465826034546,0.5510484576225281,0.613481342792511,0.5480614304542542,0.5603979229927063,0.6295154690742493,0.633162260055542,0.6186776757240295,0.576499342918396,0.7251643538475037,0.6593090891838074,0.6989161372184753,0.5561607480049133,0.7502797245979309,0.6604841947555542,0.7122789025306702,Badminton full court,0.5990639626979828,0.5495549440383911,0.08280974626541138,Forehand_Mid
frame_290_full_court.jpg,0.6050576567649841,0.4080550968647003,0.6513139009475708,0.4168165624141693,0.6163131594657898,0.5499224066734314,0.6436212062835693,0.5444444417953491,0.5947818756103516,0.6357194185256958,0.6654853820800781,0.6237901449203491,0.5818313956260681,0.7153877019882202,0.6854321360588074,0.7029650211334229,0.5606672763824463,0.7445937395095825,0.6875317692756653,0.7073031663894653,Badminton full court,0.6299671828746796,0.5471834242343903,0.10360074043273926,Forehand_Mid
frame_291_full_court.jpg,0.6194795370101929,0.4075075089931488,0.6687610745429993,0.4163828194141388,0.6297647356987,0.547925591468811,0.6583355069160461,0.5438826680183411,0.6168479919433594,0.6318694949150085,0.67721027135849,0.6178692579269409,0.6205366849899292,0.710130512714386,0.686040461063385,0.700213611125946,0.6018692255020142,0.7424067854881287,0.6882489323616028,0.711068332195282,Badminton full court,0.644050121307373,0.545904129743576,0.06550377607345581,Forehand_Mid
frame_292_full_court.jpg,0.6337951421737671,0.3822789490222931,0.682248055934906,0.3977110981941223,0.6392920017242432,0.5305101871490479,0.6667267084121704,0.5299422740936279,0.6382119059562683,0.6179083585739136,0.6765716075897217,0.612126350402832,0.6731443405151367,0.6771677136421204,0.6836551427841187,0.6984664797782898,0.6735857129096985,0.7261165976524353,0.6791759133338928,0.7261895537376404,Badminton full court,0.6530093550682068,0.5302262306213379,0.010510802268981934,Forehand_Mid
frame_293_full_court.jpg,0.6404890418052673,0.350370317697525,0.6898123621940613,0.3694343864917755,0.647993803024292,0.4969162046909332,0.6699745655059814,0.4948365390300751,0.6571629643440247,0.5860282778739929,0.6759369969367981,0.5808879733085632,0.6999280452728271,0.6521205902099609,0.6943466067314148,0.6665545701980591,0.6975844502449036,0.7072972655296326,0.6893835663795471,0.7200419902801514,Badminton full court,0.6589841842651367,0.49587637186050415,0.0055814385414123535,Forehand_Backcourt
frame_294_full_court.jpg,0.6478323340415955,0.3358822166919708,0.6926031708717346,0.3500528037548065,0.658292829990387,0.4858399033546448,0.6746504902839661,0.4808956086635589,0.6708215475082397,0.5758636593818665,0.6743919253349304,0.5562464594841003,0.7066732048988342,0.6525365710258484,0.6942301392555237,0.6193431615829468,0.6996685266494751,0.7014773488044739,0.6889517903327942,0.6668142676353455,Badminton full court,0.6664716601371765,0.48336775600910187,0.012443065643310547,Forehand_Backcourt
frame_295_full_court.jpg,0.6568670868873596,0.3485825657844543,0.6860702037811279,0.341168999671936,0.6673945784568787,0.481338769197464,0.6843394041061401,0.4782087504863739,0.6740656495094299,0.5785418748855591,0.6890266537666321,0.5652998089790344,0.699827253818512,0.6631141901016235,0.7089594602584839,0.6462710499763489,0.6920340657234192,0.7084261775016785,0.6974843144416809,0.6752981543540955,Badminton full court,0.6758669912815094,0.47977375984191895,0.009132206439971924,Forehand_Backcourt
frame_296_full_court.jpg,0.6677922606468201,0.353854089975357,0.6845431923866272,0.3592559695243835,0.6790157556533813,0.4978127479553222,0.693581223487854,0.493979275226593,0.6680284738540649,0.5913367867469788,0.6992916464805603,0.5788161158561707,0.7049392461776733,0.6673072576522827,0.7111044526100159,0.6589881777763367,0.6983146071434021,0.7091256380081177,0.7003164887428284,0.6758991479873657,Badminton full court,0.6862984895706177,0.49589601159095764,0.006165206432342529,Forehand_Backcourt
frame_297_full_court.jpg,0.6753136515617371,0.4057182967662811,0.6859773397445679,0.3829984962940216,0.6885918974876404,0.5347514152526855,0.7019724249839783,0.5257806777954102,0.6591282486915588,0.6018920540809631,0.7001311779022217,0.5956565737724304,0.7009141445159912,0.6696978211402893,0.7222012281417847,0.6716010570526123,0.6960954666137695,0.7102200388908386,0.7069342732429504,0.6950898766517639,Badminton full court,0.6952821612358093,0.5302660465240479,0.021287083625793457,Forehand_Mid
frame_298_full_court.jpg,0.6741096377372742,0.4253619015216827,0.6858888268470764,0.4098971486091614,0.6926921010017395,0.5450668334960938,0.7046887278556824,0.538062572479248,0.6527161002159119,0.6012583374977112,0.6949861645698547,0.6019101142883301,0.6897623538970947,0.6605426073074341,0.722512423992157,0.6747850179672241,0.6910081505775452,0.7022655010223389,0.707430899143219,0.6959724426269531,Badminton full court,0.6986904144287109,0.5415647029876709,0.032750070095062256,Forehand_Mid
frame_299_full_court.jpg,0.6710001826286316,0.4354006052017212,0.685077428817749,0.4248634278774261,0.6883977055549622,0.5530948638916016,0.7033847570419312,0.5456889271736145,0.6479738354682922,0.6003724932670593,0.6938035488128662,0.6069409847259521,0.6814480423927307,0.6649473905563354,0.7224055528640747,0.6770287752151489,0.6713181138038635,0.7027362585067749,0.7069418430328369,0.6955581307411194,Badminton full court,0.6958912312984467,0.549391895532608,0.040957510471343994,Forehand_Mid
frame_3_full_court.jpg,0.6710001826286316,0.4354006052017212,0.685077428817749,0.4248634278774261,0.6883977055549622,0.5530948638916016,0.7033847570419312,0.5456889271736145,0.6479738354682922,0.6003724932670593,0.6938035488128662,0.6069409847259521,0.6814480423927307,0.6649473905563354,0.7224055528640747,0.6770287752151489,0.6713181138038635,0.7027362585067749,0.7069418430328369,0.6955581307411194,Badminton full court,0.6958912312984467,0.549391895532608,0.040957510471343994,Forehand_Mid
frame_30_full_court.jpg,0.3848240673542022,0.3460572957992553,0.3663353323936462,0.3310118913650512,0.3813479840755462,0.4931363761425018,0.3755052387714386,0.4938943982124328,0.3767111003398895,0.5943120121955872,0.3954746425151825,0.6050513982772827,0.3337754905223846,0.6703753471374512,0.397511214017868,0.7185198664665222,0.3386889696121216,0.7247937917709351,0.4228228032588959,0.7553063631057739,Badminton full court,0.37842661142349243,0.4935153871774673,0.0637357234954834,Backhand_Backcourt
frame_300_full_court.jpg,0.3848240673542022,0.3460572957992553,0.3663353323936462,0.3310118913650512,0.3813479840755462,0.4931363761425018,0.3755052387714386,0.4938943982124328,0.3767111003398895,0.5943120121955872,0.3954746425151825,0.6050513982772827,0.3337754905223846,0.6703753471374512,0.397511214017868,0.7185198664665222,0.3386889696121216,0.7247937917709351,0.4228228032588959,0.7553063631057739,Badminton full court,0.37842661142349243,0.4935153871774673,0.0637357234954834,Backhand_Backcourt
frame_301_full_court.jpg,0.6767493486404419,0.5808194875717163,0.6562358736991882,0.5379501581192017,0.6707738041877747,0.5049380660057068,0.6620849370956421,0.5051510334014893,0.6521740555763245,0.4432345032691955,0.6739479899406433,0.5490607619285583,0.6496191620826721,0.4333294332027435,0.680219829082489,0.643470287322998,0.6527957916259766,0.4305090606212616,0.6845273971557617,0.6959093809127808,Badminton full court,0.6664293706417084,0.505044549703598,0.030600666999816895,Forehand_Backcourt
frame_302_full_court.jpg,0.6767493486404419,0.5808194875717163,0.6562358736991882,0.5379501581192017,0.6707738041877747,0.5049380660057068,0.6620849370956421,0.5051510334014893,0.6521740555763245,0.4432345032691955,0.6739479899406433,0.5490607619285583,0.6496191620826721,0.4333294332027435,0.680219829082489,0.643470287322998,0.6527957916259766,0.4305090606212616,0.6845273971557617,0.6959093809127808,Badminton full court,0.6664293706417084,0.505044549703598,0.030600666999816895,Forehand_Backcourt
frame_303_full_court.jpg,0.6327713131904602,0.3742829263210296,0.6245000958442688,0.381590723991394,0.6567370891571045,0.5035331845283508,0.6498962044715881,0.504353404045105,0.6318724751472473,0.594865083694458,0.6333323121070862,0.5948646664619446,0.6623276472091675,0.6749948263168335,0.6598507165908813,0.6748732328414917,0.6460508704185486,0.7111185789108276,0.6428125500679016,0.7085533738136292,Badminton full court,0.6533166468143463,0.5039432942867279,0.002476930618286133,Forehand_Backcourt
frame_304_full_court.jpg,0.6264151334762573,0.3870457708835602,0.6069902777671814,0.3995790779590606,0.6512187719345093,0.5054295063018799,0.6382915377616882,0.5088793039321899,0.6201627254486084,0.5950206518173218,0.624452531337738,0.5971317291259766,0.6460195779800415,0.6812432408332825,0.6410240530967712,0.6833561658859253,0.6312289834022522,0.7183828353881836,0.6262384057044983,0.7181020379066467,Badminton full court,0.6447551548480988,0.5071544051170349,0.004995524883270264,Forehand_Backcourt
frame_305_full_court.jpg,0.6232948899269104,0.406242311000824,0.5869649648666382,0.4267467558383941,0.6383183598518372,0.525317370891571,0.6214693188667297,0.5322244763374329,0.6051100492477417,0.6019226908683777,0.6200038194656372,0.6199408173561096,0.6111761927604675,0.7066016793251038,0.6442068815231323,0.6970628499984741,0.5895709991455078,0.7216762900352478,0.6270840764045715,0.7200412154197693,Badminton full court,0.6298938393592834,0.528770923614502,0.033030688762664795,Forehand_Mid
frame_306_full_court.jpg,0.6194368600845337,0.4092644155025482,0.5685452222824097,0.4217471778392792,0.6181003451347351,0.5338186025619507,0.5980032086372375,0.5403673052787781,0.5916379690170288,0.609930157661438,0.6096896529197693,0.6273195147514343,0.5876088738441467,0.7217375040054321,0.642480194568634,0.691132128238678,0.5683651566505432,0.723729133605957,0.6258933544158936,0.7187239527702332,Badminton full court,0.6080517768859863,0.5370929539203644,0.054871320724487305,Forehand_Mid
frame_307_full_court.jpg,0.6087297797203064,0.4137858152389526,0.5535143613815308,0.4158945083618164,0.5960299968719482,0.5371591448783875,0.5701140761375427,0.5446880459785461,0.5772970914840698,0.6213188171386719,0.5842995047569275,0.6413083076477051,0.581394612789154,0.7305921316146851,0.6196688413619995,0.678074836730957,0.5698366165161133,0.7549588084220886,0.6221824288368225,0.7189593315124512,Badminton full court,0.5830720365047455,0.5409235954284668,0.03827422857284546,Forehand_Mid
frame_308_full_court.jpg,0.5933550596237183,0.4271235167980194,0.5374773740768433,0.4234263002872467,0.5741360187530518,0.5514291524887085,0.5472362637519836,0.5550006628036499,0.5656325221061707,0.6388981342315674,0.5434097051620483,0.665207028388977,0.5792468190193176,0.7331505417823792,0.5838077664375305,0.6745483875274658,0.5711361169815063,0.7611148357391357,0.5864633917808533,0.7150307297706604,Badminton full court,0.5606861412525177,0.5532149076461792,0.004560947418212891,Recovery_Ready
frame_309_full_court.jpg,0.5740736126899719,0.4299203157424927,0.516999363899231,0.4275069832801819,0.5542079210281372,0.553712785243988,0.5238180756568909,0.5502719283103943,0.5574918389320374,0.6559942960739136,0.5027971267700195,0.6471988558769226,0.5775178670883179,0.7282881736755371,0.5346262454986572,0.7001002430915833,0.5702932476997375,0.7627267241477966,0.5225570201873779,0.7475599646568298,Badminton full court,0.539012998342514,0.5519923567771912,0.042891621589660645,Recovery_Ready
frame_31_full_court.jpg,0.5740736126899719,0.4299203157424927,0.516999363899231,0.4275069832801819,0.5542079210281372,0.553712785243988,0.5238180756568909,0.5502719283103943,0.5574918389320374,0.6559942960739136,0.5027971267700195,0.6471988558769226,0.5775178670883179,0.7282881736755371,0.5346262454986572,0.7001002430915833,0.5702932476997375,0.7627267241477966,0.5225570201873779,0.7475599646568298,Badminton full court,0.539012998342514,0.5519923567771912,0.042891621589660645,Recovery_Ready
frame_310_full_court.jpg,0.5491171479225159,0.4256590008735657,0.4913668036460876,0.427297830581665,0.5266446471214294,0.5561967492103577,0.4948468208312988,0.5505902767181396,0.547933042049408,0.6618270874023438,0.4668015241622925,0.6247112154960632,0.5732545852661133,0.7195360660552979,0.4696508049964905,0.7341970205307007,0.570925772190094,0.7604691982269287,0.4485855996608734,0.757478654384613,Badminton full court,0.5107457339763641,0.5533935129642487,0.1036037802696228,Backhand_Mid
frame_311_full_court.jpg,0.5269766449928284,0.4295207560062408,0.464802622795105,0.4291587769985199,0.5038330554962158,0.5648425221443176,0.4688954949378967,0.5599639415740967,0.5342632532119751,0.6655610799789429,0.4382336735725403,0.6428321599960327,0.5633546113967896,0.7177614569664001,0.4126713871955871,0.7391622066497803,0.5687810182571411,0.7585706114768982,0.3895193338394165,0.729855477809906,Badminton full court,0.4863642752170563,0.5624032318592072,0.15068322420120245,Backhand_Mid
frame_312_full_court.jpg,0.4930428564548492,0.4492104947566986,0.4328005611896515,0.4474954903125763,0.4745368957519531,0.5975684523582458,0.4407998323440552,0.5944480895996094,0.5074617862701416,0.6871830821037292,0.4071306586265564,0.6734974980354309,0.5397774577140808,0.7232162952423096,0.3814275860786438,0.774002194404602,0.5520726442337036,0.7585075497627258,0.3562722504138946,0.7810594439506531,Badminton full court,0.45766836404800415,0.5960082709789276,0.158349871635437,Backhand_Front
frame_313_full_court.jpg,0.4624797999858856,0.4774792790412903,0.4010626077651977,0.4785400331020355,0.4527203440666199,0.6247274875640869,0.4192504286766052,0.6175550222396851,0.4735130667686462,0.7379502654075623,0.3879360854625702,0.669992208480835,0.5035681128501892,0.730529248714447,0.3735144734382629,0.783550500869751,0.5150477290153503,0.7611026167869568,0.3536525368690491,0.8128944635391235,Badminton full court,0.43598538637161255,0.621141254901886,0.13005363941192633,Backhand_Front
frame_314_full_court.jpg,0.4488668441772461,0.4844367802143097,0.3843127191066742,0.4948221147060394,0.4446854889392853,0.6298216581344604,0.4118049740791321,0.6224091649055481,0.4335724115371704,0.7482295632362366,0.3808706998825073,0.6738843321800232,0.4672473669052124,0.7428866028785706,0.3723912239074707,0.785796046257019,0.4745892584323883,0.7708112001419067,0.3525606989860534,0.8171272873878479,Badminton full court,0.4282452315092087,0.6261154115200043,0.0948561429977417,Backhand_Front
frame_315_full_court.jpg,0.4447106122970581,0.4852542579174042,0.3798442184925079,0.4969805181026459,0.4414510726928711,0.6202912330627441,0.408110648393631,0.613630473613739,0.4120808243751526,0.721126139163971,0.3772773444652557,0.6747180819511414,0.4399765431880951,0.7390562295913696,0.3740601539611816,0.7869729399681091,0.4391629993915558,0.7807219624519348,0.3532015383243561,0.8167009949684143,Badminton full court,0.42478086054325104,0.6169608533382416,0.06591638922691351,Backhand_Front
frame_316_full_court.jpg,0.4499290585517883,0.4778243601322174,0.3851089477539062,0.4861474633216858,0.4403991401195526,0.6095176339149475,0.4054207801818847,0.6051700711250305,0.4141426980495453,0.6900475025177002,0.3769477903842926,0.6703103184700012,0.4371581673622131,0.7366595268249512,0.3720750510692596,0.7843620181083679,0.436078816652298,0.7913249135017395,0.353843629360199,0.8157497644424438,Badminton full court,0.4229099601507187,0.607343852519989,0.06508311629295349,Backhand_Front
frame_317_full_court.jpg,0.4563028514385223,0.4647260904312134,0.395532488822937,0.4734340310096741,0.4446671605110168,0.5934187173843384,0.4109337031841278,0.5954963564872742,0.4255534708499908,0.6742250323295593,0.382425993680954,0.6670255064964294,0.4467516839504242,0.7607710361480713,0.3725131452083587,0.783848762512207,0.4428737759590149,0.8135283589363098,0.3496312499046325,0.8188591003417969,Badminton full court,0.4278004318475723,0.5944575369358063,0.07423853874206549,Backhand_Front
frame_318_full_court.jpg,0.4628733098506927,0.4306320250034332,0.407388299703598,0.4385724365711212,0.455345094203949,0.5724143385887146,0.4226337075233459,0.5732200145721436,0.4389921128749847,0.6682916879653931,0.3907435834407806,0.6679229736328125,0.4523866772651672,0.774779736995697,0.3762827515602112,0.7796904444694519,0.4443883895874023,0.8130204081535339,0.3559432029724121,0.8101122379302979,Badminton full court,0.43898940086364746,0.5728171765804291,0.076103925704956,Backhand_Mid
frame_319_full_court.jpg,0.468087375164032,0.408990740776062,0.415200412273407,0.4173247516155243,0.4670608937740326,0.5550786852836609,0.4383271932601928,0.5559908151626587,0.4499106109142303,0.6516643762588501,0.4168803095817566,0.6584479808807373,0.459049254655838,0.7746071815490723,0.4089466333389282,0.7735946774482727,0.4454320967197418,0.8111170530319214,0.3810821175575256,0.8009099364280701,Badminton full court,0.45269404351711273,0.5555347502231598,0.05010262131690979,Backhand_Mid
frame_32_full_court.jpg,0.4199527204036712,0.3868347406387329,0.4421013295650482,0.3716227114200592,0.4219031631946563,0.5518823862075806,0.424779325723648,0.5466896295547485,0.4546010196208954,0.6585714221000671,0.4328695833683014,0.6756440997123718,0.450539231300354,0.7942329049110413,0.43117156624794,0.8205968737602234,0.4652174711227417,0.8264222145080566,0.4401614367961883,0.8491907119750977,Badminton full court,0.42334124445915217,0.5492860078811646,0.019367665052413996,Backhand_Mid
frame_320_full_court.jpg,0.465905100107193,0.405670553445816,0.4456623792648315,0.4022426903247833,0.481012612581253,0.5529196262359619,0.4620758593082428,0.5505577325820923,0.4780415296554565,0.6528794169425964,0.4355934560298919,0.6495971083641052,0.5048192739486694,0.7768316268920898,0.4602635204792022,0.7466503381729126,0.4856582283973694,0.8135892748832703,0.4370966851711273,0.783966600894928,Badminton full court,0.4715442359447479,0.5517386794090271,0.04455575346946722,Recovery_Ready
frame_321_full_court.jpg,0.4825482070446014,0.4125895798206329,0.4625642895698547,0.4156288206577301,0.499190479516983,0.5721360445022583,0.4868539869785309,0.5711706876754761,0.5106567144393921,0.6809305548667908,0.4528774917125702,0.6460444927215576,0.5518565773963928,0.7803610563278198,0.4843966364860534,0.7282974720001221,0.5286341309547424,0.8129538893699646,0.4615545868873596,0.7588931918144226,Badminton full court,0.49302223324775696,0.5716533660888672,0.06745994091033941,Recovery_Ready
frame_322_full_court.jpg,0.4852112829685211,0.4384353756904602,0.4711810648441314,0.4380050003528595,0.5117139220237732,0.5849390625953674,0.4977838695049286,0.5854975581169128,0.5125201344490051,0.6854757070541382,0.4712184369564056,0.6469742059707642,0.5548450946807861,0.7793716788291931,0.5118509531021118,0.7260153293609619,0.5325996279716492,0.8105574250221252,0.4935238659381866,0.7588343024253845,Badminton full court,0.5047488957643509,0.5852183103561401,0.042994141578674316,Recovery_Ready
frame_323_full_court.jpg,0.4843943417072296,0.4391836822032928,0.4731323421001434,0.4395197033882141,0.5067043900489807,0.5837492942810059,0.4997994601726532,0.5831612944602966,0.517168402671814,0.6849686503410339,0.4880952537059784,0.6553385257720947,0.551256000995636,0.7763515710830688,0.5285401940345764,0.7328993678092957,0.5325815081596375,0.8094894289970398,0.5119485259056091,0.761826753616333,Badminton full court,0.503251925110817,0.5834552943706512,0.02271580696105957,Recovery_Ready
frame_324_full_court.jpg,0.4831675291061401,0.433441549539566,0.4699611365795135,0.4307959973812103,0.5007476806640625,0.5651087164878845,0.4961611330509186,0.5676791667938232,0.5070472955703735,0.6660586595535278,0.4879641234874725,0.6561183929443359,0.5518497228622437,0.756173849105835,0.5316804051399231,0.7363644242286682,0.5409958362579346,0.7979052066802979,0.5147073864936829,0.7651147842407227,Badminton full court,0.49845440685749054,0.5663939416408539,0.020169317722320557,Recovery_Ready
frame_325_full_court.jpg,0.4766972362995147,0.4172402620315552,0.4642123281955719,0.4201149046421051,0.4983198344707489,0.5549256205558777,0.485154926776886,0.5621487498283386,0.5004735589027405,0.6611437201499939,0.4704145193099975,0.656561553478241,0.537965714931488,0.7145266532897949,0.5202118158340454,0.7135143280029297,0.5328602194786072,0.7663325071334839,0.5177644491195679,0.7608237266540527,Badminton full court,0.49173738062381744,0.5585371851921082,0.017753899097442627,Recovery_Ready
frame_326_full_court.jpg,0.4658202230930328,0.413855642080307,0.4605547189712524,0.4179888367652893,0.490762859582901,0.5580338835716248,0.4806340038776397,0.5613203644752502,0.4981198906898498,0.6634829640388489,0.4522305727005005,0.6441666483879089,0.5406769514083862,0.7250803709030151,0.4987068474292755,0.6986289620399475,0.5268922448158264,0.7638964653015137,0.4887943863868713,0.7432690858840942,Badminton full court,0.4856984317302704,0.5596771240234375,0.04197010397911072,Recovery_Ready
frame_327_full_court.jpg,0.4489918947219848,0.4126070737838745,0.4464372396469116,0.419733852148056,0.4744554758071899,0.558414101600647,0.4634259939193725,0.5613409280776978,0.4968106150627136,0.6608044505119324,0.4290641844272613,0.6172420382499695,0.5416139364242554,0.7277474403381348,0.4477694928646087,0.6991053819656372,0.528261125087738,0.764885425567627,0.4237452447414398,0.71683669090271,Badminton full court,0.4689407348632812,0.5598775148391724,0.09384444355964666,Backhand_Mid
frame_328_full_court.jpg,0.4275982975959778,0.408641904592514,0.4289980828762054,0.4195684790611267,0.4445039629936218,0.5559576153755188,0.4540456235408783,0.5562920570373535,0.4143945276737213,0.6278420686721802,0.4782123267650604,0.6257818937301636,0.3987448513507843,0.6971123218536377,0.5258999466896057,0.7108691334724426,0.3750531077384949,0.6767758131027222,0.5239385962486267,0.7259735465049744,Badminton full court,0.44927479326725006,0.5561248362064362,0.1271550953388214,Backhand_Mid
frame_329_full_court.jpg,0.3876342177391052,0.4315125942230224,0.4166869521141052,0.4217234551906585,0.4262213110923767,0.5594907402992249,0.4388156831264496,0.5582542419433594,0.3926651179790497,0.6288536190986633,0.4679120481014251,0.6274860501289368,0.3766705095767975,0.698907196521759,0.513774037361145,0.7140767574310303,0.3553075194358825,0.6977359056472778,0.5211523771286011,0.7326709032058716,Badminton full court,0.43251849710941315,0.5588724911212921,0.13710352778434753,Backhand_Mid
frame_33_full_court.jpg,0.4096487462520599,0.497878223657608,0.496177077293396,0.4970355033874511,0.452873170375824,0.6072902083396912,0.474173367023468,0.5946676731109619,0.3976825773715973,0.7227670550346375,0.4876920580863952,0.6832394599914551,0.4565137326717376,0.7888839244842529,0.4617023468017578,0.8322769999504089,0.4742864370346069,0.7914422750473022,0.4692382216453552,0.8317934274673462,Badminton full court,0.463523268699646,0.6009789407253265,0.005188614130020197,Recovery_Ready
frame_330_full_court.jpg,0.3954694867134094,0.4779760241508484,0.3774093687534332,0.4739022850990295,0.4184333384037018,0.5965882539749146,0.4061957895755768,0.5875023007392883,0.4365290105342865,0.6881630420684814,0.3798382580280304,0.6242467761039734,0.4638753533363342,0.7326087355613708,0.3700414597988128,0.7082740664482117,0.4957444965839386,0.7776188254356384,0.351336121559143,0.7245721817016602,Badminton full court,0.4123145639896393,0.5920452773571014,0.09383389353752136,Backhand_Front
frame_331_full_court.jpg,0.3797840774059295,0.4633450508117676,0.3650690615177154,0.4772299826145172,0.413893848657608,0.5908804535865784,0.3998276591300964,0.5844903588294983,0.4183179140090942,0.6834714412689209,0.3698161840438843,0.6094284057617188,0.4679337739944458,0.7159602046012878,0.3691847920417785,0.6980531811714172,0.4848217368125915,0.7607212662696838,0.3498255014419555,0.7164953351020813,Badminton full court,0.4068607538938522,0.5876854062080383,0.09874898195266729,Backhand_Mid
frame_34_full_court.jpg,0.426648885011673,0.5318419933319092,0.4710204005241394,0.5453298687934875,0.4422931373119354,0.5991547703742981,0.4652047753334045,0.6013337969779968,0.4792074859142303,0.6563287377357483,0.4892402291297912,0.6907212734222412,0.4842899739742279,0.7533645033836365,0.4447995722293854,0.7890665531158447,0.496561199426651,0.7821479439735413,0.4404688477516174,0.8439899682998657,Badminton full court,0.45374895632267,0.6002442836761475,0.03949040174484253,Backhand_Front
frame_35_full_court.jpg,0.4199396669864654,0.5275499820709229,0.4197104871273041,0.5447708964347839,0.4385187029838562,0.5953679084777832,0.4392864406108856,0.5991479754447937,0.4866267442703247,0.6538475155830383,0.4942083656787872,0.6701227426528931,0.4901971817016601,0.7734258770942688,0.5447949767112732,0.6955248713493347,0.4937300682067871,0.8085406422615051,0.5618868470191956,0.6767337918281555,Badminton full court,0.4389025717973709,0.5972579419612885,0.05459779500961309,Backhand_Front
frame_36_full_court.jpg,0.3753762543201446,0.5038874745368958,0.3759593367576599,0.514387845993042,0.4027536511421203,0.5928741097450256,0.4021124243736267,0.5968003869056702,0.4324238896369934,0.5972984433174133,0.4201322495937347,0.6223758459091187,0.4269372224807739,0.6145763397216797,0.4484823346138,0.6178406476974487,0.4180288910865783,0.6077609062194824,0.4473022818565368,0.6228017210960388,Badminton full court,0.40243303775787354,0.5948372483253479,0.021545112133026068,Backhand_Front
frame_37_full_court.jpg,0.3539732992649078,0.5173643827438354,0.3504367172718048,0.5166030526161194,0.3733621835708618,0.6090160608291626,0.3703249990940094,0.6147797703742981,0.4188808500766754,0.6128872036933899,0.3832913935184479,0.6256532669067383,0.4496931433677673,0.6281700134277344,0.3946283459663391,0.6457186937332153,0.4525143504142761,0.6259775757789612,0.3940154910087585,0.6444920897483826,Badminton full court,0.3718435913324356,0.6118979156017303,0.05506479740142817,Backhand_Front
frame_38_full_court.jpg,0.3476634323596954,0.5717206001281738,0.3611144423484802,0.5437520742416382,0.366634726524353,0.6389443278312683,0.3727399110794067,0.6256046891212463,0.3951327204704284,0.6250336170196533,0.3849117457866668,0.6038386225700378,0.4004493951797485,0.6438718438148499,0.3620585203170776,0.5277270674705505,0.4015106558799743,0.6433826088905334,0.3660407364368438,0.5153814554214478,Badminton full court,0.3696873188018799,0.6322745084762573,0.0383908748626709,Backhand_Front
frame_39_full_court.jpg,0.3611059486865997,0.55447918176651,0.3669711649417877,0.5471552610397339,0.37725430727005,0.6363046169281006,0.3756341636180877,0.6333401799201965,0.4034388363361358,0.6321242451667786,0.3809786140918731,0.6410437226295471,0.4186654090881347,0.6500386595726013,0.3523346185684204,0.6587840914726257,0.4262365698814392,0.6766049861907959,0.3565907180309295,0.6778090000152588,Badminton full court,0.37644423544406885,0.6348223984241486,0.0663307905197143,Backhand_Front
frame_4_full_court.jpg,0.3611059486865997,0.55447918176651,0.3669711649417877,0.5471552610397339,0.37725430727005,0.6363046169281006,0.3756341636180877,0.6333401799201965,0.4034388363361358,0.6321242451667786,0.3809786140918731,0.6410437226295471,0.4186654090881347,0.6500386595726013,0.3523346185684204,0.6587840914726257,0.4262365698814392,0.6766049861907959,0.3565907180309295,0.6778090000152588,Badminton full court,0.37644423544406885,0.6348223984241486,0.0663307905197143,Backhand_Front
frame_40_full_court.jpg,0.3611059486865997,0.55447918176651,0.3669711649417877,0.5471552610397339,0.37725430727005,0.6363046169281006,0.3756341636180877,0.6333401799201965,0.4034388363361358,0.6321242451667786,0.3809786140918731,0.6410437226295471,0.4186654090881347,0.6500386595726013,0.3523346185684204,0.6587840914726257,0.4262365698814392,0.6766049861907959,0.3565907180309295,0.6778090000152588,Badminton full court,0.37644423544406885,0.6348223984241486,0.0663307905197143,Backhand_Front
frame_41_full_court.jpg,0.6991422772407532,0.4924559295177459,0.7426551580429077,0.4875275194644928,0.7290767431259155,0.6030442714691162,0.7521659731864929,0.5902426838874817,0.7344925999641418,0.6646157503128052,0.7761572003364563,0.6567954421043396,0.7520001530647278,0.7338893413543701,0.8023166656494141,0.7300119400024414,0.7474543452262878,0.7485463619232178,0.8078766465187073,0.7332863211631775,Badminton full court,0.7406213581562042,0.596643477678299,0.05031651258468628,Forehand_Front
frame_42_full_court.jpg,0.657271146774292,0.4522995352745056,0.6941057443618774,0.4566910564899444,0.6794635057449341,0.5601100325584412,0.6978005766868591,0.5573912262916565,0.6735740303993225,0.635814368724823,0.6976219415664673,0.6360127329826355,0.6933467984199524,0.6960415840148926,0.6960141658782959,0.7156456708908081,0.6914805173873901,0.721786379814148,0.6910547614097595,0.7421426773071289,Badminton full court,0.6886320412158966,0.5587506294250488,0.002667367458343506,Forehand_Mid
frame_43_full_court.jpg,0.6135641932487488,0.4623924493789673,0.6438143849372864,0.4777610003948211,0.6490150690078735,0.5728285908699036,0.6669464707374573,0.5667321085929871,0.5993659496307373,0.6143254637718201,0.6446982026100159,0.6392639875411987,0.5856205821037292,0.6594647765159607,0.6653172969818115,0.7155534625053406,0.5632259249687195,0.6727591753005981,0.6643381118774414,0.7467101216316223,Badminton full court,0.6579807698726654,0.5697803497314453,0.07969671487808228,Forehand_Mid
frame_44_full_court.jpg,0.6491725444793701,0.4880839586257934,0.6676090359687805,0.4955888092517853,0.6737040281295776,0.5652073621749878,0.6839810609817505,0.561809241771698,0.6632688641548157,0.5736756324768066,0.683521032333374,0.5874149203300476,0.6414701342582703,0.6031006574630737,0.7060628533363342,0.6585406064987183,0.6728147864341736,0.6174308061599731,0.7091719508171082,0.6772896647453308,Badminton full court,0.6788425445556641,0.5635083019733429,0.06459271907806396,Forehand_Mid
frame_45_full_court.jpg,0.6754909753799438,0.4918854832649231,0.7092049717903137,0.4940986931324005,0.7073075771331787,0.5495424866676331,0.7190636992454529,0.5507673621177673,0.684208333492279,0.5666404366493225,0.7332691550254822,0.5734803080558777,0.6824918985366821,0.6034345626831055,0.7414501905441284,0.608498215675354,0.6850473284721375,0.6173500418663025,0.7470102310180664,0.620929479598999,Badminton full court,0.7131856381893158,0.5501549243927002,0.05895829200744629,Forehand_Mid
frame_46_full_court.jpg,0.7074706554412842,0.4917866587638855,0.7217755913734436,0.490723043680191,0.7214186787605286,0.5230227708816528,0.7305581569671631,0.5220021605491638,0.7073190212249756,0.5694828629493713,0.7308984994888306,0.5636433959007263,0.7002106308937073,0.5998327136039734,0.7345834970474243,0.5927565693855286,0.6950150728225708,0.6101881861686707,0.7209851145744324,0.6124627590179443,Badminton full court,0.7259884178638458,0.5225124657154083,0.03437286615371704,Forehand_Mid
frame_47_full_court.jpg,0.7130998969078064,0.4897433221340179,0.7201299071311951,0.4876642823219299,0.7298430800437927,0.5335004925727844,0.7368647456169128,0.5235773921012878,0.7203747630119324,0.5712609887123108,0.7277034521102905,0.5617160201072693,0.719232976436615,0.6013526916503906,0.7228120565414429,0.5987142324447632,0.7066788077354431,0.616272509098053,0.708761990070343,0.6145257949829102,Badminton full court,0.7333539128303528,0.5285389423370361,0.003579080104827881,Forehand_Mid
frame_48_full_court.jpg,0.7339319586753845,0.478279560804367,0.7235698103904724,0.4858990609645843,0.7408657670021057,0.5259960889816284,0.7359640002250671,0.5276744365692139,0.7323229312896729,0.5597769021987915,0.7288239598274231,0.5561710596084595,0.7288946509361267,0.5937527418136597,0.7259964346885681,0.590991199016571,0.7227033972740173,0.60479336977005,0.7208473682403564,0.6049692034721375,Badminton full court,0.7384148836135864,0.5268352627754211,0.0028982162475585938,Forehand_Mid
frame_49_full_court.jpg,0.7467256784439087,0.4870770573616028,0.7388017773628235,0.4925015568733215,0.7519453763961792,0.5380271673202515,0.7485399842262268,0.5360179543495178,0.7489164471626282,0.5593112707138062,0.7357327342033386,0.5718281865119934,0.7531052827835083,0.5927370190620422,0.729679524898529,0.5961435437202454,0.752677321434021,0.6172996163368225,0.7276674509048462,0.6048299074172974,Badminton full court,0.750242680311203,0.5370225608348846,0.023425757884979248,Forehand_Mid
frame_5_full_court.jpg,0.7006149888038635,0.4737239181995392,0.7221406698226929,0.471584290266037,0.7174913883209229,0.5231355428695679,0.7266246676445007,0.5208096504211426,0.7403300404548645,0.5398697853088379,0.7451352477073669,0.5404225587844849,0.7346659898757935,0.5687169432640076,0.7910577058792114,0.5647090673446655,0.7298890948295593,0.576640248298645,0.7889506220817566,0.5741320848464966,Badminton full court,0.7220580279827118,0.5219725966453552,0.05639171600341797,Forehand_Mid
frame_50_full_court.jpg,0.7579497694969177,0.4643178284168243,0.7437499165534973,0.4720049202442169,0.7616963982582092,0.5182986855506897,0.7523686289787292,0.518641471862793,0.7612784504890442,0.555151641368866,0.7557103633880615,0.5525873899459839,0.7587448954582214,0.5917301774024963,0.7504386901855469,0.5772731304168701,0.7654753923416138,0.6055116057395935,0.7527369260787964,0.5925620198249817,Badminton full court,0.7570325136184692,0.5184700787067413,0.00830620527267456,Forehand_Mid
frame_51_full_court.jpg,0.7628113627433777,0.4549435675144195,0.7468984723091125,0.4721900522708893,0.7676518559455872,0.5056928396224976,0.7568224668502808,0.5098042488098145,0.769042432308197,0.5427817702293396,0.757470428943634,0.5445587038993835,0.7681268453598022,0.5856559872627258,0.7564343214035034,0.5829876065254211,0.7690050601959229,0.5955714583396912,0.7564283609390259,0.5952017903327942,Badminton full court,0.762237161397934,0.507748544216156,0.011692523956298828,Forehand_Backcourt
frame_52_full_court.jpg,0.7636692523956299,0.4766218364238739,0.7613063454627991,0.4798953533172607,0.7713045477867126,0.5184361934661865,0.7730399370193481,0.5191889405250549,0.7627660036087036,0.550446093082428,0.7729026079177856,0.5510628819465637,0.76833575963974,0.5855634808540344,0.7871964573860168,0.5858317613601685,0.7601220011711121,0.5935595035552979,0.7855517864227295,0.5976711511611938,Badminton full court,0.7721722424030304,0.5188125669956207,0.018860697746276855,Forehand_Mid
frame_53_full_court.jpg,0.7823987603187561,0.4764156639575958,0.7710118889808655,0.4721516668796539,0.7883166670799255,0.5084640383720398,0.7796382904052734,0.5074342489242554,0.787492036819458,0.5350021123886108,0.7690762281417847,0.5330783128738403,0.7914505004882812,0.5684656500816345,0.7717953324317932,0.5630214810371399,0.7892282009124756,0.5772190093994141,0.7696074843406677,0.5730299949645996,Badminton full court,0.7839774787425995,0.5079491436481476,0.019655168056488037,Forehand_Backcourt
frame_54_full_court.jpg,0.8012164235115051,0.4649630188941955,0.791108250617981,0.4600425660610199,0.8052353262901306,0.5044188499450684,0.7972511053085327,0.5002013444900513,0.7929953336715698,0.5341190099716187,0.7842212319374084,0.525990903377533,0.794969379901886,0.5730651021003723,0.7914913296699524,0.5588030219078064,0.791118860244751,0.5836081504821777,0.787361741065979,0.5716832876205444,Badminton full court,0.8012432157993317,0.5023100972175598,0.0034780502319335938,Forehand_Backcourt
frame_55_full_court.jpg,0.8163900375366211,0.4673070907592773,0.7990436553955078,0.4650485515594482,0.8170621991157532,0.5054596066474915,0.8066787719726562,0.5055041313171387,0.8187366127967834,0.5385382771492004,0.7990505695343018,0.5367000699043274,0.8268150687217712,0.5748511552810669,0.8025745749473572,0.5717431902885437,0.8266220688819885,0.587666928768158,0.7969025373458862,0.5843300223350525,Badminton full court,0.8118704855442047,0.5054818689823151,0.024240493774414062,Forehand_Backcourt
frame_56_full_court.jpg,0.8462720513343811,0.4615464210510254,0.8278056979179382,0.4633700549602508,0.8363007307052612,0.5072035193443298,0.8256791830062866,0.5080789923667908,0.8531674742698669,0.538458526134491,0.8240131735801697,0.5396708846092224,0.8539803624153137,0.5782373547554016,0.8199161887168884,0.5745990872383118,0.8586868643760681,0.5909048914909363,0.8111732602119446,0.5864255428314209,Badminton full court,0.8309899568557739,0.5076412558555603,0.03406417369842529,Forehand_Backcourt
frame_57_full_court.jpg,0.8455536961555481,0.4632397294044494,0.8496302366256714,0.4637114107608795,0.8379289507865906,0.5041045546531677,0.8408321738243103,0.5061971545219421,0.8535605072975159,0.5251187086105347,0.8493768572807312,0.5188112258911133,0.8688781261444092,0.5571498274803162,0.8664072751998901,0.5507781505584717,0.8707881569862366,0.5649397969245911,0.8663099408149719,0.5597380995750427,Badminton full court,0.8393805623054504,0.5051508545875549,0.002470850944519043,Forehand_Backcourt
frame_58_full_court.jpg,0.8455536961555481,0.4632397294044494,0.8496302366256714,0.4637114107608795,0.8379289507865906,0.5041045546531677,0.8408321738243103,0.5061971545219421,0.8535605072975159,0.5251187086105347,0.8493768572807312,0.5188112258911133,0.8688781261444092,0.5571498274803162,0.8664072751998901,0.5507781505584717,0.8707881569862366,0.5649397969245911,0.8663099408149719,0.5597380995750427,Badminton full court,0.8393805623054504,0.5051508545875549,0.002470850944519043,Forehand_Backcourt
frame_59_full_court.jpg,0.4237349927425384,0.4857396483421325,0.4462179839611053,0.4936274290084839,0.3814892172813415,0.6214296221733093,0.3787049353122711,0.6260167956352234,0.4315606355667114,0.6868832111358643,0.4139526486396789,0.744850218296051,0.396454393863678,0.7894070148468018,0.3556536436080932,0.8716592788696289,0.418691486120224,0.8131674528121948,0.3877398371696472,0.8978394269943237,Badminton full court,0.38009707629680634,0.6237232089042664,0.04080075025558477,Backhand_Front
frame_6_full_court.jpg,0.4572527706623077,0.4315724670886993,0.491169273853302,0.4383884072303772,0.4215324223041534,0.561720609664917,0.446566104888916,0.5696312189102173,0.4494556486606598,0.6008279919624329,0.5018028616905212,0.5986652970314026,0.4230538308620453,0.6838896870613098,0.4837104678153991,0.6874279379844666,0.4377216100692749,0.6990721225738525,0.5036031007766724,0.7132713198661804,Badminton full court,0.43404926359653473,0.5656759142875671,0.060656636953353826,Backhand_Mid
frame_60_full_court.jpg,0.4428853094577789,0.4502894580364227,0.4708547592163086,0.4437269270420074,0.4113780558109283,0.5722855925559998,0.4247791171073913,0.5700269937515259,0.4443807005882263,0.6238651275634766,0.4826777577400207,0.6685037016868591,0.4196811616420746,0.7503462433815002,0.4089579880237579,0.7874600291252136,0.4418006241321563,0.7904726266860962,0.4240216910839081,0.805328905582428,Badminton full court,0.4180785864591598,0.5711562931537628,0.010723173618316706,Backhand_Mid
frame_61_full_court.jpg,0.4508931040763855,0.4213337004184723,0.4873324334621429,0.4161069989204407,0.4282248914241791,0.5487247705459595,0.4524582028388977,0.5510177612304688,0.442453384399414,0.6389901041984558,0.4869947731494903,0.6493062376976013,0.4234468340873718,0.7418044209480286,0.4859975278377533,0.7672562599182129,0.4353635907173157,0.7915581464767456,0.507748007774353,0.794531524181366,Badminton full court,0.4403415471315384,0.5498712658882141,0.06255069375038147,Backhand_Mid
frame_62_full_court.jpg,0.4511594474315643,0.4470002055168152,0.4964816868305206,0.4499387741088867,0.4482492208480835,0.5825332999229431,0.4774855375289917,0.5756950974464417,0.4418258965015411,0.6482113599777222,0.5150541663169861,0.6655231714248657,0.4492349624633789,0.7325295805931091,0.5392354726791382,0.7625470757484436,0.4409825205802917,0.7458530068397522,0.548763632774353,0.7820347547531128,Badminton full court,0.4628673791885376,0.5791141986846924,0.09000051021575928,Backhand_Mid
frame_63_full_court.jpg,0.4270253479480743,0.4610536396503448,0.4801894128322601,0.4649393558502197,0.4358707070350647,0.5832204818725586,0.4596835672855377,0.5827490091323853,0.4401475787162781,0.6577691435813904,0.4803217053413391,0.6472119688987732,0.4540564715862274,0.7405510544776917,0.4892217218875885,0.6995291113853455,0.4402396380901336,0.755952775478363,0.4962187707424164,0.7440164089202881,Badminton full court,0.4477771371603012,0.5829847455024719,0.035165250301361084,Backhand_Mid
frame_64_full_court.jpg,0.4075295329093933,0.4925878345966339,0.4233215451240539,0.4966816008090973,0.4266500473022461,0.5968796610832214,0.4300271570682525,0.5898209810256958,0.4165651202201843,0.6775360703468323,0.4012273252010345,0.6078619360923767,0.4503069519996643,0.7273075580596924,0.4020652174949646,0.6834816932678223,0.4394715130329132,0.7583959698677063,0.3943228423595428,0.6993552446365356,Badminton full court,0.42833860218524933,0.5933503210544586,0.04824173450469971,Backhand_Front
frame_65_full_court.jpg,0.4058738648891449,0.5108168721199036,0.4153997302055359,0.523023784160614,0.4204988479614258,0.613898515701294,0.4260978698730469,0.617495059967041,0.3868109285831451,0.676947832107544,0.3949082493782043,0.6332717537879944,0.4314663112163543,0.7010884881019592,0.4055548012256622,0.6999176740646362,0.4354805648326874,0.7368961572647095,0.3893013298511505,0.715661346912384,Badminton full court,0.42329835891723633,0.6156967878341675,0.02591150999069214,Backhand_Front
frame_66_full_court.jpg,0.4046244323253631,0.4933953285217285,0.4346920549869537,0.5153366327285767,0.4207553267478943,0.5897485613822937,0.4355630576610565,0.5915843844413757,0.39555624127388,0.6407844424247742,0.4156413376331329,0.6351727247238159,0.4162988662719726,0.7102791666984558,0.4094187915325165,0.6964362263679504,0.4002100825309753,0.7224120497703552,0.3965174853801727,0.7024044394493103,Badminton full court,0.4281591922044754,0.5906664729118347,0.006880074739456121,Backhand_Mid
frame_67_full_court.jpg,0.4088201522827148,0.4761126041412353,0.453653335571289,0.4837997853755951,0.4240999817848205,0.567322850227356,0.4458224177360534,0.5661309361457825,0.4118679165840149,0.6394122838973999,0.4491938054561615,0.6367186903953552,0.4139076769351959,0.7175205945968628,0.4597488939762115,0.716946005821228,0.4084935486316681,0.7325311303138733,0.4640116989612579,0.7318710088729858,Badminton full court,0.43496119976043696,0.5667268931865692,0.04584121704101557,Backhand_Mid
frame_68_full_court.jpg,0.4426423907279968,0.5078026056289673,0.4755419790744781,0.5072227120399475,0.4420679807662964,0.6080246567726135,0.4620593786239624,0.6062979698181152,0.4318206906318664,0.6676950454711914,0.4963736832141876,0.6524741649627686,0.4093025028705597,0.7309815287590027,0.5073969960212708,0.7438000440597534,0.4163492023944855,0.7411779761314392,0.5285477042198181,0.7412141561508179,Badminton full court,0.4520636796951294,0.6071613132953644,0.09809449315071106,Backhand_Front
frame_69_full_court.jpg,0.4707029461860657,0.5059446692466736,0.493654191493988,0.500040590763092,0.4693767726421356,0.6029400825500488,0.4887765944004059,0.5921843647956848,0.4831322133541107,0.6495354175567627,0.5356056690216064,0.6399062275886536,0.4590277075767517,0.7143400311470032,0.5225297212600708,0.7275990843772888,0.4652780890464782,0.7446320652961731,0.5347880125045776,0.7527510523796082,Badminton full court,0.47907668352127075,0.5975622236728668,0.06350201368331909,Recovery_Ready
frame_7_full_court.jpg,0.4840811192989349,0.4587445259094238,0.5039604306221008,0.4596904814243316,0.4765223264694214,0.5710511803627014,0.4920116066932678,0.5689889192581177,0.4619541764259338,0.6340763568878174,0.5405620336532593,0.5924380421638489,0.4454023241996765,0.6890942454338074,0.5217594504356384,0.6794661283493042,0.4468523561954498,0.6999738812446594,0.5432775616645813,0.7052790522575378,Badminton full court,0.4842669665813446,0.5700200498104095,0.07635712623596191,Backhand_Mid
frame_70_full_court.jpg,0.5152294039726257,0.4325677454471588,0.5298498272895813,0.4428226351737976,0.5092653632164001,0.5341315865516663,0.5172889232635498,0.5374554395675659,0.5113069415092468,0.5998456478118896,0.5229694247245789,0.5841770172119141,0.5165828466415405,0.678936243057251,0.5358677506446838,0.6600091457366943,0.4943356215953827,0.695833683013916,0.5208731889724731,0.6743640303611755,Badminton full court,0.513277143239975,0.5357935130596161,0.01928490400314331,Recovery_Ready
frame_71_full_court.jpg,0.5355116724967957,0.3835347592830658,0.5556371808052063,0.3882531523704529,0.540912389755249,0.5094091892242432,0.547285795211792,0.5089629888534546,0.5261563062667847,0.5904516577720642,0.5538660287857056,0.5833791494369507,0.542988121509552,0.6833239793777466,0.5821354389190674,0.6575648784637451,0.5218434929847717,0.7085273861885071,0.5727945566177368,0.6784152984619141,Badminton full court,0.5440990924835205,0.5091860890388489,0.03914731740951538,Recovery_Ready
frame_72_full_court.jpg,0.5448600053787231,0.4049228429794311,0.5762351155281067,0.4046159386634826,0.5626468658447266,0.5283678770065308,0.5807883143424988,0.5251054167747498,0.5437304377555847,0.6143717169761658,0.5910249948501587,0.5903133749961853,0.5593424439430237,0.69545578956604,0.6221963763237,0.6546167135238647,0.5369490385055542,0.7187580466270447,0.6216781735420227,0.6728019714355469,Badminton full court,0.5717175900936127,0.5267366468906403,0.06285393238067627,Forehand_Mid
frame_73_full_court.jpg,0.5603188872337341,0.4144420623779297,0.5921611785888672,0.4144354164600372,0.5782684683799744,0.5391268730163574,0.600900411605835,0.5331506729125977,0.5524134039878845,0.6180890798568726,0.6186205148696899,0.6012970209121704,0.5601925253868103,0.7000204920768738,0.657099723815918,0.6638594269752502,0.5380889177322388,0.7207327485084534,0.652191698551178,0.6878063678741455,Badminton full court,0.5895844399929047,0.5361387729644775,0.09690719842910767,Forehand_Mid
frame_74_full_court.jpg,0.5792508721351624,0.4083981513977051,0.6110478639602661,0.405281662940979,0.5985257029533386,0.5328400731086731,0.6209832429885864,0.5251748561859131,0.5803492665290833,0.6130451560020447,0.6366109848022461,0.6078948378562927,0.5741243958473206,0.6992381811141968,0.6657105088233948,0.6776679754257202,0.5496990084648132,0.7139806747436523,0.6593788862228394,0.6948422193527222,Badminton full court,0.6097544729709625,0.5290074646472931,0.09158611297607422,Forehand_Mid
frame_75_full_court.jpg,0.5917283892631531,0.4019512832164764,0.625628650188446,0.4013150334358215,0.6133744716644287,0.5259711146354675,0.6338396668434143,0.5221935510635376,0.5940487384796143,0.6079084873199463,0.636906087398529,0.597713053226471,0.6312906742095947,0.6779415011405945,0.6644741296768188,0.6595987677574158,0.6146900653839111,0.7150840759277344,0.6606036424636841,0.6954560279846191,Badminton full court,0.6236070692539215,0.5240823328495026,0.03318345546722412,Forehand_Mid
frame_76_full_court.jpg,0.6039454936981201,0.3994334042072296,0.6393752694129944,0.4055693745613098,0.6239000558853149,0.5248315334320068,0.6429877877235413,0.5194665193557739,0.6193593144416809,0.611369788646698,0.6458752751350403,0.5798203349113464,0.650895893573761,0.6849402189254761,0.6719691157341003,0.6413669586181641,0.6320463418960571,0.7147732973098755,0.6641658544540405,0.6679737567901611,Badminton full court,0.6334439218044281,0.5221490263938904,0.021073222160339355,Forehand_Mid
frame_77_full_court.jpg,0.6201984286308289,0.3978801965713501,0.6528701186180115,0.4105241000652313,0.6327725052833557,0.5193834900856018,0.6520025134086609,0.5148950815200806,0.6286704540252686,0.6058359742164612,0.6590619683265686,0.5709482431411743,0.6493629217147827,0.6772329211235046,0.6748672127723694,0.6312883496284485,0.632223904132843,0.7116156220436096,0.672416090965271,0.6475011706352234,Badminton full court,0.6423875093460083,0.5171392858028412,0.02550429105758667,Forehand_Backcourt
frame_78_full_court.jpg,0.6390371322631836,0.4074164628982544,0.661510705947876,0.4156498908996582,0.6457117795944214,0.5258751511573792,0.664681613445282,0.5228102803230286,0.631855845451355,0.6029016971588135,0.6695587038993835,0.573788046836853,0.6456945538520813,0.6663709282875061,0.6778793334960938,0.6256855130195618,0.6325178146362305,0.7048404216766357,0.6733601689338684,0.6400631070137024,Badminton full court,0.6551966965198517,0.5243427157402039,0.03218477964401245,Forehand_Mid
frame_79_full_court.jpg,0.6443909406661987,0.4086215198040008,0.6732960939407349,0.4250223934650421,0.6561912894248962,0.5293925404548645,0.6745226979255676,0.5265979766845703,0.6343158483505249,0.6031478047370911,0.673275887966156,0.5680856704711914,0.6507572531700134,0.6560550332069397,0.6776158809661865,0.6196849942207336,0.6393816471099854,0.6951637268066406,0.6746231913566589,0.6370290517807007,Badminton full court,0.6653569936752319,0.5279952585697174,0.026858627796173096,Forehand_Mid
frame_8_full_court.jpg,0.6749469637870789,0.483579158782959,0.6457127928733826,0.4916819334030151,0.6766668558120728,0.5725892782211304,0.6538618803024292,0.5753213167190552,0.6982831954956055,0.5953006744384766,0.6273434162139893,0.6130239963531494,0.7028509378433228,0.6536303758621216,0.621640145778656,0.7131444215774536,0.7057523727416992,0.6658174991607666,0.6273513436317444,0.737889289855957,Badminton full court,0.665264368057251,0.5739552974700928,0.08121079206466675,Forehand_Mid
frame_80_full_court.jpg,0.6479930877685547,0.4251028299331665,0.6759395599365234,0.4491443634033203,0.6597171425819397,0.5339575409889221,0.6775694489479065,0.5342994928359985,0.6396137475967407,0.5931909680366516,0.6705978512763977,0.5712382793426514,0.6623378396034241,0.6427575945854187,0.6755113005638123,0.6295087337493896,0.6534280776977539,0.6775684952735901,0.6673381924629211,0.6493747234344482,Badminton full court,0.6686432957649231,0.5341285169124603,0.013173460960388184,Forehand_Mid
frame_81_full_court.jpg,0.6477985978126526,0.4094458222389221,0.6772072911262512,0.4293344020843506,0.6599947810173035,0.5191699266433716,0.6789902448654175,0.5198733806610107,0.6330398321151733,0.5872352123260498,0.6730732321739197,0.5695362687110901,0.6609893441200256,0.6379042863845825,0.6762720346450806,0.6270080208778381,0.6545853018760681,0.6745119094848633,0.6644883751869202,0.6511214375495911,Badminton full court,0.6694925129413605,0.5195216536521912,0.015282690525054932,Forehand_Mid
frame_82_full_court.jpg,0.6447937488555908,0.3968890309333801,0.6741002798080444,0.4096076488494873,0.6564574837684631,0.5118352770805359,0.674992024898529,0.5120632648468018,0.6306463479995728,0.5828420519828796,0.6718131899833679,0.5673375129699707,0.6612071394920349,0.6381590366363525,0.6765665411949158,0.6284653544425964,0.65461266040802,0.6765198111534119,0.6645843386650085,0.6484098434448242,Badminton full court,0.6657247543334961,0.5119492709636688,0.01535940170288086,Forehand_Backcourt
frame_83_full_court.jpg,0.640626847743988,0.3810266256332397,0.6709826588630676,0.3924062252044678,0.6522216200828552,0.4992224872112274,0.670616090297699,0.5006619691848755,0.6279198527336121,0.5723051428794861,0.6672742366790771,0.5645886659622192,0.6566625833511353,0.6390727758407593,0.6724308133125305,0.6274334192276001,0.652824342250824,0.6770820617675781,0.6610117554664612,0.6495862007141113,Badminton full court,0.6614188551902771,0.49994222819805145,0.015768229961395264,Forehand_Backcourt
frame_84_full_court.jpg,0.6352793574333191,0.3787506520748138,0.6632699370384216,0.3859653770923614,0.6497644186019897,0.4976696968078613,0.6691074371337891,0.4976281523704529,0.6251760125160217,0.5690525770187378,0.6614533066749573,0.5613030195236206,0.6484594941139221,0.6371302604675293,0.6735298037528992,0.6301396489143372,0.6420692205429077,0.6784045696258545,0.6611500382423401,0.6449640989303589,Badminton full court,0.6594359278678894,0.4976489245891571,0.02507030963897705,Forehand_Backcourt
frame_85_full_court.jpg,0.6348201036453247,0.3881425857543945,0.6570997834205627,0.3924538493156433,0.647434413433075,0.5054747462272644,0.663271963596344,0.5052474141120911,0.6207420825958252,0.5743958353996277,0.6569513082504272,0.5671878457069397,0.6295474767684937,0.6525103449821472,0.6757174134254456,0.6319449543952942,0.609139084815979,0.6869503855705261,0.662398636341095,0.6515353918075562,Badminton full court,0.6553531885147095,0.5053610801696777,0.046169936656951904,Forehand_Backcourt
frame_86_full_court.jpg,0.6336120367050171,0.3944462537765503,0.6388814449310303,0.3980579376220703,0.6438677310943604,0.5102028846740723,0.6517226099967957,0.510095477104187,0.610503077507019,0.5777369141578674,0.6552400588989258,0.5674834847450256,0.6220833659172058,0.67222660779953,0.675027072429657,0.6323836445808411,0.5994454622268677,0.6972819566726685,0.660886824131012,0.6537907123565674,Badminton full court,0.647795170545578,0.5101491808891296,0.05294370651245117,Forehand_Backcourt
frame_87_full_court.jpg,0.6359956860542297,0.3948207199573517,0.6112308502197266,0.402500182390213,0.6334863901138306,0.5117204189300537,0.6244781613349915,0.5110966563224792,0.604882538318634,0.5847858786582947,0.6399814486503601,0.5762009620666504,0.6220674514770508,0.6786792874336243,0.6697222590446472,0.6324230432510376,0.59980309009552,0.7026824355125427,0.6587681174278259,0.6544662117958069,Badminton full court,0.628982275724411,0.5114085376262665,0.047654807567596436,Forehand_Backcourt
frame_88_full_court.jpg,0.6356533169746399,0.3950250446796417,0.5891631245613098,0.4021254181861877,0.6241608262062073,0.5121678113937378,0.6076189279556274,0.5125693678855896,0.6047475337982178,0.5886617302894592,0.6170493960380554,0.5821042060852051,0.6213159561157227,0.6816040277481079,0.6525554656982422,0.6321119666099548,0.5994809865951538,0.7049710750579834,0.6398941874504089,0.6563233733177185,Badminton full court,0.6158898770809174,0.5123685896396637,0.03123950958251953,Forehand_Backcourt
frame_89_full_court.jpg,0.6217516660690308,0.3877480924129486,0.5738822221755981,0.386617362499237,0.6177995204925537,0.5021301507949829,0.5960208177566528,0.5056052803993225,0.6071990728378296,0.5890183448791504,0.5953719019889832,0.584077000617981,0.6195464730262756,0.6798752546310425,0.6206691265106201,0.64251309633255,0.6007884740829468,0.70557701587677,0.6063839793205261,0.6658160090446472,Badminton full court,0.6069101691246033,0.5038677155971527,0.0011226534843444824,Forehand_Backcourt
frame_9_full_court.jpg,0.53858482837677,0.4812767207622528,0.578630805015564,0.4903775751590729,0.5658029913902283,0.5849794149398804,0.5720025897026062,0.5898283123970032,0.5411758422851562,0.647581160068512,0.5947645902633667,0.6170080304145813,0.5084004402160645,0.7066993713378906,0.6108337640762329,0.7125212550163269,0.5040436387062073,0.7143851518630981,0.6253271102905273,0.7352898120880127,Badminton full court,0.5689027905464172,0.5874038636684418,0.10243332386016846,Forehand_Mid
frame_90_full_court.jpg,0.5948216915130615,0.3985725343227386,0.5634069442749023,0.3867997527122497,0.6032602190971375,0.5089076161384583,0.5851188898086548,0.5141514539718628,0.5648537278175354,0.6378326416015625,0.5742172598838806,0.6118112802505493,0.5840810537338257,0.6970319747924805,0.5820406079292297,0.6829352974891663,0.5559017658233643,0.7089618444442749,0.5630840063095093,0.7011827826499939,Badminton full court,0.5941895544528961,0.5115295350551605,0.0020404458045959473,Forehand_Backcourt
frame_91_full_court.jpg,0.5955467224121094,0.3868269324302673,0.5503861904144287,0.3790398240089416,0.5984867215156555,0.505800187587738,0.5724156498908997,0.5078505277633667,0.5897863507270813,0.6157480478286743,0.5492146015167236,0.5993900299072266,0.6030619740486145,0.6874077320098877,0.5350349545478821,0.6687433123588562,0.5654862523078918,0.7075633406639099,0.515972375869751,0.6919409036636353,Badminton full court,0.5854511857032776,0.5068253576755524,0.06802701950073242,Forehand_Backcourt
frame_92_full_court.jpg,0.5867804288864136,0.3914659917354584,0.5405721068382263,0.382915049791336,0.5823522806167603,0.5167937278747559,0.555476188659668,0.5168938040733337,0.5772482752799988,0.61618572473526,0.5277959704399109,0.6041200757026672,0.6000087857246399,0.665461003780365,0.5042088627815247,0.6801994442939758,0.5842030644416809,0.7068783640861511,0.4896056354045868,0.7073051333427429,Badminton full court,0.5689142346382141,0.5168437659740448,0.09579992294311523,Forehand_Backcourt
frame_93_full_court.jpg,0.5797998905181885,0.4174880385398865,0.5372528433799744,0.4154685139656067,0.568617045879364,0.5362841486930847,0.542309045791626,0.5331172347068787,0.5513988137245178,0.6161925196647644,0.5149810314178467,0.6086640357971191,0.5816006064414978,0.6650073528289795,0.5014588236808777,0.6832150220870972,0.5731559991836548,0.710029125213623,0.4875396192073822,0.7094770669937134,Badminton full court,0.555463045835495,0.5347006916999817,0.08014178276062012,Forehand_Mid
frame_94_full_court.jpg,0.5777464509010315,0.413003921508789,0.5456217527389526,0.4161733984947204,0.5714801549911499,0.5348749756813049,0.5491456985473633,0.5295719504356384,0.5414316654205322,0.6126402616500854,0.5213512182235718,0.6043718457221985,0.55531245470047,0.691516637802124,0.5027834177017212,0.6823033094406128,0.5375354886054993,0.7229163646697998,0.4878460168838501,0.7080114483833313,Badminton full court,0.5603129267692566,0.5322234630584717,0.05252903699874878,Recovery_Ready
frame_95_full_court.jpg,0.5720994472503662,0.4070554375648498,0.5547636151313782,0.4101237952709198,0.5769385099411011,0.5324053168296814,0.5666404366493225,0.5279864072799683,0.5430701375007629,0.6083942651748657,0.537949800491333,0.6022583842277527,0.5547417998313904,0.6956112384796143,0.520121693611145,0.6805022358894348,0.5341129302978516,0.7235550880432129,0.494022786617279,0.701073408126831,Badminton full court,0.5717894732952118,0.5301958620548248,0.03462010622024536,Forehand_Mid
frame_96_full_court.jpg,0.5715703964233398,0.393684446811676,0.5759922862052917,0.3928043842315674,0.584498405456543,0.5303711891174316,0.5818926095962524,0.5270386934280396,0.5560691952705383,0.6058692932128906,0.5510940551757812,0.5833362936973572,0.5562179088592529,0.6945850849151611,0.5350663065910339,0.6766014695167542,0.5332237482070923,0.7237161993980408,0.5250937938690186,0.7009007930755615,Badminton full court,0.5831955075263977,0.5287049412727356,0.021151602268218994,Forehand_Mid
frame_97_full_court.jpg,0.5755744576454163,0.390497475862503,0.5971378684043884,0.3879739344120025,0.5869771242141724,0.5249708294868469,0.6057923436164856,0.5239585041999817,0.5634670853614807,0.600968062877655,0.576647937297821,0.5817038416862488,0.5664713978767395,0.6959809064865112,0.5998649597167969,0.672408401966095,0.5420854687690735,0.7217521667480469,0.5828781723976135,0.6943374872207642,Badminton full court,0.596384733915329,0.5244646668434143,0.03339356184005737,Forehand_Mid
frame_98_full_court.jpg,0.5809897780418396,0.3942151665687561,0.6132023334503174,0.3900356888771057,0.5999492406845093,0.5307081937789917,0.6206336617469788,0.5287157297134399,0.5666595697402954,0.6085261106491089,0.6127948760986328,0.5848755240440369,0.5686935186386108,0.7073424458503723,0.6387231945991516,0.6658889055252075,0.5552238821983337,0.724827766418457,0.6350042819976807,0.6849073767662048,Badminton full court,0.610291451215744,0.5297119617462158,0.07002967596054077,Forehand_Mid
frame_99_full_court.jpg,0.5929175615310669,0.4025950133800506,0.6328481435775757,0.3984460532665252,0.6129817962646484,0.5358896851539612,0.6348952651023865,0.5330713987350464,0.5780101418495178,0.6095368266105652,0.6374415159225464,0.5910276770591736,0.571635901927948,0.7080194354057312,0.6649143695831299,0.6656771302223206,0.5584668517112732,0.7245368361473083,0.6666892766952515,0.687589168548584,Badminton full court,0.6239385306835175,0.5344805419445038,0.09327846765518188,Forehand_Mid
